Timestamp,Date,USDT,USDC,USTC,BUSD,DAI,FRAX,TUSD,LUSD,MIM,YUSD,NUSD,USDS,MAI,RAI,USX
1612310400,03/02/2021,,,,,1.9986806586417825,,2.0017822508670777,,,,,,,,
1612396800,04/02/2021,,,,,1.9986806586417825,,2.0017822508670777,,,,,,,,
1612483200,05/02/2021,,,,,1.9986806586417825,,2.0017822508670777,,,,,,,,
1612569600,06/02/2021,,,,,2.0033104479514883,,2.0010961538597605,,,,,,,,
1612656000,07/02/2021,,,,,3.5985891814774247,,1.992061914075083,,,,,,,,
1612742400,08/02/2021,,,,,3.5985891814774247,,1.992061914075083,,,,,,,,
1612828800,09/02/2021,,,,,102667.05324958198,,13.94443339852558,,,,,,,,
1612915200,10/02/2021,,,,,2186019.779129123,,501957.17528167774,,,,,,,,
1613001600,11/02/2021,,,,,3094492.9183394974,,501957.17528167774,,,,,,,,
1613088000,12/02/2021,,,,,3096871.2729638102,,499837.65904465975,,,,,,,,
1613174400,13/02/2021,,,,,3096871.2729638102,,499837.65904465975,,,,,,,,
1613260800,14/02/2021,,,,,3098567.959360496,,499837.65904465975,,,,,,,,
1613347200,15/02/2021,,,,,3540261.2499739383,,500545.0715637197,,,,,,,,
1613433600,16/02/2021,,,,,3903529.6519911815,,501505.9287603286,,,,,,,,
1613520000,17/02/2021,,,,,4091724.6358002415,,500504.95888136106,,,,,,,,
1613606400,18/02/2021,,,,,14182477.136298714,,500555.00737530936,,,,,,,,
1613692800,19/02/2021,,,,,13963339.844070923,,500680.3298133324,,,,,,,,
1613779200,20/02/2021,,,,,13775533.874414992,,500680.3298133324,,,,,,,,
1613865600,21/02/2021,,,,,13514202.3911875,,501520.76617684215,,,,,,,,
1613952000,22/02/2021,,,,,11802944.599799836,,501520.76617684215,,,,,,,,
1614038400,23/02/2021,,,,,10640123.933835894,,501520.76617684215,,,,,,,,
1614124800,24/02/2021,,,,,10575029.025852408,,502527.44120734476,,,,,,,,
1614211200,25/02/2021,,,,,10701220.673991393,,499581.9076580851,,,,,,,,
1614297600,26/02/2021,,,,,10678654.965365022,,499581.9076580851,,,,,,,,
1614384000,27/02/2021,,,,,10074975.4554381,,499581.9076580851,,,,,,,,
1614470400,28/02/2021,,,,,10321868.822371915,,506015.2829278171,,,,,,,,
1614556800,01/03/2021,,,,,10232142.219430223,,506015.2829278171,,,,,,,,
1614643200,02/03/2021,,,,,10441713.638443375,,501975.79005244386,,,,,,,,
1614729600,03/03/2021,,,,,11064140.977631705,,501975.79005244386,,,,,,,,
1614816000,04/03/2021,,,,,10944135.351539847,,532090.121449195,,,,,,,,
1614902400,05/03/2021,,,,,6671207.785203032,,532188.9241208412,,,,,,,,
1614988800,06/03/2021,,,,,6486844.282735643,,530891.3526339497,,,,,,,,
1615075200,07/03/2021,,,,,6606794.378913989,,530891.3526339497,,,,,,,,
1615161600,08/03/2021,,,,,6608799.647462069,,530891.3526339497,,,,,,,,
1615248000,09/03/2021,,,,,6596147.518346805,,533744.4036254284,,,,,,,,
1615334400,10/03/2021,,,,,6967661.058841496,,533744.4036254284,,,,,,,,
1615420800,11/03/2021,,,,,6823203.744240549,,530315.7860661482,,,,,,,,
1615507200,12/03/2021,,,,,6841667.486709057,,530315.7860661482,,,,,,,,
1615593600,13/03/2021,,,,,6868845.41307624,,530315.7860661482,,,,,,,,
1615680000,14/03/2021,,,,,7025054.973141526,,530688.8212430276,,,,,,,,
1615766400,15/03/2021,,,,,7014905.164015625,,530941.7832106893,,,,,,,,
1615852800,16/03/2021,,,,,6990181.655256008,,530941.7832106893,,,,,,,,
1615939200,17/03/2021,,,,,7000493.797881644,,530941.7832106893,,,,,,,,
1616025600,18/03/2021,,,,,6932500.134286919,,533247.5643878237,,,,,,,,
1616112000,19/03/2021,,,,,7046748.678833698,,533247.5643878237,,,,,,,,
1616198400,20/03/2021,,,,,7449660.053036798,,531402.2392988051,,,,,,,,
1616284800,21/03/2021,,,,,7351099.722069019,,531402.2392988051,,,,,,,,
1616371200,22/03/2021,,,,,7351099.722069019,,531402.2392988051,,,,,,,,
1616457600,23/03/2021,,,,,7022127.1546993805,,529838.216029792,,,,,,,,
1616544000,24/03/2021,,,,,6914719.185114999,,529281.93213275,,,,,,,,
1616630400,25/03/2021,,,,,6582250.072627297,,529281.93213275,,,,,,,,
1616716800,26/03/2021,,,,,6582250.072627297,,529281.93213275,,,,,,,,
1616803200,27/03/2021,,,,,6857140.5717893625,,531075.7086145446,,,,,,,,
1616889600,28/03/2021,,,,,6314509.233125861,,531075.7086145446,,,,,,,,
1616976000,29/03/2021,,,,,7182841.08165494,,530474.7052363331,,,,,,,,
1617062400,30/03/2021,,,,,7358946.949126602,,530474.7052363331,,,,,,,,
1617148800,31/03/2021,,,,,7154467.437271078,,530474.7052363331,,,,,,,,
1617235200,01/04/2021,,,,,7041608.040935524,,529987.0125799516,,,,,,,,
1617321600,02/04/2021,,,,,7051069.495849472,,532091.884838619,,,,,,,,
1617408000,03/04/2021,,,,,7055144.150903075,,532091.884838619,,,,,,,,
1617494400,04/04/2021,,,,,7155953.021442044,,532091.884838619,,,,,,,,
1617580800,05/04/2021,,,,,7156276.084231789,,531028.7797226977,,,,,,,,
1617667200,06/04/2021,,,,,7246128.781440582,,531028.7797226977,,,,,,,,
1617753600,07/04/2021,,,,,7556568.904179914,,529889.3123399089,,,,,,,,
1617840000,08/04/2021,,,,,7717093.633214591,,529889.3123399089,,,,,,,,
1617926400,09/04/2021,,,,,7761286.0577338375,,529889.3123399089,,,,,,,,
1618012800,10/04/2021,,,,,7733714.776269983,,531478.6256935669,,,,,,,,
1618099200,11/04/2021,,,,,7659642.631981438,,531673.9173992274,,,,,,,,
1618185600,12/04/2021,,,,,7394084.609415546,,531673.9173992274,,,,,,,,
1618272000,13/04/2021,,,,,6975683.352299329,,531673.9173992274,,,,,,,,
1618358400,14/04/2021,,,,,6938636.518700348,,531479.5349901917,,,,,,,,
1618444800,15/04/2021,,,,,7279642.050276007,,531479.5349901917,,,,,,,,
1618531200,16/04/2021,,,,,7250083.568122321,,530020.9727369183,,,,,,,,
1618617600,17/04/2021,,,,,6844835.609316767,,530020.9727369183,,,,,,,,
1618704000,18/04/2021,,,,,6677852.32784486,,530020.9727369183,,,,,,,,
1618790400,19/04/2021,,,,,6435586.383590189,,529484.3692206546,,,,,,,,
1618876800,20/04/2021,,,,,6457584.940023364,,529536.9917077612,,,,,,,,
1618963200,21/04/2021,,,,,6457584.940023364,,529536.9917077612,,,,,,,,
1619049600,22/04/2021,,,,,6156077.137003466,,529536.9917077612,,,,,,,,
1619136000,23/04/2021,,,,,6147743.912971106,,532000.3674691994,,,,,,,,
1619222400,24/04/2021,,,,,6147743.912971106,,532000.3674691994,,,,,,,,
1619308800,25/04/2021,,,,,6149749.907793457,,530858.2315182037,,,,,,,,
1619395200,26/04/2021,,,,,5972414.71088892,,530858.2315182037,,,,,,,,
1619481600,27/04/2021,,,,,6267885.162866376,,530858.2315182037,,,,,,,,
1619568000,28/04/2021,,,,,6249480.5895254975,,529929.716120165,,,,,,,,
1619654400,29/04/2021,,,,,6280147.245636878,,530433.9547199659,,,,,,,,
1619740800,30/04/2021,,,,,6011600.978375178,,530433.9547199659,,,,,,,,
1619827200,01/05/2021,,,,,6363101.493340169,,530433.9547199659,,,,,,,,
1619913600,02/05/2021,,,,,6709145.3882399965,,535714.3273039265,,,,,,,,
1620000000,03/05/2021,,,,,6792525.323764101,,535714.3273039265,,,,,,,,
1620086400,04/05/2021,,,,,7266945.394789774,,533215.1882654201,,,,,,,,
1620172800,05/05/2021,,,,,7336939.344093531,,533215.1882654201,,,,,,,,
1620259200,06/05/2021,,,,,7972820.55301288,,538193.2041014959,,,,,,,,
1620345600,07/05/2021,,,,,10207647.899840973,,540633.8740675915,,,,,,,,
1620432000,08/05/2021,,,,,11718612.689624075,,531926.5032860402,,,,,,,,
1620518400,09/05/2021,,,,,14068252.31185846,,531926.5032860402,,,,,,,,
1620604800,10/05/2021,,,,,13660425.215490837,,531926.5032860402,,,,,,,,
1620691200,11/05/2021,,,,,13702693.935688144,,531948.6028096486,,,,,,,,
1620777600,12/05/2021,,,,,13358778.947205143,,531948.6028096486,,,,,,,,
1620864000,13/05/2021,,,,,12106126.639728175,,536158.2265992222,,,,,,,,
1620950400,14/05/2021,,,,,11387721.45050289,,536158.2265992222,,,,,,,,
1621036800,15/05/2021,,,,,11192741.258652486,,536158.2265992222,,,,,,,,
1621123200,16/05/2021,,,,,12314641.396829512,,529006.159706558,,,,,,,,
1621209600,17/05/2021,,,,,11742565.00590656,,529006.159706558,,,,,,,,
1621296000,18/05/2021,,,,,11984431.993307436,,530006.4697804464,,,,,,,,
1621382400,19/05/2021,,,,,11355178.064451244,,530006.4697804464,,,,,,,,
1621468800,20/05/2021,,,,,11066690.922130892,,530006.4697804464,,,,,,,,
1621555200,21/05/2021,,,,,11238425.488133207,,529625.4806379745,,,,,,,,
1621641600,22/05/2021,,,,,10678959.097352387,,529625.4806379745,,,,,,,,
1621728000,23/05/2021,,,,,9672617.56882417,,531087.1693229646,,,,,,,,
1621814400,24/05/2021,,,,,9659376.471107217,,531087.1693229646,,,,,,,,
1621900800,25/05/2021,,,,,9659376.471107217,,531087.1693229646,,,,,,,,
1621987200,26/05/2021,,,,,9653667.7794699,,530344.0674506641,,,,,,,,
1622073600,27/05/2021,,,,,8989221.838791482,,531208.2036372187,,,,,,,,
1622160000,28/05/2021,,,,,8998083.157860113,,601243.8753492587,,,,,,,,
1622246400,29/05/2021,,,,,8634447.09850102,,601243.8753492587,,,,,,,,
1622332800,30/05/2021,,,,,8609699.641596925,,600599.7734915545,,,,,,,,
1622419200,31/05/2021,,,,,8123331.563531683,,600599.7734915545,,,,,,,,
1622505600,01/06/2021,,,,,8134647.285366839,,601566.3291156508,,,,,,,,
1622592000,02/06/2021,,,,,8106724.106439651,,601566.3291156508,,,,,,,,
1622678400,03/06/2021,,,,,8018950.822073321,,601566.3291156508,,,,,,,,
1622764800,04/06/2021,,,,,8090950.361720489,,601860.7244578645,,,,,,,,
1622851200,05/06/2021,,,,,8014734.933094946,,602568.4968185805,,,,,,,,
1622937600,06/06/2021,,,,,8012874.281604791,,602568.4968185805,,,,,,,,
1623024000,07/06/2021,,,,,8012874.281604791,,602568.4968185805,,,,,,,,
1623110400,08/06/2021,,,,,7774124.076842466,,596508.2008102031,,,,,,,,
1623196800,09/06/2021,,,,,7662534.885623598,,596508.2008102031,,,,,,,,
1623283200,10/06/2021,,,,,7559795.299933768,,598614.9800279366,,,,,,,,
1623369600,11/06/2021,,,,,7445891.36209291,,598614.9800279366,,,,,,,,
1623456000,12/06/2021,,,,,7364984.501046796,,598614.9800279366,,,,,,,,
1623542400,13/06/2021,,,,,7345422.227353227,,601995.6172516166,,,,,,,,
1623628800,14/06/2021,,,,,7300303.8031092305,,603264.7825018733,,,,,,,,
1623715200,15/06/2021,,,,,7300303.8031092305,,603264.7825018733,,,,,,,,
1623801600,16/06/2021,,,,,7168079.099388941,,603264.7825018733,,,,,,,,
1623888000,17/06/2021,,,,,7101713.231229074,,600717.9718789898,,,,,,,,
1623974400,18/06/2021,,,,,7071710.302744027,,594513.5606830097,,,,,,,,
1624060800,19/06/2021,,,,,7052788.796833888,,594226.1603460171,,,,,,,,
1624147200,20/06/2021,,,,,7055837.879879706,,594226.1603460171,,,,,,,,
1624233600,21/06/2021,,,,,7016620.671326877,,594226.1603460171,,,,,,,,
1624320000,22/06/2021,,,,,6866827.408053115,,594923.9859516724,,,,,,,,
1624406400,23/06/2021,,,,,6827912.235116094,,597009.3210675755,,,,,,,,
1624492800,24/06/2021,,,,,6804370.586703105,,597009.3210675755,,,,,,,,
1624579200,25/06/2021,,,,,6752369.521907602,,597009.3210675755,,,,,,,,
1624665600,26/06/2021,,,,,6515724.986510547,,596598.7195779127,,,,,,,,
1624752000,27/06/2021,,,,,6515555.882105133,,596598.7195779127,,,,,,,,
1624838400,28/06/2021,,,,,6555834.058986581,,597348.3844936913,,,,,,,,
1624924800,29/06/2021,,,,,6555834.058986581,,597348.3844936913,,,,,,,,
1625011200,30/06/2021,,,,,6555469.542062187,,597348.3844936913,,,,,,,,
1625097600,01/07/2021,,,,,6582360.846698858,,597155.4299494609,,,,,,,,
1625184000,02/07/2021,,,,,6608623.677303493,,597269.4134082217,,,,,,,,
1625270400,03/07/2021,,,,,6583514.939476693,,597269.4134082217,,,,,,,,
1625356800,04/07/2021,,,,,6584576.085651579,,597269.4134082217,,,,,,,,
1625443200,05/07/2021,,,,,6598129.321195599,,595995.6717469383,,,,,,,,
1625529600,06/07/2021,,,,,6728146.874400876,,594928.6675480383,,,,,,,,
1625616000,07/07/2021,,,,,6857085.512256183,,593102.6984687856,,,,,,,,
1625702400,08/07/2021,,,,,6869103.320934675,,592013.3196757926,,,,,,,,
1625788800,09/07/2021,,,,,6869103.320934675,,592013.3196757926,,,,,,,,
1625875200,10/07/2021,,,,,6811446.901975866,,592942.2046018044,,,,,,,,
1625961600,11/07/2021,,,,,6736035.716347078,,591985.6113173682,,,,,,,,
1626048000,12/07/2021,,,,,6746057.326722966,,591985.6113173682,,,,,,,,
1626134400,13/07/2021,,,,,6774305.6022709105,,591985.6113173682,,,,,,,,
1626220800,14/07/2021,,,,,6791439.91597626,,592008.7145194485,,,,,,,,
1626307200,15/07/2021,,,,,6791439.91597626,,590062.9678292766,,,,,,,,
1626393600,16/07/2021,,,,,6820143.363473923,,589162.2158605258,,,,,,,,
1626480000,17/07/2021,,,,,6827178.719361342,,588038.0507143689,,,,,,,,
1626566400,18/07/2021,,,,,6830325.300512182,,586924.5390779759,,,,,,,,
1626652800,19/07/2021,,,,,6869006.371261128,,590358.438637401,,,,,,,,
1626739200,20/07/2021,,,,,7010180.872180852,,590506.995267092,,,,,,,,
1626825600,21/07/2021,,,,,7283618.606597742,,589432.0044938674,,,,,,,,
1626912000,22/07/2021,,,,,7319459.491962528,,589432.0044938674,,,,,,,,
1626998400,23/07/2021,,,,,,,588676.4892950658,,,,,,,,
1627084800,24/07/2021,,,,35.003806127837045,7378642.129253735,,588676.4892950658,,,,,,,,
1627171200,25/07/2021,317.01128910163953,,,35.18690462746642,7414928.8385114595,,592160.870978181,,,,,,,,
1627257600,26/07/2021,317.01128910163953,,,35.18690462746642,6977580.378994411,,576521.9880378715,,,,,,,,
1627344000,27/07/2021,244.1258177762372,,,35.18690462746642,7017323.665613694,,576521.9880378715,,,,,,,,
1627430400,28/07/2021,293.13335945291055,,,34.94235875379132,7030800.134037051,,572351.0479400876,,,,,,,,
1627516800,29/07/2021,292.83040047972725,,,34.905165105299616,7160213.666347763,,584052.1905704896,,,,,,,,
1627603200,30/07/2021,2844.2362387621592,,,39.90416639177851,7146737.235857653,,584052.1905704896,,,,,,,,
1627689600,31/07/2021,2828.4141410700095,,,39.90416639177851,7145260.430161609,,584052.1905704896,,,,,,,,
1627776000,01/08/2021,5931.812513170177,,,39.824786337023376,7162378.104445091,,585388.6389230576,,,,,,,,
1627862400,02/08/2021,13333.000062809133,,,39.824786337023376,7241305.645539816,,585388.6389230576,,,,,,,,
1627948800,03/08/2021,340625.6617695424,,,39.82701134885997,7194476.307549455,,586256.2578356804,,,,,,,,
1628035200,04/08/2021,581658.566548768,,,39.82701134885997,7082804.635989281,,586256.2578356804,,,,,,,,
1628121600,05/08/2021,583903.6193037725,,,39.82701134885997,6942087.606372734,,586256.2578356804,,,,,,,,
1628208000,06/08/2021,583559.2770643169,,,39.8723677857647,6884735.910889009,,585207.9781286505,,,,,,,,
1628294400,07/08/2021,504555.66414080356,,,40.04871623612384,6886490.353977398,,585881.9857579132,,,,,,,,
1628380800,08/08/2021,555921.346023833,,,40.04871623612384,6873568.229285532,,584484.0399209437,,,,,,,,
1628467200,09/08/2021,615904.1618745591,,,40.04871623612384,6875648.900924292,,584484.0399209437,,,,,,,,
1628553600,10/08/2021,686416.7619905807,,,39.91755435676472,6938359.004826532,,582096.8501900486,,,,,,,,
1628640000,11/08/2021,699014.5646903872,,,39.91755435676472,6972660.602872465,,582096.8501900486,,,,,,,,
1628726400,12/08/2021,684811.5695171864,,,39.95539150056501,6967147.526265555,,580018.4672343107,,,,,,,,
1628812800,13/08/2021,919554.4155291108,,,36299.969991833386,6961580.178280916,,580018.4672343107,,,,,,,,
1628899200,14/08/2021,968177.9265185323,,,36392.06969261546,6974053.827625565,,580018.4672343107,,,,,,,,
1628985600,15/08/2021,1077793.442708565,,,36330.44994473725,7026765.837349833,,579320.0322190005,,,,,,,,
1629072000,16/08/2021,1441716.2670104753,,,36379.56879100205,7015166.263860329,,577006.1994152832,,,,,,,,
1629158400,17/08/2021,4045269.6847137525,,,36576.628617253664,6945159.819149579,,574039.5018293811,,,,,,,,
1629244800,18/08/2021,6379144.227380363,,,36691.29234091056,6958005.122614025,,571939.4503049095,,,,,,,,
1629331200,19/08/2021,13529082.397240125,,,43364.911549660304,15200409.132436147,,570480.3152424829,,,,,,,,
1629417600,20/08/2021,18988862.80611979,,,43754.33851666771,41301686.466889985,,568440.1129089472,,,,,,,,
1629504000,21/08/2021,37926703.32589279,,,46213.70459287854,106329840.20835936,,563276.5693567673,,,,,,,,
1629590400,22/08/2021,46900610.301387414,,,37766.70676327193,112929271.67165697,,563276.5693567673,,,,,,,,
1629676800,23/08/2021,66639881.53262004,,,40862.80500556559,120210590.02250534,,563276.5693567673,,,,,,,,
1629763200,24/08/2021,96741969.14600281,,,40017.21533156857,168890039.74193504,,564243.3933594661,,,,,,,,
1629849600,25/08/2021,124302155.90373105,7784702.947043883,,40523.12864474744,207265844.78673804,,565061.0827855571,,,,,,,,
1629936000,26/08/2021,130844208.79778455,14589745.260392876,,42700.574234361186,205074068.4903412,,610061.1021203779,,,,,,,,
1630022400,27/08/2021,168343406.81310952,29398206.726584382,,253673.35333754163,210431489.9170883,,622061.1072763301,,190860.23886743776,,,,,,
1630108800,28/08/2021,186507111.58934152,43252455.96417083,,489038.20359944616,226534720.77893916,,636769.4630081126,,337895.0188720174,,,,,,
1630195200,29/08/2021,194162296.78500324,47636928.70764626,,525194.0673829409,229125183.29070878,,636769.4630081126,,1586409.507455416,,,,,,
1630281600,30/08/2021,195859815.2497156,48955250.349614576,,525633.4424844688,227559444.31490588,,613770.912316933,,2927827.7577657737,,,,,,
1630368000,31/08/2021,170852500.81913888,115353335.3091665,,526858.265289306,214160635.3224039,,661504.2285571402,,4176023.8947496735,,,,,,
1630454400,01/09/2021,191348414.66263634,110781170.97141959,,526876.1899472098,197117197.0332,,662997.9395177136,,5608267.6343611935,,,,,,
1630540800,02/09/2021,187796572.72621602,115621805.75793189,,260370.66344055772,167622443.6959453,,662802.5277021853,,6204260.842080068,,,,,,
1630627200,03/09/2021,189278208.95121196,123781246.27702366,,502518.6095038451,165634572.35322034,,664281.605316138,,7769360.7339924015,,,,,,
1630713600,04/09/2021,180165103.32322472,138010139.644055,,502531.6142267759,166709011.61115986,,664281.605316138,,7340149.829004727,,,,,,
1630800000,05/09/2021,178302007.72770798,134958815.05220452,,249877.88790450778,166902486.0433016,,664281.605316138,,6888874.823180444,,,,,,
1630886400,06/09/2021,175793988.16965625,130170128.82834794,,258895.30536014982,160206173.70952156,,654703.7098959871,,7413904.6894602645,,,,,,
1630972800,07/09/2021,164173096.35014763,113871385.11494218,,266153.1367275779,155576548.09731165,,654703.7098959871,,5801990.508247026,,,,,,
1631059200,08/09/2021,158266954.02322155,155781503.21497977,,312968.88733428967,154251581.5461412,,661893.96204197,,24242815.886733048,,,,,,
1631145600,09/09/2021,157341610.05352995,151537238.81322768,,307552.6074137782,151805641.22646472,,661893.96204197,,23904629.382739782,,,,,,
1631232000,10/09/2021,163120052.00991145,155227600.60506672,,309085.0408829478,153557652.7936893,,661893.96204197,,25079036.486450877,,,,,,
1631318400,11/09/2021,171192058.6755324,150849754.13283432,,345583.98630076164,143032878.65698588,,657915.7074004523,,25974110.611443613,,,,,,
1631404800,12/09/2021,188174714.28636375,163763017.45738357,,347433.62076613575,153585461.31193796,,643121.4169942631,,26410035.546631046,,,,,,
1631491200,13/09/2021,193843072.77334505,177180251.23228875,,401520.79403246444,157068493.94313252,,641623.1240105847,,26070962.18274666,,,,,,
1631577600,14/09/2021,197505071.3149884,191400866.44366467,,401047.29905416723,159991178.78544533,,641643.101250367,,27381708.05007971,,,,,,
1631664000,15/09/2021,200920942.48673177,220126151.89720765,,401582.15184934175,158585148.78752473,,1446611.4145260039,,27573849.888077334,,,,,,
1631750400,16/09/2021,214892771.7081244,222731717.9011688,,407036.3228491154,164107592.38520396,,1446611.4145260039,,28339088.589664254,,,,,,
1631836800,17/09/2021,232269058.43044698,238001055.76890516,,380323.51058428007,171323591.82693887,,1449487.6579791538,,28742736.442542274,,,,,,
1631923200,18/09/2021,245982494.57601616,261299668.68919992,,390536.8637128101,178733968.42196253,250748.42826067435,1450704.0776993278,,31021162.20268118,,,,,,
1632009600,19/09/2021,270875186.23203325,298392243.6379711,,441527.99400416686,178539449.71767926,250748.42826067435,1450704.0776993278,,32278994.86167606,,,,,,
1632096000,20/09/2021,299117747.8849437,313568151.165398,,445164.2318287898,176995807.0271609,250842.32522090297,1430452.8995331863,,32186761.576014504,,,,,,
1632182400,21/09/2021,263320957.29151627,304099605.39389306,,441441.5111386378,171561125.7630156,248896.26203152828,1462334.19912998,,31589393.470985312,,,,,,
1632268800,22/09/2021,273173440.25520724,312243295.75980824,,422285.39287444006,175640304.308819,248896.26203152828,1462334.19912998,,12145207.097953396,,,,,,
1632355200,23/09/2021,289558857.08669424,333692193.7169729,,412467.9721390065,184561505.96867368,248896.26203152828,1462334.19912998,,16094080.163712654,,,,,,
1632441600,24/09/2021,372855677.95191926,392349926.6829484,,413780.6634074867,187744829.61933246,250275.17288290372,1472695.04499158,,15786327.348382141,,,,,,
1632528000,25/09/2021,366758312.91124564,413440715.9544461,,361896.68585808686,187435409.8344597,250275.17288290372,1472695.04499158,,15880679.475651616,,,,,,
1632614400,26/09/2021,368122287.32013965,412652898.71660423,,345964.0235834496,187415723.01397014,252063.03509866467,1476857.0179905803,,16314495.285083305,,,,,,
1632700800,27/09/2021,365381110.68231004,415323765.6637411,,345964.0235834496,191702579.9591377,252063.03509866467,1476857.0179905803,,17117368.586637553,,,,,,
1632787200,28/09/2021,366610717.65849316,425019232.0540803,,333223.14006747096,193525837.9229395,252063.03509866467,1476857.0179905803,,17178925.075271163,,,,,,
1632873600,29/09/2021,362457581.5293731,438094426.50948423,,330753.95422691794,190121799.03400832,248221.85285192245,1461525.9595717075,,17172299.590413466,,,,,,
1632960000,30/09/2021,362374965.44416046,440264330.7693956,,333080.22583688016,193431207.22492623,249745.93977441924,1471187.181716544,,18751883.854996275,,,,,,
1633046400,01/10/2021,357166198.144633,440445388.2655278,,333389.9970596119,196755287.46590933,249745.93977441924,1471187.181716544,,24303305.15454505,,,,,,
1633132800,02/10/2021,352400821.85987365,448477180.22557044,,324787.75610798545,198142870.79320455,249745.93977441924,1479882.5518127957,,26689789.925363775,,,,,,
1633219200,03/10/2021,352990093.0111232,448263034.2422369,,295535.2852166776,197578355.30256334,248294.67238606367,1478737.2991839682,,27954903.21356023,,,,,,
1633305600,04/10/2021,346585637.7582166,441239620.1699006,,296010.00155348185,197305241.4896854,248294.67238606367,1473543.320259255,,47941076.39003782,,,,,,
1633392000,05/10/2021,379490593.34705985,391394560.41542226,,298456.33146751963,189752164.49942857,251347.41706627712,1470910.3083615697,,46938804.51280606,,,,,,
1633478400,06/10/2021,380907958.5741414,423072628.15728414,,298471.85239662597,218492920.0642371,251347.41706627712,1470910.3083615697,,47121763.59612408,,,,,,
1633564800,07/10/2021,347749972.7978695,413271269.7643849,,298711.53171058936,209108878.0595015,251347.41706627712,1470910.3083615697,,47408183.18185254,,,,,,
1633651200,08/10/2021,284570893.1732942,494112950.49221516,,306046.86634656857,208703864.93766275,249121.890451977,1471493.5114195063,,50132174.68335954,,,,,,
1633737600,09/10/2021,298402569.99113584,523650022.28205776,,299886.2646002283,241069049.86024383,747368.1625872917,1471493.5114195063,,49530389.59876729,,,,,,
1633824000,10/10/2021,317423997.0291932,554161415.5231849,,300054.4181193384,239623263.24627024,750612.0155449827,1470120.4359886136,,51443929.36357681,,,,,,
1633910400,11/10/2021,352582983.6463264,574663649.2039464,,207129.04651736145,240630262.46183908,751109.8867322161,1470120.4359886136,,53070239.11007811,,,,,,
1633996800,12/10/2021,350883431.38133055,574273699.2516192,,208564.11627853272,257174374.97894973,767051.0311221831,1470120.4359886136,,56387686.34874828,,,,,,
1634083200,13/10/2021,490077026.1588282,620625909.5293075,,218437.25559398794,255488661.33661738,795063.3345946181,1473948.57073635,,58563956.037655756,,,,,,
1634169600,14/10/2021,484346832.22526854,646576269.1399223,,225125.4338144663,253414349.570297,796070.4392458636,1458048.9281178387,,109899750.02585816,,,,,,
1634256000,15/10/2021,422000926.1606697,700206153.2125759,,216844.27097222026,263126824.85967928,791424.2945975474,1432998.5945772945,,111498909.42665336,,,,,,
1634342400,16/10/2021,342800616.6116778,697949726.6559331,,207393.65465474318,271107678.01411355,5644140.235944507,1432998.5945772945,,112563101.97561602,,,,,,
1634428800,17/10/2021,347689908.728034,679544804.4423798,,207703.12198112888,270346052.20711505,5644245.405286772,1432998.5945772945,,113660063.05552414,,,,,,
1634515200,18/10/2021,354307867.0462333,654369185.3838247,,157939.61098828714,270652599.17653483,5713031.16485731,1428810.0758756967,,114409759.10732979,,,,,,
1634601600,19/10/2021,365242926.9630017,661706220.2039928,,156641.30459149784,293593856.63061315,5673883.854440824,1428141.3724072985,,115788633.6979543,,,,,,
1634688000,20/10/2021,358602975.91700554,655382456.2160152,,156641.30459149784,294763487.3876782,5674092.945604302,1428141.3724072985,,119282227.8074506,,,,,,
1634774400,21/10/2021,364470593.31365216,641587782.3020357,,136740.0508173932,305215611.4863397,5711398.377813403,1406102.9092097008,,121474153.12352397,,,,,,
1634860800,22/10/2021,369636318.9470475,654466858.209401,,116884.86437453442,320315592.4906461,5782522.333025726,1409445.1550780358,,123325144.08175163,,,,,,
1634947200,23/10/2021,374210189.6696655,675701938.9352721,,126854.9376033861,316883129.01764905,5794623.012028016,1409445.1550780358,,125145788.62712584,,,,,,
1635033600,24/10/2021,359634029.12685,638439787.5825274,,117235.90705402302,323930626.3133228,6018524.708145426,1403377.0075888736,,128475983.19785698,,,,,,
1635120000,25/10/2021,354442745.93511134,643121089.5742006,,118090.52532244964,318849014.19947535,6048571.534501481,1403377.0075888736,,130850436.62237883,,,,,,
1635206400,26/10/2021,363982289.0309426,675608139.2525302,,118164.17488325057,337297052.5484893,6979544.754408932,1403377.0075888736,,156458975.9618577,,,,,,
1635292800,27/10/2021,351168994.4002473,670194940.0891346,,117736.2823740233,340816147.68978494,6674099.385298048,1404219.0453643252,,154898938.82160777,,,,,,
1635379200,28/10/2021,353505190.4703335,672064384.8907104,,117755.81642784618,344689385.52262664,6980297.272959793,1396656.6452971564,,161655533.41675138,,,,,,
1635465600,29/10/2021,351678332.8086857,669096594.242685,,118731.36161457852,334443038.92449695,6931025.915857379,1396656.6452971564,,164878730.8031264,,,,,,
1635552000,30/10/2021,347957943.662663,676388848.234434,,118929.58175134072,342538738.3844498,6881168.583645992,1396656.6452971564,,165126758.16632637,,,,,,
1635638400,31/10/2021,343802851.5769469,665659287.3195764,,119128.3106069757,341377572.3020749,6712360.670617537,1395687.785237073,,167920062.26237687,,,,,,
1635724800,01/11/2021,347322370.5486496,653309311.9456482,,119128.3106069757,330827247.3414028,6766209.371944999,1395687.785237073,,170854793.310901,,,,,,
1635811200,02/11/2021,344793740.39268225,660108741.5869964,,122586.39918218495,325057597.11086595,6943642.856249137,1394890.0426088457,,175342111.62170538,,,,,,
1635897600,03/11/2021,326449321.76970786,619288651.1355225,,123843.14133001762,324463103.95543903,7172172.242856475,1396893.653849943,,180521330.3092074,,,,,,
1635984000,04/11/2021,332407126.5713933,650800880.6132004,,124192.16313245584,324447662.3044582,7434936.476741739,1396893.653849943,,189993696.31178793,,,,,,
1636070400,05/11/2021,331000234.8296511,647915172.7424012,,124440.27413579864,326171281.37764424,7187885.761346619,1399330.700788067,,182876413.59766558,,,,,,
1636156800,06/11/2021,331981712.249219,654444754.5421736,,124180.25687088688,322575546.4306941,7143978.241481866,1397694.0498409318,,185559848.241057,,,,,,
1636243200,07/11/2021,349201652.4926865,659111325.977629,,124306.57809647289,326108733.2660529,7218329.340963196,1397694.0498409318,,190871610.1634017,,,,,,
1636329600,08/11/2021,372020336.1555137,708336322.8500689,,124431.88068678822,333672106.7408012,7394960.563156933,1390376.6784842236,,198263717.8872873,,,,,,
1636416000,09/11/2021,465459443.2159162,876908357.8487769,,124300.33113182442,376039730.3141883,7863319.746731231,1387470.4813797502,,180751626.0776911,,,,,,
1636502400,10/11/2021,467759837.6528442,859181840.0150497,,124303.33393624969,365972889.5008753,7781055.660021427,1578166.7077963068,,196041626.37778994,,,,,,
1636588800,11/11/2021,459548658.83241576,828895494.3403107,,124436.88326230212,379247177.1594072,7920938.7061844375,1577040.0555813222,,178963696.20153308,,,,,,
1636675200,12/11/2021,459471972.1234887,840100288.0882877,,130851.54160869372,381117726.7165913,9078590.838746542,1577040.0555813222,,182625848.50770822,,,,,,
1636761600,13/11/2021,465675680.6105895,851479592.0372716,,142434.34487034194,394403214.51654,9083727.910820205,1677190.6978545955,,183982167.641676,,,,,,
1636848000,14/11/2021,474666191.09046096,853162617.9832048,,132995.1941130301,391615287.95775557,9031658.228036894,1681629.6160993262,,183252401.61494812,,,,,,
1636934400,15/11/2021,485950840.8923052,849588321.1970394,,132679.54046347973,387059898.8335587,8318958.010579048,1677228.9849039114,,186539062.94864154,,,,,,
1637020800,16/11/2021,517465612.46094245,890806597.6526749,,129179.15477159331,386529781.2105918,7825759.531062997,1777381.9134244104,,234420186.4637994,,,,,,
1637107200,17/11/2021,567044424.8127803,959498376.0901327,,125086.45765042728,388938276.90530485,7716981.237884159,1777582.2192814515,,251368201.34914196,,,,,,
1637193600,18/11/2021,593487694.0657068,1015772138.6549011,,132072.05215175453,394818320.2969623,7742117.896681929,1849341.5356669063,,284573837.5225153,,,,,,
1637280000,19/11/2021,594407525.2626793,1026498650.6006768,,143116.24196250303,398315040.40143585,8797694.319644846,1933717.0379494221,,294859821.6603074,,,,,,
1637366400,20/11/2021,603491822.9934852,1113320016.3493018,,142948.8548349621,399492132.9538741,9192883.924794508,2022525.3681120868,,306187736.34812194,,,,,,
1637452800,21/11/2021,619037255.8940008,1180696999.2870946,,134412.85536709655,432800042.24720275,9113101.796687385,2001721.2721417216,,286545000.40250057,,,,,,
1637539200,22/11/2021,651276927.5054721,1215722335.3940973,,128946.4404909709,439523546.1803356,8781167.771574311,2001721.2721417216,,304342629.54463434,,,,,,
1637625600,23/11/2021,669066624.2774858,1236118513.045209,,118612.5779402342,460170860.08184826,8729529.676197564,2141926.17210269,,327973012.0217894,,,,,,
1637712000,24/11/2021,687327442.2283223,1334005881.1173449,,113228.9802003826,483133024.72619647,9986232.574078921,7171213.821658402,,340467763.61400265,,,,,,
1637798400,25/11/2021,673000749.3431566,1429376132.5531173,,113228.9802003826,498384987.7967742,11793884.930978362,7151180.18447296,,457766297.62471247,,,,,,
1637884800,26/11/2021,661019892.0346826,1407132998.4417984,,113361.37294104457,507909092.76710975,11857490.032060945,7156198.6105879145,,457488980.0733285,,,,,,
1637971200,27/11/2021,670051858.0631243,1421626305.3604875,,112652.2343271722,519667347.33449167,11842705.7907242,7148694.051425795,,453018289.75575566,,,,,,
1638057600,28/11/2021,687832013.6906403,1434124013.207445,,112876.44465164767,526769836.9242911,11565140.905650623,7148694.051425795,,453592249.34460723,,,,,,
1638144000,29/11/2021,667421408.7931368,1421835627.3808122,,113209.1346190249,541041463.3990959,12349987.034776703,7160127.808464832,,452747070.18848383,,,,,,
1638230400,30/11/2021,660642902.628922,1432475117.9259048,,113212.11787196572,553753245.0724543,12144790.343217442,6160260.670480064,,458768478.96770966,,,,,,
1638316800,01/12/2021,662872935.3345729,1430808485.0759091,,115917.3736265734,560927467.5546559,12190390.136878237,6253205.385060256,,462878602.5744954,,,,,,
1638403200,02/12/2021,687823490.6123141,1492227586.9620461,,116203.43600477402,579284728.9578623,12005264.175304096,6252520.357136668,,485838438.80862147,,,,,,
1638489600,03/12/2021,693950049.8979648,1505699333.3676887,,116472.93347499258,578163666.7659378,11903969.727212837,6255208.307591354,,483893571.6102199,,,,,,
1638576000,04/12/2021,661176110.983601,1467324579.4139402,,116125.96635593826,601641104.3057123,10896625.789702961,6253762.9314438505,,521358512.3479145,,,,,,
1638662400,05/12/2021,641408612.3538849,1446766891.2742383,,116608.1285976092,590620417.5809969,10675525.543045172,6253762.9314438505,,596728078.8362801,,,,,,
1638748800,06/12/2021,662685318.954538,1451894595.3367772,,116508.44019007843,592381702.6545137,10409151.06307014,6254484.425405642,,585035556.552687,,,,,,
1638835200,07/12/2021,681476586.5552279,1467899817.0825624,,116508.44019007843,595574195.7385724,10625994.216557657,6254484.425405642,,601878649.3635762,,,,,,
1638921600,08/12/2021,700142725.0674615,1458258675.6993484,,116847.9651012915,607724693.9631655,10644900.333883261,6248926.620583195,,608055612.7917013,,,,,,
1639008000,09/12/2021,706308641.7428032,1469511083.638288,,117879.76758493605,611115839.0233256,10724756.971134616,6248926.620583195,,613137613.9904697,,,,,,
1639094400,10/12/2021,706086295.1177882,1471426813.6332371,,117879.76758493605,610095160.0519629,10625925.713738302,6248926.620583195,,683234936.1045902,,,,,,
1639180800,11/12/2021,712275877.8665265,1318609421.4015558,,127493.87061929241,599350122.4853873,10595118.866125086,6220756.577495335,,681670809.4156593,,,,,,
1639267200,12/12/2021,716679645.4176686,1321807465.780166,,127620.10767553504,586545381.7089994,9675401.428072821,6243487.185610859,,684107061.8925084,,,,,,
1639353600,13/12/2021,720861450.6930656,1305855218.1622708,,127707.08586417785,586270081.8211058,9599759.351008056,6243487.185610859,,687662399.9993436,,,,,,
1639440000,14/12/2021,713098517.0354602,1323375272.6610134,,127707.08586417785,563118756.5524732,9491682.376473945,6242409.678135544,,683361481.1419691,,,,,,
1639526400,15/12/2021,729758971.5182179,1349182368.0256155,,131536.44558521468,560780264.5147932,9484348.551289551,6266330.343688203,,691957239.2772274,,,,,,
1639612800,16/12/2021,658144779.9713893,1272974831.745883,,131539.4757412104,548851512.4009471,9224991.402400298,6259022.531217791,,712526087.3043097,,,,,,
1639699200,17/12/2021,664931439.8464396,1267534065.8343508,,134635.25370787154,553236505.0494579,9101451.651945872,6216015.054987537,,733112549.3458238,,,,,,
1639785600,18/12/2021,687089127.375983,1286966711.870453,,134884.9757246804,607232603.8541446,8540601.821547873,6216015.054987537,,749608670.8661047,,,,,,
1639872000,19/12/2021,686078937.6657434,1324316381.5678146,,134961.1634331652,606303127.009327,8583374.334448786,6216015.054987537,,745447151.6909274,,,,,,
1639958400,20/12/2021,717673555.0932106,1344536568.7160509,,134824.2326141951,606218380.3776124,8578433.6609949,6207764.696252307,,740606098.5782132,,,,,,
1640044800,21/12/2021,711482556.0974317,1367277232.475669,,135563.01200678758,607340110.8397763,8515575.899786737,6230155.519931361,,765718914.1729728,,,,,,
1640131200,22/12/2021,706896219.0118284,1373133581.9239159,1005117.0015546387,141144.26590296984,595762920.2779087,9145131.25715265,6230155.519931361,,794326686.1393955,,,,,,
1640217600,23/12/2021,699707238.7146567,1375043117.296983,1005117.0015546387,141147.28186858434,590381539.9422408,9062383.00207296,6230155.519931361,,800105438.1815649,,,,,,
1640304000,24/12/2021,671399001.5088311,1381199268.3730829,903936.5381418361,141214.05300941644,589017436.7219197,9483904.109926406,6238049.110125492,,804395028.7716565,,,,,,
1640390400,25/12/2021,658274018.8054343,1390693229.706628,854378.4424772918,141214.05300941644,587130460.8558898,9376038.397668272,6227889.328013947,,801584499.2749506,,,,,,
1640476800,26/12/2021,654923225.8604623,1393609527.7833576,943822.1453399803,140917.52744651394,583512125.722865,9266285.888664424,6220363.850673338,,798963386.7334803,,,,,,
1640563200,27/12/2021,654194747.2895913,1405081105.786679,961092.9199541386,140672.1711995724,583838399.7557243,9358955.114482172,6220363.850673338,,794053964.8433948,,,,,,
1640649600,28/12/2021,647414905.3258697,1403936687.7619834,1035078.328452226,140672.1711995724,577877012.4938531,9681262.056662617,6219162.853479081,,780830479.3477781,,,,,,
1640736000,29/12/2021,654242926.9460999,1372054827.8232708,979948.1375371895,89934.55916989865,578914007.6262766,9478109.314162508,6212247.595413682,,780217654.8956558,,,,,,
1640822400,30/12/2021,643619752.5867418,1371773458.3514204,901374.8564239027,90198.44481159218,580371822.3424038,14421047.32789996,6222632.630338435,,788406466.4921056,,,,,,
1640908800,31/12/2021,648215485.0043099,1383686151.5969646,910453.5721277745,90220.02090320335,583323111.6635402,14499476.762920136,6222632.630338435,,785798971.3933712,,,,,,
1640995200,01/01/2022,651683626.4546721,1366115497.392675,976838.0853306551,84269.8444507941,582969616.5125982,14593964.30590646,6222632.630338435,,777983539.1353605,,,,,,
1641081600,02/01/2022,658853851.4965751,1368060159.5706112,961088.6072189772,84583.95786935676,593849767.602431,14297311.748581033,6245975.601455972,,780097884.6904601,,,,,,
1641168000,03/01/2022,694314699.8360587,1359116516.8513327,936322.0307580654,104640.0304827958,596584786.4673711,14158119.289763892,6245975.601455972,,777280285.7023975,,,,,,
1641254400,04/01/2022,684561748.0776812,1370863098.60034,949208.7191755077,104123.43494021676,594691447.2511711,14064141.013772275,6201764.745140266,,763554767.3025404,,,,,,
1641340800,05/01/2022,676988772.6201578,1365125108.4201722,997713.0755411041,103126.02897219932,593624801.0944552,14010463.81138547,6201764.745140266,,758439702.0621074,,,,,,
1641427200,06/01/2022,660446638.0728645,1335917805.2786095,885042.0888878613,103099.71948674327,577133270.7513285,14595881.870234843,6199070.967691399,,748374279.1692135,,,,,,
1641513600,07/01/2022,677515747.5181915,1354872732.20003,909365.2137082076,103205.58154191267,579638566.4687477,14808488.712853236,6190261.681422009,,749840468.8539144,,,,,,
1641600000,08/01/2022,680359043.8572787,1333807279.3649325,908290.8301754872,102908.7005792982,574796865.5768877,15189256.664277263,6169146.98504145,,746111228.4943979,,,,,,
1641686400,09/01/2022,682363072.2303174,1316073401.649182,1053918.1539558335,102925.67593659738,574795686.6803058,15299060.76909814,6169146.98504145,,743767315.049672,,,,,,
1641772800,10/01/2022,679810832.8403449,1319766813.3195624,949148.6016885052,103175.3135439383,574653395.9582963,15401826.123160347,6169146.98504145,,746379343.3019273,,,,,,
1641859200,11/01/2022,667038479.9553885,1323527728.676686,970521.902953952,104292.40226936022,584676851.6169527,15385776.54379212,6201090.995948128,,749846282.1530554,,,,,,
1641945600,12/01/2022,664703458.7197124,1340070606.4409716,1017214.0853343797,104292.40226936022,584736094.5199802,15426370.546703946,6201090.995948128,,740297562.1654569,,,,,,
1642032000,13/01/2022,664568064.753549,1346856287.4528363,975283.47140012,102016.36123478883,586909403.1095527,15751537.928084426,6184138.481860691,,732732831.8123193,,,,,,
1642118400,14/01/2022,707595392.8812994,1357508012.5683727,1021757.3946633751,102016.36123478883,597702759.5401459,15905048.226075346,5100843.6548796445,,760423352.4230947,,,,,,
1642204800,15/01/2022,722989033.310089,1384534987.1243393,1013758.7177735011,102117.44464488466,614239228.5673308,17456936.48287793,5093842.094098835,,759155174.1536644,,,,,,
1642291200,16/01/2022,779264912.6140718,1454748475.8394053,1024373.9046337116,101861.2927442241,681712002.8469937,17353984.14596224,5082355.400943511,,807144447.3807076,,,,,,
1642377600,17/01/2022,813050944.63175,1496324869.7306795,948634.9812131135,103149.5212952379,691635472.7542148,17158576.643237915,5090719.104316811,,718337044.3733201,,,,,,
1642464000,18/01/2022,823301014.3891586,1518448311.2407606,978941.8381172396,103318.43711416947,691532195.5112193,16928018.401817434,5089216.350378065,,693119101.0219873,,,,,,
1642550400,19/01/2022,825267024.3468447,1494226398.4307332,902929.2213722977,103318.43711416947,694564254.3303722,16421180.585681837,4719574.636971875,,684294546.8346913,,,,,,
1642636800,20/01/2022,823746209.6589178,1506304366.345825,1044055.9856845543,86889.0660880999,698492228.0347663,15922999.98103993,4698099.770849291,,691852475.568543,,,,,,
1642723200,21/01/2022,806358344.301942,1484312731.831079,938337.1904164711,86890.06329322993,697431152.3863243,15668129.794692151,4698099.770849291,,652152734.9273325,,,,,,
1642809600,22/01/2022,793433929.9695004,1493426380.3679361,984896.9631653358,87513.71130584717,681551407.6341987,14672402.783476835,4723019.79667895,,558632087.1173186,,,,,,
1642896000,23/01/2022,792915513.166435,1477514177.0553381,1088844.1861501012,87586.58948063002,665190396.3682055,14663293.268477198,4723019.79667895,,508236960.704098,,,,,,
1642982400,24/01/2022,781686100.323439,1456244744.2681937,1037065.8840758797,87586.58948063002,636118690.4508908,14581744.75202792,4711305.283232988,,472963078.1054601,,,,,,
1643068800,25/01/2022,778926352.9966023,1427081986.3185647,1064342.2384678063,87507.95938591418,621358041.1529831,14590727.547836239,4717488.5552004455,,479208452.4351243,,,,,,
1643155200,26/01/2022,746509355.0758488,1436548144.8172753,1833482.133205119,91311.80335639114,624855811.2167826,14555646.954538452,4695526.328516163,,520758672.84453547,,,,,,
1643241600,27/01/2022,731428331.6430397,1447419823.6341279,3492491.5133435307,91424.85048376051,624437684.6453992,14645083.137604281,4665496.10758704,,539769532.1562414,,,,,,
1643328000,28/01/2022,768191978.7782142,1536309447.6763947,5828319.265706649,91424.85048376051,653949661.0270778,14648322.219484398,4665496.10758704,,308880227.8782356,,,,,,
1643414400,29/01/2022,764802151.6994327,1552688838.9156234,5664664.641894996,91410.57930513623,646730055.2492568,14713780.353252966,4673544.20804133,,278700463.9897772,,,,,,
1643500800,30/01/2022,736456754.8662803,1598516801.966938,5794323.272788606,87552.2245413834,668444021.6100254,14780922.580771817,4670569.043657126,,261579785.66885284,,,,,,
1643587200,31/01/2022,791052874.7657871,1614718197.366444,5695293.061717912,59967.04877131727,683458532.8077337,14617463.060905196,4666069.19574824,,281681798.63184863,,,,,,
1643673600,01/02/2022,802710282.2191955,1642947680.4206357,5660349.520195904,59967.04877131727,686131072.0765057,14620864.402752234,4659057.90150245,,278321770.1255259,,,,,,
1643760000,02/02/2022,802976056.9761124,1706055363.1335979,6224625.529815579,59967.04877131727,751717914.9680194,14614467.296593904,4660059.514966134,,275502208.493462,,,,,,
1643846400,03/02/2022,810648096.7320265,1719989682.908656,10372846.787957655,79935.3282057911,753320163.8395092,14478702.026751773,4656263.055927555,,260101526.32793108,,,,,,
1643932800,04/02/2022,899948382.0959278,1893563422.5352561,15381316.703493362,80410.60995417471,761417651.0609246,14571217.182452844,4687867.597358145,,268294399.18803418,,,,,,
1644019200,05/02/2022,889905924.1634107,1866769995.6421077,15372388.835215172,80615.55427448991,759639961.7617147,14489981.358551094,4687867.597358145,,273561840.83091706,,,,,,
1644105600,06/02/2022,878540329.6411257,1877339240.6540666,15428990.116853256,80615.55427448991,775014335.4468526,14489981.358551094,4687867.597358145,,275732320.5926635,,,,,,
1644192000,07/02/2022,852584836.6362582,1886870806.1502762,15275851.034426874,80117.70437474496,791613810.7609979,12711785.9937188,4651742.755916229,,283661003.02010655,,,,,,
1644278400,08/02/2022,856562309.4232776,1945312873.576636,26469369.68102864,91620.53008174394,807120950.2809535,12741676.72199475,4648233.878239413,,281466704.38819367,,,,,,
1644364800,09/02/2022,853607761.1749161,2015192816.20329,31307541.516807783,91314.24870217252,840755748.669245,12577566.173613522,4637834.154336964,,280056318.8116577,,,,,,
1644451200,10/02/2022,827496304.2769399,2009159342.8455555,31477410.203564927,91314.24870217252,887923597.6205455,12551347.640733948,4636733.83153694,,277323165.6282905,,,,,,
1644537600,11/02/2022,824378731.774296,2030137890.1957247,31740218.419486307,91536.24170888677,891339223.431163,12539638.34253226,4636733.83153694,,274397723.4500158,,,,,,
1644624000,12/02/2022,832583793.068984,2065182124.3115919,32319931.94485722,91667.70160280609,953469912.1911824,12651975.429937093,4639962.743668844,,267496170.33055598,,,,,,
1644710400,13/02/2022,830910897.8854861,2089494504.7493176,35574296.25411705,111664.67641020966,960732651.5195765,12725428.17885811,4642118.258707542,,247620653.13989758,,,,,,
1644796800,14/02/2022,830131075.4085838,2108058790.6502874,35440147.251603246,132491.56555240968,966974460.2979572,12677064.220839774,4642118.258707542,,245731450.71574607,,,,,,
1644883200,15/02/2022,821359196.9239233,2059675223.777996,35577556.327648394,126696.3670689621,971205757.2272754,12685040.994307432,4643119.713757199,,250585193.29677024,,,,,,
1644969600,16/02/2022,836208452.1828924,2081883876.326039,37207847.23998841,135726.19648317574,976635404.6809065,12729287.099754654,4604441.284631141,,248785488.3108162,,,,,,
1645056000,17/02/2022,846978893.9226221,2125839593.6673346,36133986.553513095,244526.56108980757,982421782.3711066,12729277.334894089,4600045.11895955,,250429053.85013202,,,,,,
1645142400,18/02/2022,806174693.1252056,2181289564.784084,36342852.10210664,244650.4274526577,991264435.4277761,12741532.928988999,4645602.766632216,,246141515.893214,,,,,,
1645228800,19/02/2022,805645328.2627976,2217845014.6759496,35918278.25194504,244650.4274526577,992103895.9489018,12730786.557366587,4645602.766632216,,243931896.26291898,,,,,,
1645315200,20/02/2022,805110976.3922654,2218557433.513632,35962894.972971015,229464.16690292477,997586621.3031384,12673796.44319254,4645602.766632216,,241162004.656789,,,,,,
1645401600,21/02/2022,846628334.4535999,2216406483.103589,35815793.59753763,203412.15158450408,999125016.1463592,12665913.09235653,4536984.114922345,,238191359.81507644,,,,,,
1645488000,22/02/2022,856120686.2641646,2204213980.249189,35459537.964569524,135556.11067407258,997727827.0235249,12578689.92022585,4536190.51703888,,233333989.9300719,,,,,,
1645574400,23/02/2022,942465363.7975074,2258771437.23471,33831570.68199783,135573.1488813335,1012766539.4045718,12571266.33697628,4536190.51703888,,237832802.831326,,,,,,
1645660800,24/02/2022,934925367.1079873,2206922422.9388213,33959181.0301628,135573.1488813335,1010081655.1204015,12525216.583572807,4536190.51703888,,203740694.59170154,,,,,,
1645747200,25/02/2022,913589090.3624595,2177686032.653393,34177436.94234419,135263.33875148083,1000396172.3784984,12481920.184698034,4538932.023361352,,202415741.18357077,,,,,,
1645833600,26/02/2022,907910657.6112916,2143479491.5959764,35511872.06041557,133164.10523083262,1002337071.9636028,12528445.807042247,4538932.023361352,,202836246.12039974,,,,,,
1645920000,27/02/2022,906537709.1154311,2145958190.097242,36994622.92988983,126770.99331040557,1001445724.2983714,12470227.450946044,4548645.604501791,,203398964.6963178,,,,,,
1646006400,28/02/2022,1035109386.2348944,2155054380.860505,35843248.91101477,126770.99331040557,1003108396.56872,12470392.613798495,4530588.498469049,,202271155.83554804,,,,,,
1646092800,01/03/2022,1091294838.7489426,2160273158.2690988,36645333.47740724,126770.99331040557,1035849590.42389,12496524.154762357,4530588.498469049,3.7867672555281424,210175680.48225403,,,,,,
1646179200,02/03/2022,1085545508.550442,2156126561.1423044,38121047.18199317,128073.22595067919,1038854626.1005175,12489208.960442977,4496955.42626507,3.7622488618269805,208636332.2127097,,,,,,
1646265600,03/03/2022,1077978973.098788,2198834762.4410014,38379252.82368032,129988.52343235062,1042453703.2318536,12475478.117702512,4495803.786116496,3.7622488618269805,205642986.03462893,,,,,,
1646352000,04/03/2022,1075201386.4507313,2225753167.0958014,38741944.94469784,128852.44377247873,1023423685.6812967,12460071.402875442,4494271.859978844,3.7789224531986765,205248552.75887892,,,,,,
1646438400,05/03/2022,1070907239.8383505,2246928369.7717533,39228030.270733304,128855.45950860479,1018930879.8933145,12436104.47184792,4494271.859978844,3.7789224531986765,204085349.98166922,,,,,,
1646524800,06/03/2022,1060818188.9123613,2249004150.4335346,40205136.35447549,127450.2258911792,1019519243.9954685,12754718.738803534,4494271.859978844,3.7789224531986765,204044707.9162919,,,,,,
1646611200,07/03/2022,1065935553.8990557,2259388980.754172,40188445.224998735,127970.80033001877,1028044768.8776152,12661366.488429736,4491585.950172073,3.7857440718325255,200190229.84833336,,,,,,
1646697600,08/03/2022,1061918640.7008669,2270228727.506082,40154717.860989064,127970.80033001877,1033162591.4306908,12617048.708043708,4491585.950172073,3.7857440718325255,197440154.90983978,,,,,,
1646784000,09/03/2022,1071786608.5248196,2282485156.766812,40272229.563305624,127709.80326748958,1027240456.5820286,12280247.549732009,4487301.681871549,3.7590342420010154,204837591.44135088,,,,,,
1646870400,10/03/2022,1051254245.575493,2288776841.1933002,39996860.135923184,127709.80326748958,1032006836.5195353,12297036.265229689,4487301.681871549,3.7590342420010154,202337220.9068766,,,,,,
1646956800,11/03/2022,1050534443.8939258,2301014875.777845,39906536.984479845,132181.6629803545,1027547982.4932002,12260275.563756827,4487301.681871549,3.7590342420010154,197844637.80271825,,,,,,
1647043200,12/03/2022,1044723423.9411077,2300430537.999625,40024914.258262366,132011.32146906966,1040434128.7743891,12238793.543955572,4470515.731580627,3.755268219286604,195899011.75848782,,,,,,
1647129600,13/03/2022,1065914679.0867238,2315463293.203707,39864713.88765431,125763.49695648174,1040843236.7121661,12272306.942011641,4487231.363855362,3.757078171069126,195478266.09553257,,,,,,
1647216000,14/03/2022,1062755101.8678889,2321492123.6069937,39711398.22343989,125775.50663103868,1036440506.4101102,12283846.61411577,4487231.363855362,3.757078171069126,199872331.64397547,,,,,,
1647302400,15/03/2022,1056742395.9298109,2331910022.566596,39687903.88269656,125795.5227553002,1035734034.9713485,12283846.61411577,4487231.363855362,3.757078171069126,188526564.78763404,,,,,,
1647388800,16/03/2022,1033151925.20226,2356863915.2541533,39772793.9786693,126039.03059874002,1040213021.7813401,12232184.58903151,4477366.66006405,3.7532940332646265,167176286.15063313,,,,,,
1647475200,17/03/2022,1021796192.2389956,2341318797.263494,44778088.64870074,126116.0011913628,1044893321.7403042,12232127.748373996,4457703.268718797,3.7532940332646265,161780926.55094188,,,,,,
1647561600,18/03/2022,1003474436.4864981,2377413537.8303933,47838452.70851771,126214.05230822666,1044632904.1734084,12303060.532056201,4463875.367174367,3.75794450503167,158964863.45969227,,,,,,
1647648000,19/03/2022,975242478.2164152,2389850860.446991,48825353.82176343,126194.06722884743,1048985693.8716942,12245792.37906824,4452463.969321672,3.75794450503167,157971220.35680816,,,,,,
1647734400,20/03/2022,948444062.2872046,2451161046.939335,49759272.248002745,123393.48487839574,1053086556.1743428,12249738.172255456,4449470.795762765,3.75794450503167,157460655.71852693,,,,,,
1647820800,21/03/2022,988476125.1611555,2434713937.928285,53681681.03459269,123700.98514343833,1051979749.2633902,12236092.703611473,4443342.792821335,3.7533181785785157,152350771.52753094,,,,,,
1647907200,22/03/2022,979634786.78969,2416989671.765415,53551105.977747045,94340.26691557122,1049258781.6781734,12130496.240710465,4442645.12649467,3.7581911483578603,148841820.07577315,,,,,,
1647993600,23/03/2022,920620787.91636,2377538573.977384,50307171.72635447,95580.5446040967,1018523590.0240968,12142574.044686548,4441287.698000733,3.7581911483578603,145372794.75926337,,,,,,
1648080000,24/03/2022,879703258.4599289,2317214783.009791,50433409.70486373,94073.64741942286,947081524.585071,12142574.044686548,4441287.698000733,3.7581911483578603,138838333.04228994,,,,,,
1648166400,25/03/2022,924896123.8779784,2342690939.6767445,50784919.96606813,94327.680890527,926419689.6552074,12126287.851933006,4436241.751061024,3.7532800051164186,136247512.24693057,,,,,,
1648252800,26/03/2022,951794275.1046946,2260212820.827097,52539354.77824454,93312.94712715807,922933846.349559,12126287.851933006,4436241.751061024,3.7532800051164186,135558149.3369644,,,,,,
1648339200,27/03/2022,940340206.1142958,2273780221.647484,52975662.36179671,93364.63934383236,936105717.9953445,12212515.165064618,4433294.043303329,3.749837002211327,136446790.5386815,,,,,,
1648425600,28/03/2022,977548259.1223449,2341673261.389486,53245812.06395722,93356.61974858915,932873538.2250206,12210520.634827917,4433294.043303329,3.749837002211327,136060865.34572664,,,,,,
1648512000,29/03/2022,959940831.8717135,2336668997.858114,52358717.25966782,93356.61974858915,931782627.3076111,12209605.96470602,4433294.043303329,3.749837002211327,133460260.33286425,,,,,,
1648598400,30/03/2022,1022091128.3181056,2332987117.6657476,52093826.09472074,93412.44924331961,930420746.6654613,12293582.795419877,4421176.747634337,3.7584850236443463,131961827.43380351,,,,,,
1648684800,31/03/2022,1052552728.0375898,2349026760.6470776,56719824.0999796,110803.13889583555,924567999.995042,12326071.64387089,4420275.560775556,3.7573172034350333,132154651.40361236,,,,,,
1648771200,01/04/2022,1042183984.3062012,2358435901.518809,58778620.50612548,195294.79654689608,923971302.430252,12352800.044841086,4420275.560775556,3.7573172034350333,129091034.16224974,,,,,,
1648857600,02/04/2022,1045667420.0955315,2330299403.098452,61221915.505029544,239458.54907292328,923309383.9456425,12497197.345648618,4405351.23482785,3.7573172034350333,123840697.2711803,,,,,,
1648944000,03/04/2022,1040667239.8316102,2331870098.00208,60993917.23522399,411104.0047779141,920776690.1432761,12686639.256941564,4396451.428079351,3.7417985120985375,123491723.46046911,,,,,,
1649030400,04/04/2022,1078726093.5332172,2341182275.6413126,62119159.69329403,373981.38451009797,924538536.1005895,12607054.769677814,4396451.428079351,3.7417985120985375,123559429.44840503,,,,,,
1649116800,05/04/2022,1126168579.8161142,2305030555.8114486,61701874.34328728,355520.71354466426,912739544.7668223,12591686.964925867,4394412.911393791,3.7552970013224343,123482035.8403065,,,,,,
1649203200,06/04/2022,1119646302.6321805,2309839098.8092923,70900781.6237527,375588.0977995052,904065132.8353859,13189118.525598379,4394412.911393791,3.7552970013224343,124317097.87677224,,,,,,
1649289600,07/04/2022,1124081838.2716124,2285578481.8109665,84881070.09593147,375588.0977995052,876428098.4445939,14454714.440842243,4394412.911393791,3.7552970013224343,128476071.12895353,,,,,,
1649376000,08/04/2022,1131937559.7027538,2266171371.7078466,87823673.03760757,420360.9135972207,846697053.5199835,15036626.89097388,4423481.421951836,3.744945871924335,130792039.23854256,,,,,,
1649462400,09/04/2022,1155481688.5554209,2284335926.3430157,96857749.63461265,389322.17728152015,843159196.6447834,16224144.839224523,4345477.439006186,3.7541078837944895,132688259.29339987,,,,,,
1649548800,10/04/2022,1158474200.8037078,2301009852.3964243,98577570.00392225,389322.17728152015,837399685.6162268,16913048.87121674,4345477.439006186,3.7541078837944895,136041286.98505753,,,,,,
1649635200,11/04/2022,1159094531.531433,2344798563.784747,95253426.2762499,394326.0265340033,834321858.7377162,17821786.342393864,4345477.439006186,3.7541078837944895,137324954.37797186,,,,,,
1649721600,12/04/2022,1158778105.9135578,2326835250.4590874,91449835.63203968,391554.6440776104,819178690.2605649,18901606.946377963,4341901.746136214,3.7534120366035064,136624971.31960645,,,,,,
1649808000,13/04/2022,1167389540.0183423,2362748186.043287,89881095.52115344,386988.5320769315,813012902.0642588,18951578.048147693,4341901.746136214,3.7534120366035064,132802370.99478585,,,,,,
1649894400,14/04/2022,1149301613.5240405,2354533558.6982775,88605323.71709906,387574.7100938768,801122978.0737661,19699262.145544082,4336492.6374536585,3.7590574545177735,133211714.89344002,,,,,,
1649980800,15/04/2022,1126890850.9174733,2320989278.6026306,88518267.05340661,368058.0094554223,777420400.4743941,20217236.558567736,4336492.6374536585,3.7590574545177735,132673475.62094142,,,,,,
1650067200,16/04/2022,1123913483.9002323,2332229794.4010825,81277225.64196594,368058.0094554223,779703881.3841931,21116248.027829107,4330793.224142755,3.7590574545177735,134829557.88733125,,,,,,
1650153600,17/04/2022,1129766699.0407712,2499257848.8477845,80722059.13622369,307075.72362508386,770154350.7638884,21634589.010006722,4281831.050913254,3.751682120630896,134725159.24130943,,,,,,
1650240000,18/04/2022,1129353550.7067668,2463461377.432021,78615375.9620196,307330.66462986206,769586232.549843,21712878.1948867,4281677.834181617,3.752055821996674,131583909.32770105,,,,,,
1650326400,19/04/2022,1136375022.5740778,2474310824.166275,76529719.43050195,306756.50445898046,773328546.8952641,21851623.033967014,4281677.834181617,3.752055821996674,130819118.99086706,,,,,,
1650412800,20/04/2022,1137144754.035729,2495023331.9961576,73073465.66572545,305239.720584202,798992577.0054421,22407334.496285845,4258711.382043194,3.752055821996674,131230806.1267654,,,,,,
1650499200,21/04/2022,1119681068.1539328,2464373814.1959515,73252891.56222045,305290.756866078,816865213.5274775,22424027.18700893,4256780.291146552,3.7477420578761387,131358978.5149014,,,,,,
1650585600,22/04/2022,1130155600.6679955,2438373916.099823,76809675.84215733,305293.74777165626,823673791.9921308,22390249.367486555,4256780.291146552,3.7477420578761387,130558744.98047392,,,,,,
1650672000,23/04/2022,1138789989.9578001,2407357244.070373,76554009.97879986,315661.1801886623,821633252.703782,22483322.443678748,4257892.799106743,3.7558916702549556,111978395.17985833,,,,,,
1650758400,24/04/2022,1123179236.1940227,2387826954.9732795,79374289.03017347,315661.1801886623,812235891.8548708,22493658.01212913,4257892.799106743,3.7558916702549556,112520342.39596428,,,,,,
1650844800,25/04/2022,1109383981.1743622,2367435112.4669456,78203741.63480332,302938.23481802427,777942338.8379377,22509647.12954283,4257892.799106743,3.7558916702549556,111862612.38227591,,,,,,
1650931200,26/04/2022,1063523012.4621689,2338217967.625375,78705336.77010849,243003.86104511225,731719785.3936975,22476703.54754052,4253883.620511205,3.743220579978999,111762743.71522418,,,,,,
1651017600,27/04/2022,1064045385.6951174,2300259320.6829095,81895253.36859441,242892.1960454178,704757917.6074786,22505515.280711494,4256522.35840448,3.7503680398741004,111345654.97193013,,,,,,
1651104000,28/04/2022,1064426033.6033132,2287247701.0823255,83875441.48322734,252841.54851744967,701123875.6440767,22676910.6749491,4256522.35840448,3.7503680398741004,110935979.06584783,,,,,,
1651190400,29/04/2022,1085610202.2649927,2303580145.3639865,84155394.5331917,252638.0956776931,684262640.8381765,22576525.941352226,4256522.35840448,3.7503680398741004,109336796.52267793,,,,,,
1651276800,30/04/2022,1083643568.7631028,2305468455.1176414,81898374.82788254,288773.09854722465,677953152.2947093,22127053.17008618,4261814.78594596,3.751999021482452,106996593.42689559,,,,,,
1651363200,01/05/2022,1079696144.0373564,2298483954.8139424,82320753.61648414,293751.8352534021,678131773.2177569,22145223.01194448,4261814.78594596,3.751999021482452,107969955.72355299,,,,,,
1651449600,02/05/2022,1074698168.5939026,2297334093.225953,80807104.80171704,288035.78211269295,667357307.5095946,22208106.91090819,4256641.123034782,3.750072377384418,108852431.97118986,,,,,,
1651536000,03/05/2022,1044968857.247496,2272978383.2305403,82592092.02381325,288035.78211269295,609854013.1929132,22285545.16213233,4256641.123034782,3.750072377384418,108773442.5959446,,,,,,
1651622400,04/05/2022,1062437857.7753872,2234829306.0389132,85160932.71438597,288218.2363983884,583538596.629231,22350148.539293796,4255610.099917529,3.750072377384418,105519192.67806488,,,,,,
1651708800,05/05/2022,1073468348.8550738,2262113999.6878324,89643599.57470845,288734.91269735195,521461398.709749,21675768.743191924,4256481.9775733175,3.753987475014578,105172004.0323787,,,,,,
1651795200,06/05/2022,1072679488.5656377,2234268248.4512057,87755034.82836759,288283.65981983463,457905027.9414533,21701852.662788868,4253627.288516011,3.7482006795072067,101042579.94337232,,,,,,
1651881600,07/05/2022,1080949170.9402046,2230295736.78366,90537685.32646891,263310.1288222462,424370769.6191092,21756025.785238985,4253627.288516011,3.7482006795072067,100796024.21389875,,,,,,
1651968000,08/05/2022,1093745059.205944,2238225386.7277145,97701098.50246662,263509.9170702269,413154780.03999865,21789866.57006966,4253627.288516011,3.7482006795072067,94754143.05046295,,,,,,
1652054400,09/05/2022,1142184154.9633162,2240878466.8594675,71942976.90657529,263107.278158408,395686456.54197747,21733472.826873656,4248378.26,3.7450497901715067,93791687.05834508,,,,,,
1652140800,10/05/2022,1095637751.281505,2197055635.669931,81162671.73949453,263107.278158408,394370493.3987321,21134535.892705265,4248378.26,3.7450497901715067,84210229.04109769,,,,,,
1652227200,11/05/2022,1036158135.9691002,2198808252.0649476,85306913.0327933,186597.42266052336,402705964.1676559,20946430.845056247,4248378.26,3.7450497901715067,80185396.78187588,,,,,,
1652313600,12/05/2022,1038046705.2542305,1884767126.7146232,57274115.383701205,186468.42266052333,271965640.02412444,20740797.069009602,4237597.87,,73219556.68668215,,,,,,
1652400000,13/05/2022,1038022133.4580076,1884767126.7146232,59441629.104638234,170062.02547096595,221281632.50804803,17396859.82941333,4237597.87,,71788670.58366421,,,,,,
1652486400,14/05/2022,1012800999.1711174,1926065352.140792,11075858.694908775,170062.02547096595,233622959.53893512,13840569.452530706,4137381.0300000003,,70781109.62194519,,,,,,
1652572800,15/05/2022,1013916130.1859593,2010334309.852423,11174220.055979257,170062.12547096596,232547864.23473075,13729988.868732885,4137381.0300000003,,71430513.89161836,,,,,,
1652659200,16/05/2022,1008527317.2100713,2005640927.6233456,9169398.319290854,170182.8232943687,235526237.12539268,13795219.282207841,4141160.2379542333,,70926989.98571125,,,,,,
1652745600,17/05/2022,966253187.0792581,2019749072.0015392,9158384.5786974,170185.84176066422,235986304.61103243,13724753.393594312,4141160.2379542333,,70968847.04840441,,,,,,
1652832000,18/05/2022,912402106.7518994,2015987241.0220237,8583034.607114932,173185.41630043925,233958047.43014386,13703910.111723423,4141160.2379542333,,70259031.41010673,,,,,,
1652918400,19/05/2022,912005469.2243022,2016714057.927377,6778727.645806139,173268.74221379406,220041875.7609366,13644081.332750509,4136787.849148812,,69795456.25735034,,,,,,
1653004800,20/05/2022,923165175.3062544,2064265114.2537448,6603921.2434588,173426.1245730853,222949114.913047,13643996.357809987,4136787.849148812,,69259800.99591045,,,,,,
1653091200,21/05/2022,907637877.4798218,2100890015.2609503,4140809.068785875,173455.04076495813,224825653.68479183,13655976.386299716,4133888.539691153,,69271029.51545429,,,,,,
1653177600,22/05/2022,898680176.1922085,2090020861.6939216,4121700.857923195,173455.34110019013,223377627.46419963,13621255.167856663,4126243.384945897,,69120953.38242796,,,,,,
1653264000,23/05/2022,885219897.467787,2090943642.0180972,3974583.5149495336,173342.84553345732,223457495.44978225,13593352.744353885,4126243.384945897,,68530732.34288214,,,,,,
1653350400,24/05/2022,865238116.6816025,2050388280.2802007,4420663.45588817,173341.02053918698,226351153.63042417,13540071.337363752,4097208.8376679495,,66574597.13840706,146306312.94858915,,,,,
1653436800,25/05/2022,865226398.2914939,2076371640.3453693,6320341.908265843,158074.03682779882,224516184.32757488,13550725.354688138,4097133.825847022,,60242690.98389316,144838278.4964623,,,,,
1653523200,26/05/2022,838022607.7959504,2062721553.3051472,5726624.490450296,158074.03682779882,222201794.1797001,13642605.80276573,3945112.616206345,,59697987.6271607,139902807.4922756,,,,,
1653609600,27/05/2022,878677970.3700011,2053730002.783254,4231619.20650839,158074.03682779882,231940866.20574826,13602981.438646743,3945112.616206345,,59347665.2570315,137845240.8279882,,,,,
1653696000,28/05/2022,875706218.9240372,2052356694.9959497,1851134.1981881766,158013.74989862833,231419481.84257346,13536871.309809897,3943804.3803350143,,59290593.95098646,138938110.9050091,,,,,
1653782400,29/05/2022,877054388.0698528,2051566001.3092759,2058337.0563121547,158013.74989862833,231410550.61256132,18535909.053645264,3943804.3803350143,,59240620.36681663,135465711.12467206,,,,,
1653868800,30/05/2022,880242295.0011485,2059274770.8063545,1057729.772140921,157854.37800625715,231199623.72870538,14229732.896368593,3943787.0722900648,,59088212.825299524,135285049.79483032,,,,,
1653955200,31/05/2022,880057650.3870931,2062444458.8663673,1031508.2747505507,147853.21320625715,230926277.53551233,14229908.003252514,3943787.0722900648,,59028214.04443131,132181575.71153337,,,,,
1654041600,01/06/2022,848787474.8765532,2057333111.0681763,1059089.0340473736,147853.21320625715,237694403.55640504,14209745.014716662,3943787.0722900648,,59085279.7543384,131815092.73283093,,,,,
1654128000,02/06/2022,830938914.227579,2041014568.24179,825819.2251420135,147880.24058254674,236973826.7214629,14009906.878947267,3946073.271840148,,58852336.09327223,132299345.28745517,3654846.302667239,,,,
1654214400,03/06/2022,738909300.002481,2089155308.9750538,941400.3006222107,147895.03896547304,257185111.7226891,14024673.738419924,3911133.750126804,,52201865.74265792,111977362.06417173,3847751.9649794833,,,,
1654300800,04/06/2022,748407863.2593343,2089660799.2781572,942105.5159429053,147895.03896547304,261351967.68763483,14015867.791591574,3911133.750126804,,52107004.527089804,110747701.96716326,2573939.3160881894,,,,
1654387200,05/06/2022,743528911.9606056,2089255238.6402943,948511.0174611614,147895.03896547304,261722622.08170465,13873400.74449118,3911133.750126804,,51688992.26703226,109399137.55165969,2507723.6603864715,,,,
1654473600,06/06/2022,743384133.2868303,2093393531.1747084,819670.2756598195,145934.05900627442,275034656.2537253,13872348.542055601,3908824.3819876774,,51551915.373970285,109262326.13045305,2684438.6302190605,,,,
1654560000,07/06/2022,730673694.5109605,2056759047.7315276,822689.5030364816,146321.88226490148,265208735.0442221,13834539.884850873,3899494.0716780913,,61328418.29649354,108297773.86473358,2894925.2998054563,,,,
1654646400,08/06/2022,730260212.6519669,2058564819.3384557,487757.73895107437,146324.9438336682,262725223.54319385,13793601.993384402,3884556.6498964163,,61377138.29681748,106572068.35143627,2477118.388939084,,,,
1654732800,09/06/2022,728196595.7384644,2071839410.7532868,518461.1139520707,146324.9438336682,265946237.40616316,13737536.909217134,3884556.6498964163,,61194883.88357265,106583896.78351483,3416863.6425716653,,,,
1654819200,10/06/2022,730706963.0457124,2076365261.932485,495760.3715260124,147227.68668225373,272345588.14757204,13682281.012328148,3884556.6498964163,,61284492.72966569,106613251.78348799,3489542.2468510834,,,,
1654905600,11/06/2022,730530071.3629757,2077225335.1873066,512830.8830996561,145702.56886943305,291865123.0604371,13583701.437665164,3882271.8445310798,,61461414.28251406,105684280.73968916,3460913.352670249,14100324.001252584,,,
1654992000,12/06/2022,738404377.9944937,2083483092.5992496,533220.8177402103,145708.0929674631,291544670.6875535,13577399.300333265,3876644.76215054,,61401676.53970953,106643522.29384561,3186563.1126730517,14113622.781828064,5136403.580090063,,
1655078400,13/06/2022,735859251.9305325,2076356856.8698843,517945.0656890179,153685.80417357016,290525025.879598,13559398.925149798,3876644.76215054,,60490341.709363654,104517612.004912,3127796.4833083493,14113622.781828064,5134057.179697151,,
1655164800,14/06/2022,764132745.2144868,1960275498.7193182,527795.8770127979,153685.80417357016,243878974.50832602,13573352.836883843,3876644.76215054,,57843681.98233949,92425770.76891221,2542675.5571366395,14113572.379047247,4781737.093606278,,
1655251200,15/06/2022,724112681.4533008,1953166515.5961645,432751.7751457663,163619.9002873758,213442666.36998704,13277659.344150964,3873553.75762838,,54816285.50533641,71496813.93047705,1128667.0642475146,13913271.026439102,4777409.8261407465,,
1655337600,16/06/2022,658540809.4474139,1893068887.8531141,439430.3729987935,161411.50084264623,214886696.06368417,13173997.954844272,3873553.75762838,,54507428.41594909,67239276.18435884,1211277.573234246,13913271.026439102,4743107.482218354,,
1655424000,17/06/2022,658095102.02981,1887679710.5510373,406351.7343699658,161460.33251204152,214621468.22724533,13122125.741604619,3873977.4157256493,,53577450.48190388,65076831.47404664,1144797.4208081716,14213154.03506773,4338333.620396063,,
1655510400,18/06/2022,651959208.9378437,1887419916.2315598,400339.96980654594,161198.8292257281,214685253.13708082,13051953.14717349,3845879.4372248487,,50415153.15972827,64870553.16094021,1134762.6133836643,14213805.593658889,4325673.903233315,,
1655596800,19/06/2022,641591302.4266647,1888823027.9809623,407677.59994602134,158304.9870530619,215122223.98081648,12902436.112192491,3845879.4372248487,,48009052.98118081,64075595.46551256,1213741.2378814602,14213295.699794294,4207324.17990067,,
1655683200,20/06/2022,642301604.4111476,1888265977.5215673,426504.47933217225,185222.3628947386,214626982.14341637,12901277.226444952,3844097.705207082,,43794186.01949904,64918497.80484458,1229552.858184044,13770298.708800886,4194811.971862978,,
1655769600,21/06/2022,644818128.0214107,1874283447.031647,447843.3745324607,185116.67913408516,221689151.09245044,12961327.744725764,3844613.1080933614,,43736962.98174034,63307517.8739069,1443442.6381129248,14021954.70351799,4227221.027130505,,
1655856000,22/06/2022,644517009.0801132,1897605465.3499458,448516.0483461959,182441.3942334037,210535325.40365872,12964321.130505975,3844613.1080933614,,43449659.95844516,63226077.46760918,1390899.8626874443,14021953.810530333,4231563.863815354,,
1655942400,23/06/2022,663107885.485025,1884434411.0216217,448909.4313883011,182219.30946905867,211826379.4934098,12964435.506246988,3844613.1080933614,,42918056.4163269,62067515.83590499,1370461.6625063727,14013156.994094959,4093466.474800633,,
1656028800,24/06/2022,665857872.4941554,1890205826.379028,446481.1169139943,182247.97884028262,212621172.60156164,12986147.97977507,3842955.750426546,,42684996.95577423,62003337.072967656,1497206.343595569,14041784.179272953,4189259.54333694,,
1656115200,25/06/2022,642657321.7125936,1896655787.3233466,440720.98200717923,182247.97884028262,212675634.16494474,12396835.351179348,3842955.750426546,,41893859.6678798,61532215.45346223,1302230.3491545809,14041779.256272953,4111480.5426604557,406.65687985080126,
1656201600,26/06/2022,642982984.8893497,1896518565.6045015,757414.5645046985,182274.0500212705,219653279.35390392,12391653.267787697,3843107.3237306755,,41733363.34171164,60872324.16611518,1374941.5257091671,13305890.763866205,4114082.134848229,406.0687171644173,
1656288000,27/06/2022,643115698.4997613,1903587961.606556,717884.9651369364,182274.0500212705,219936269.246774,12361987.549774323,3843107.3237306755,,41596940.53652804,61531599.3769007,1394801.9529695637,13305927.105790364,4123669.104129627,406.0687171644173,
1656374400,28/06/2022,636310791.8931277,1896231016.4046016,685565.9541081062,181783.111365774,220901170.19229275,12269221.227170313,3843107.3237306755,,41538061.23403452,61167891.49720477,1343928.031469641,13305888.775002215,4157575.8010383775,406.0687171644173,4000002
1656460800,29/06/2022,633923440.5601382,1886706655.9879732,1799118.2547191023,181786.76919886726,218713260.0266066,12201515.59110093,3841535.7013945277,,41265622.04673095,60541301.80259449,1596586.989707088,13327380.708961409,4177732.7513693413,410.7186617991896,4000002
1656547200,30/06/2022,633920744.6517268,1874414441.163908,1948913.6023467528,182084.8344426755,220477233.59114432,12213252.312521482,3843882.245128926,,41337470.64652135,59454705.30180907,1685807.9535955328,13412606.851854669,4308698.938419651,408.83224132122047,3981985.9590077586
1656633600,01/07/2022,629317312.7951097,1881314619.7234833,1982551.2550683871,182084.8344426755,218472204.95239878,12215160.710042808,3843882.245128926,,40866215.34283007,58863732.160073906,1476486.1685594362,13412606.851854669,4310747.816557586,408.83224132122047,3981985.9590077586
1656720000,02/07/2022,628011502.9968904,1911644017.5521653,1949953.5746418692,181835.50335813646,224624624.19852567,12119443.21523932,3833875.2327289255,,40537440.393465936,58728423.161109254,1470834.1864477494,13412606.851854669,4294314.86049892,408.83224132122047,3981985.9590077586
1656806400,03/07/2022,627501374.5449691,1915697465.6029372,2285982.4777839254,187522.80456720246,225451675.0040982,12147289.709550869,3833309.5960366395,,35231008.419293135,58083710.72322609,1461621.256955961,13943630.183620166,4273231.75322115,404.9360567847677,3981935.287840845
1656892800,04/07/2022,626967213.0029148,1912785581.08764,2262566.067648593,187655.77600245405,226886707.97051665,12012374.479829794,3833309.5960366395,,35429028.39806592,58007211.27834093,1433443.430330724,13943630.183620166,4282236.951065732,404.9360567847677,3981935.287840845
1656979200,05/07/2022,626555833.9183152,1927070080.858549,2221037.5460344264,189650.74949569165,227187271.46875396,11975057.89361947,3828163.0711853756,,35457654.87587595,57735599.65647623,1349416.7527567758,13558757.707338296,4301348.156728069,402.5689424776826,3981877.723068939
1657065600,06/07/2022,627614419.4117491,1951894521.125783,2220775.8131725495,189650.74949569165,238078096.87398523,11843152.533608887,3828163.0711853756,,35467428.61978019,57741705.20949088,1409342.5461488129,13558757.707338296,4337461.7712889705,402.5689424776826,3981877.723068939
1657152000,07/07/2022,625116592.0334843,1959001908.437087,2223043.655069745,189650.74949569165,214854822.4213168,11843406.906646632,3828163.0711853756,,35056899.18406562,57809821.98144508,1538061.7374106636,13558757.707338296,4285110.576428003,402.5689424776826,3981877.723068939
1657238400,08/07/2022,630824431.3396215,1959462128.7621956,2083834.4017358015,189490.7611486319,237275274.13020396,11838896.65094469,3827408.010016645,,34979977.07693278,57589626.7845224,1666242.7226087493,13915135.900905853,4280642.136758738,398.9599978604422,3981831.3100510715
1657324800,09/07/2022,640952514.8546416,1957750187.5876226,2008224.486632057,189473.72668521854,234817645.04835302,11816525.503942192,3839883.684836773,,34739128.46119903,57456873.103523195,3414740.474175285,13369166.619047964,4286363.906783868,396.96115026126205,3981800.54465013
1657411200,10/07/2022,640261340.7289587,1959730058.920963,2004724.9012101348,189473.72668521854,236885245.71936867,11468578.103942191,3839883.684836773,,34548793.91129854,57160458.729876235,2861990.3558893437,13369166.619047964,4286379.105366924,358.83185950829574,3981800.54465013
1657497600,11/07/2022,639369020.0404484,1959302769.6411326,2000795.2102303407,189473.72668521854,235923521.2976581,11418433.978677314,3839883.684836773,,34393161.0318407,57170170.171935655,2546326.9176943204,13369166.619047964,4286029.028091128,358.83185950829574,3981800.54465013
1657584000,12/07/2022,639629369.8838849,1965486649.8512073,1867166.233678726,189568.9983968786,237369199.482398,11419464.394880919,3839634.1413719864,6.528204315571949,34821952.04071866,56844798.11004924,2237100.1316446653,13281758.481532436,4277533.83184436,359.4303408980277,3981786.9045775165
1657670400,13/07/2022,639098220.9983002,1961713427.068012,1871385.052137087,189568.9983968786,237520656.3821876,11381274.620281119,3839634.1413719864,6.528204315571949,34590852.91543417,56429957.99552122,2361236.379095423,13281758.481532436,4272974.371179828,359.4303408980277,3981786.9045775165
1657756800,14/07/2022,637672213.4221033,1963083956.280571,2082864.298138003,189361.02610439525,238372427.41377127,11365779.082815938,3837783.904384308,6.589044420835071,34698027.42679206,56324690.868614085,2078916.0455864049,13338709.110752273,4299641.51173778,355.3739484052403,3987789.902998727
1657843200,15/07/2022,636196947.8976718,1954638796.745079,2098547.6923659393,189674.31019146627,244116473.34306744,11365668.598519506,3837783.904384308,6.589044420835071,34612514.19323519,56093648.43515559,2046161.806345484,13338708.928229192,4299784.157643082,355.3739484052403,3987789.902998727
1657929600,16/07/2022,635901410.5587003,1939091677.0760982,2062763.261979789,189674.31019146627,252348418.5769632,11365661.0913436,3838814.6599568278,6.589044420835071,34423456.04536308,55900413.70792017,1682698.5477027532,13338708.928229192,4308628.114747399,355.3739484052403,3987789.902998727
1658016000,17/07/2022,635709890.4050851,1937566745.9023685,1766689.8575708116,189656.32013749462,257204408.1470101,11320465.495932152,3824774.8195485384,6.595876047309998,34586134.42548847,55520249.66683492,1859843.449781371,13256280.032491498,4310317.908432746,353.73108821055564,3987790.100195016
1658102400,18/07/2022,635478512.9572569,1934262208.2496233,1818902.2898834082,189600.53515897182,257401599.79853117,11316966.004772687,3823280.866995257,6.583059746408825,34893708.226577595,55491933.586586915,1885109.3241342138,14233395.795358775,4292908.049594024,353.50926729753945,3987790.7392529924
1658188800,19/07/2022,652575980.8099755,1952838245.5376348,1823425.9748315956,189600.53515897182,255784006.78274608,11316628.288089052,3823280.866995257,6.583059746408825,34981170.27625832,55555015.184957094,1870418.9147166887,14233578.507212458,4255647.495079534,353.50926729753945,3987790.7392529924
1658275200,20/07/2022,682028065.0208278,1970494083.1200314,1828269.1886429125,189502.78494153716,260796031.5416269,11346706.553984772,3823280.866995257,6.583059746408825,34770768.565588355,55577935.92802326,1949824.8185127745,14233578.507212458,4222808.3353649555,353.50926729753945,3987790.7392529924
1658361600,21/07/2022,680268349.9253223,1985451058.7551613,1621703.3896894571,188385.91774789835,261164335.6136331,11345850.273927879,3810291.925415203,6.585714419154695,34578426.54093539,55381972.119788736,2208561.4449057956,14221992.989914758,4202734.214721209,353.22873834335803,3987790.9159875894
1658448000,22/07/2022,679427582.0558137,1991724903.4028475,1626143.9122713995,188385.91774789835,254446523.7948349,11427250.989064615,3810291.925415203,6.585714419154695,34718159.873344734,54399922.32420512,1938315.0454188166,14221760.63676335,4203480.753826278,353.22873834335803,3987790.9159875894
1658534400,23/07/2022,709613915.2565067,2012857082.0398943,1532248.8405490173,188467.61389503637,251100651.60640764,11480136.931042425,3810467.2675467213,6.558384320397272,34197812.41126317,54451079.41631157,1882540.0117240164,14169818.687680313,4205850.609534781,354.5862001648485,3987792.193751658
1658620800,24/07/2022,709479406.8713586,2016453469.0953822,1521631.3324459877,173887.62126842223,253196195.60790423,11498762.39044117,3810467.2675467213,6.558384320397272,34136876.42162035,54462295.00664736,1791910.8236813045,14169818.687680313,4206090.772472327,354.5862001648485,3987792.193751658
1658707200,25/07/2022,709594139.3281269,2019611762.8500628,1526560.8142016123,169515.53773852772,252509895.61116925,11504719.322756873,3809317.1654152214,6.558384320397272,33864539.89279156,54448595.90939195,2055668.6518247398,14169818.687680313,4213208.771055793,354.5862001648485,3987792.193751658
1658793600,26/07/2022,709134524.3508893,2061151073.0720053,1351467.1102426657,169442.2974784141,196206659.5244845,11521758.19500355,3808721.9362840806,6.581631777940718,28782733.743998002,54460127.891508855,1785706.6229348816,14178551.259433998,4216536.170063851,350.9124340012506,3987791.6979667074
1658880000,27/07/2022,708294424.4269313,2079239101.3916152,1325724.9524855844,169442.2974784141,189240096.76569837,11548056.595059711,3808721.9362840806,6.581631777940718,28647800.21007443,53650688.67963384,2309891.3754164437,14178551.259433998,4207314.137740801,350.9124340012506,3987791.6979667074
1658966400,28/07/2022,697472497.5061861,2063462750.9627936,1478226.494830067,169486.00575821075,234727721.28030694,11540329.608935693,3809232.1490063965,6.661104635800283,28519930.11366403,53570521.48641108,2112538.877354141,13910943.42665285,4181001.473841937,352.20964867365905,3987792.5666013234
1659052800,29/07/2022,694783105.3841071,1660516169.8624666,1463715.241233675,169486.00575821075,236715018.78146872,11558763.227091435,3809232.1490063965,6.661104635800283,28504391.76866814,53567390.24044063,1965101.9279163512,13910943.42665285,4161476.582648049,352.20964867365905,3987792.5666013234
1659139200,30/07/2022,672323584.2167144,1615766753.9959512,1467079.1143963358,169486.00575821075,239459020.9500924,11550183.326809376,3809232.1490063965,6.661104635800283,28391844.853682704,53540790.73191189,2327692.0362963066,13910943.42665285,4161476.582648049,352.20964867365905,3987792.5666013234
1659225600,31/07/2022,672337904.2562383,1568622747.080981,1399583.6922972428,169419.58422019926,238960700.93995795,11559401.684726508,3809457.5262873173,6.611858554074542,28265002.411993187,53517759.19743576,2293411.1468690024,13657593.423189525,4088030.831462943,353.36709521921796,3987792.750885058
1659312000,01/08/2022,672277824.6639568,1624152648.5590951,1404818.5330945118,169469.49679308195,197314791.419224,11559235.031346256,3809457.5262873173,6.611858554074542,28230626.06164421,53362554.26635827,2188069.7877960466,13657593.665529301,4108891.543033295,353.36709521921796,3987792.750885058
1659398400,02/08/2022,661266401.9628693,1624461093.564743,1404723.1150008212,169483.8840605753,197154159.23263136,11598634.776062852,3794248.6039592903,6.607474626077699,27900504.97543812,53284347.663670905,2281097.571289448,13439663.72830121,4132291.374369562,352.20964867365905,3987792.8191180094