date_time,adai,ausdc,ausdt,dai_percent,usdc_percent,usdt_percent,ideal
2022-08-10T00:00:00+00:00,13162449.32,17019030.22,9011521.176,0.335836733,0.434236469,0.229926798,0.33
2022-08-09T00:00:00+00:00,13121564.84,15664510.67,9412022.726,0.343513563,0.41008614,0.246400296,0.33
2022-08-08T00:00:00+00:00,13284510.27,15994785.48,9488938.165,0.34266483,0.41257452,0.244760651,0.33
2022-08-07T00:00:00+00:00,13146865.64,16457188.3,9479841.07,0.336375523,0.421073393,0.242551083,0.33
2022-08-06T00:00:00+00:00,12872541.41,16498052.69,9484394.257,0.331297008,0.424605781,0.24409721,0.33
2022-08-05T00:00:00+00:00,12918547.83,16890564.54,9478233.846,0.328822104,0.429923784,0.241254113,0.33
2022-08-04T00:00:00+00:00,12806992.17,16487550.12,9164957.72,0.332999445,0.428699024,0.238301531,0.33
2022-08-03T00:00:00+00:00,15141360.72,20077565.47,11521672.82,0.323944516,0.42955302,0.246502464,0.33
2022-08-02T00:00:00+00:00,15051850.48,20135919.13,11856372.31,0.319951643,0.428021818,0.25202654,0.33
2022-08-01T00:00:00+00:00,14830870.61,21338535.94,11679537.99,0.309951886,0.445956251,0.244091863,0.33
2022-07-31T00:00:00+00:00,14705975.94,21673439.21,11727234.93,0.305695282,0.450528964,0.243775755,0.33
2022-07-30T00:00:00+00:00,14610881.07,21760776.47,12052833.05,0.301725034,0.449375434,0.248899532,0.33
2022-07-29T00:00:00+00:00,13769850.41,21496891.92,13206029.71,0.284073921,0.443483857,0.272442222,0.33
2022-07-28T00:00:00+00:00,13141618.14,21450491.37,14317737.11,0.268690643,0.438572043,0.292737314,0.33
2022-07-27T00:00:00+00:00,13274492.12,19497386.41,15474730.51,0.275138344,0.404119311,0.320742345,0.33
2022-07-26T00:00:00+00:00,13076892.14,19146967.65,15669962.76,0.273039224,0.399779484,0.327181292,0.33
2022-07-25T00:00:00+00:00,12977717.35,19191429.92,16121157.01,0.268743748,0.397417871,0.333838381,0.33
2022-07-24T00:00:00+00:00,12808720.43,19707841.95,16296125.2,0.262405556,0.40374425,0.333850194,0.33
2022-07-23T00:00:00+00:00,12452705.62,19862869.54,16588528.73,0.254635187,0.406159565,0.339205249,0.33
2022-07-22T00:00:00+00:00,12341010.68,19451086.13,16878468.09,0.253562101,0.39964784,0.346790059,0.33
2022-07-21T00:00:00+00:00,11769889.74,18613747.99,18654700.18,0.240014043,0.379575426,0.380410531,0.33
2022-07-20T00:00:00+00:00,11442357.75,17397906.19,19738526.85,0.235542251,0.358137902,0.406319847,0.33
2022-07-19T00:00:00+00:00,11075609.82,14999113.79,22056854.39,0.230111089,0.311627302,0.458261609,0.33
2022-07-18T00:00:00+00:00,10680101.4,12860944.2,24550051.7,0.222080634,0.267428795,0.510490571,0.33
2022-07-17T00:00:00+00:00,9664198.547,10584160.24,25757654.62,0.210063812,0.230060365,0.559875823,0.33
2022-07-16T00:00:00+00:00,9547052.508,10228562.71,26379764.01,0.206845934,0.221611497,0.571542569,0.33
2022-07-15T00:00:00+00:00,9351432.997,9503536.574,26993175.39,0.203965351,0.207282903,0.588751746,0.33
2022-07-14T00:00:00+00:00,9170432.24,9072935.635,28454015.03,0.196380004,0.194292165,0.609327831,0.33
2022-07-13T00:00:00+00:00,9311092.464,8486777.343,29067585.42,0.198677094,0.181088123,0.620234782,0.33
2022-07-12T00:00:00+00:00,9015657.546,8312878.437,29112731.53,0.194130308,0.178997665,0.626872028,0.33
2022-07-11T00:00:00+00:00,8825542.84,8706290.125,29105115.92,0.189239285,0.186682241,0.624078475,0.33
2022-07-10T00:00:00+00:00,8948083.966,9561069.732,28788924.98,0.189184936,0.202144992,0.608670073,0.33
2022-07-09T00:00:00+00:00,8725947.986,9459541.383,29294119.42,0.183783064,0.199233768,0.616983167,0.33
2022-07-08T00:00:00+00:00,8604571.097,9051804.935,29895822.65,0.180950016,0.190355129,0.628694855,0.33
2022-07-07T00:00:00+00:00,7944089.89,8876141.868,31196747.95,0.165443348,0.184854231,0.649702421,0.33
2022-07-06T00:00:00+00:00,8035457.219,8299777.938,31467401.55,0.168096527,0.173625944,0.658277529,0.33
2022-07-05T00:00:00+00:00,7521545.491,7697813.176,31750686.59,0.160134942,0.16388771,0.675977347,0.33
2022-07-04T00:00:00+00:00,7597511.921,7784105.213,32150965.2,0.15983798,0.163763567,0.676398454,0.33
2022-07-03T00:00:00+00:00,7321563.011,7228862.501,32306261.93,0.156254388,0.154276004,0.689469608,0.33
2022-07-02T00:00:00+00:00,7245225.375,7109972.409,32339864.42,0.155160418,0.152263903,0.692575679,0.33
2022-07-01T00:00:00+00:00,7250595.927,7158223.81,32263248.81,0.15535193,0.153372757,0.691275313,0.33
2022-06-30T00:00:00+00:00,7019703.357,6826322.672,32941417.94,0.150033914,0.145900739,0.704065346,0.33
2022-06-29T00:00:00+00:00,7201439.974,6603801.802,33436799.95,0.152437103,0.139786545,0.707776352,0.33
2022-06-28T00:00:00+00:00,8049069.705,7189944.736,32443914.03,0.168804014,0.15078656,0.680409427,0.33
2022-06-27T00:00:00+00:00,8187111.701,8462328.417,31844951.96,0.168825948,0.174501175,0.656672877,0.33
2022-06-26T00:00:00+00:00,8370216.493,9275389.768,30864083.82,0.172547309,0.191206948,0.636245743,0.33
2022-06-25T00:00:00+00:00,8106464.902,9381735.333,31410052.72,0.165782301,0.191862383,0.642355316,0.33
2022-06-24T00:00:00+00:00,8017587.194,8516219.189,32806183.24,0.162496735,0.172602776,0.664900489,0.33
2022-06-23T00:00:00+00:00,7799640.508,8157474.842,32856872.05,0.159782901,0.16711347,0.673103629,0.33
2022-06-22T00:00:00+00:00,7455927.146,7100933.582,33583288.4,0.154879602,0.147505434,0.697614964,0.33
2022-06-21T00:00:00+00:00,7148871.338,7379796.391,34074850.79,0.147085469,0.15183667,0.701077861,0.33
2022-06-20T00:00:00+00:00,6904670.204,7106887.169,34441386.91,0.142502593,0.146676064,0.710821343,0.33
2022-06-19T00:00:00+00:00,7278957.192,6833168.719,35283102.07,0.147361547,0.138336617,0.714301837,0.33
2022-06-18T00:00:00+00:00,6860613.008,5724752.888,36633292.21,0.139390493,0.116312657,0.74429685,0.33
2022-06-17T00:00:00+00:00,8798934.722,6602154.654,35176042.86,0.173970613,0.130536358,0.695493028,0.33
2022-06-16T00:00:00+00:00,9822094.03,6698606.334,35729816.65,0.187980801,0.128201723,0.683817476,0.33
2022-06-15T00:00:00+00:00,11159667.45,6374523.129,35443245.32,0.210649445,0.120325248,0.669025307,0.33
2022-06-14T00:00:00+00:00,8960187.981,8174737.419,38027509.66,0.162432785,0.148193919,0.689373296,0.33
2022-06-13T00:00:00+00:00,9157646.164,7265011.609,40337477.06,0.161339401,0.127994967,0.710665631,0.33
2022-06-12T00:00:00+00:00,11585049.14,8160532.601,39622896.75,0.19513805,0.137455647,0.667406303,0.33
2022-06-11T00:00:00+00:00,13362251.89,8081557.934,38782418.48,0.221867652,0.134186685,0.643945662,0.33
2022-06-10T00:00:00+00:00,15443225.66,11161418.32,40316479.14,0.23076758,0.166784683,0.602447736,0.33
2022-06-09T00:00:00+00:00,15034355.95,13208251.72,41400083.71,0.215878445,0.189657399,0.594464155,0.33
2022-06-08T00:00:00+00:00,14653766.55,13503300.07,42170551.77,0.208364322,0.19200565,0.599630028,0.33
2022-06-07T00:00:00+00:00,14014587.28,13338190.3,44017815.16,0.196363611,0.18688636,0.616750029,0.33
2022-06-06T00:00:00+00:00,13826469.53,13085978.19,44740562.45,0.192964252,0.182629846,0.624405902,0.33
2022-06-05T00:00:00+00:00,13765940.79,12603674.1,44742395.49,0.193581094,0.177236926,0.62918198,0.33
2022-06-04T00:00:00+00:00,13881602.34,12352397.09,44778058.27,0.195482328,0.173947883,0.630569789,0.33
2022-06-03T00:00:00+00:00,13642545.61,11152116.01,45628241.56,0.193723135,0.15835922,0.647917645,0.33
2022-06-02T00:00:00+00:00,13685131.07,11785186.69,42919473.56,0.200104881,0.17232377,0.627571348,0.33
2022-06-01T00:00:00+00:00,13556274.82,11230500.95,43113510.14,0.199649746,0.165396961,0.634953293,0.33
2022-05-31T00:00:00+00:00,13242083.11,12418666.78,44062989.15,0.18992216,0.178112461,0.631965379,0.33
2022-05-30T00:00:00+00:00,13622353.58,13482180.2,46177277.81,0.185889968,0.183977169,0.630132864,0.33
2022-05-29T00:00:00+00:00,14057499.15,10980706.73,47531740.99,0.193709652,0.15131204,0.654978308,0.33
2022-05-28T00:00:00+00:00,13239471.85,11280367.24,47990204.26,0.182588111,0.155569721,0.661842168,0.33
2022-05-27T00:00:00+00:00,13399205.23,11061321.29,48074604.59,0.184727111,0.152496054,0.662776835,0.33
2022-05-26T00:00:00+00:00,12727930.51,10706996.28,48775941.22,0.176260594,0.148274028,0.675465377,0.33
2022-05-25T00:00:00+00:00,12588622.59,11153584.25,49724299.23,0.171351862,0.151818629,0.676829509,0.33
2022-05-24T00:00:00+00:00,12004797.94,10760586.84,50797645.83,0.163190639,0.146277101,0.690532261,0.33
2022-05-23T00:00:00+00:00,11439579.55,10979230.79,44212243.25,0.171685407,0.164776485,0.663538108,0.33
2022-05-22T00:00:00+00:00,11184212.74,10751243.54,44050571.37,0.169493651,0.162932123,0.667574226,0.33
2022-05-21T00:00:00+00:00,10916100.63,9873716.811,43206957.11,0.170572669,0.154284601,0.67514273,0.33
2022-05-20T00:00:00+00:00,10929485.43,9986172.233,42759026.95,0.171645694,0.156831122,0.671523184,0.33
2022-05-19T00:00:00+00:00,11786733.06,9208324.687,44315584.85,0.180471859,0.140992713,0.678535428,0.33
2022-05-18T00:00:00+00:00,11612317.65,8007024.528,43539789.03,0.183858097,0.126775406,0.689366497,0.33
2022-05-17T00:00:00+00:00,11571558.17,9390000.234,43478094.39,0.179572013,0.145717735,0.674710252,0.33
2022-05-16T00:00:00+00:00,11562578.09,10305344.07,45950102.47,0.170494174,0.151955828,0.677549998,0.33
2022-05-15T00:00:00+00:00,11233790.71,10566691.78,46789291.71,0.163782296,0.154056372,0.682161332,0.33
2022-05-14T00:00:00+00:00,10776595.22,8973218.499,48257511.75,0.158462271,0.131944881,0.709592848,0.33
2022-05-13T00:00:00+00:00,11659560.14,8645833.707,48529529.59,0.16938437,0.125602431,0.705013199,0.33
2022-05-12T00:00:00+00:00,8484050.205,6497976.082,54708396.36,0.121739113,0.093240589,0.785020298,0.33
2022-05-11T00:00:00+00:00,21898600.83,4957089.166,62718070.81,0.244475621,0.055340862,0.700183516,0.33
2022-05-10T00:00:00+00:00,33526420.59,26984956.82,39325037.95,0.335813545,0.270291724,0.393894731,0.33
2022-05-09T00:00:00+00:00,32659603.58,28269629.36,39128338.51,0.326408118,0.282533635,0.391058247,0.33
2022-05-08T00:00:00+00:00,35203669.67,33282990.1,39832868.52,0.324998366,0.307266756,0.367734878,0.33
2022-05-07T00:00:00+00:00,38148889.47,31664536.08,37250440.03,0.356319,0.295753716,0.347927285,0.33
2022-05-06T00:00:00+00:00,44796476.78,30211158.11,33906288.36,0.411301654,0.277385638,0.311312708,0.33
2022-05-05T00:00:00+00:00,46659596,31797066.96,32131699.35,0.421921394,0.287526339,0.290552267,0.33
2022-05-04T00:00:00+00:00,47394960.19,29357493.03,32566413.21,0.433547856,0.26854919,0.297902954,0.33
2022-05-03T00:00:00+00:00,48355590.52,29923549.11,31132803.86,0.441958976,0.273494357,0.284546667,0.33
2022-05-02T00:00:00+00:00,51567082.85,31648175.36,27566340.86,0.465484189,0.285680796,0.248835015,0.33
2022-05-01T00:00:00+00:00,51732280.35,30966948.82,27670316.6,0.468718794,0.280575122,0.250706084,0.33
2022-04-30T00:00:00+00:00,51991008.8,29819722.56,26638481.33,0.479404207,0.27496486,0.245630933,0.33
2022-04-29T00:00:00+00:00,52517073.28,30858912.57,26501448.06,0.4779605,0.280848501,0.241190999,0.33
2022-04-28T00:00:00+00:00,53409738.08,29521902.84,25647096.28,0.491898685,0.27189396,0.236207355,0.33
2022-04-27T00:00:00+00:00,54869612.24,31299550.63,25669466.51,0.490614133,0.279863503,0.229522363,0.33
2022-04-26T00:00:00+00:00,54671782.21,31425670.73,24688092.48,0.493492017,0.283662193,0.222845791,0.33
2022-04-25T00:00:00+00:00,55235163.72,34258852.2,24463649.85,0.484698974,0.300627886,0.214673139,0.33
2022-04-24T00:00:00+00:00,56753005.29,33600362.95,24761805.52,0.493010638,0.291884743,0.215104618,0.33
2022-04-23T00:00:00+00:00,56930711.72,33956420.52,24452538.28,0.493591766,0.294403655,0.212004579,0.33
2022-04-22T00:00:00+00:00,57065649.29,34647764.72,23558445.74,0.495052734,0.300574353,0.204372913,0.33
2022-04-21T00:00:00+00:00,57198526.15,33199260.08,23854382.7,0.500634051,0.290578817,0.208787132,0.33
2022-04-20T00:00:00+00:00,58036296.05,35280127.65,23353330.14,0.497440803,0.302393092,0.200166105,0.33
2022-04-19T00:00:00+00:00,57529631.58,35644919.51,23791748.91,0.491847922,0.304745209,0.203406869,0.33
2022-04-18T00:00:00+00:00,57483471.1,36338689.04,23467956,0.490096463,0.309818851,0.200084685,0.33
2022-04-17T00:00:00+00:00,57191643.55,32369714.46,24788857.36,0.500144607,0.283075238,0.216780155,0.33
2022-04-16T00:00:00+00:00,57405134.01,32621860.88,25391711.85,0.497364211,0.282639286,0.219996503,0.33
2022-04-15T00:00:00+00:00,57934561.93,32453332.7,24899118.43,0.502524616,0.281500334,0.21597505,0.33
2022-04-14T00:00:00+00:00,58475019.6,31888281.62,23820535.06,0.512112936,0.279271416,0.208615649,0.33
2022-04-13T00:00:00+00:00,58915067.52,33109084.19,23300317.95,0.510863546,0.287095048,0.202041406,0.33
2022-04-12T00:00:00+00:00,59279726.12,31932323.05,23747280.76,0.515658243,0.277770609,0.206571148,0.33
2022-04-11T00:00:00+00:00,59082114.45,32508850.91,24000848.78,0.511127149,0.281238349,0.207634502,0.33
2022-04-10T00:00:00+00:00,61295013.84,33338321.22,24473535.77,0.514621981,0.279902587,0.205475432,0.33
2022-04-09T00:00:00+00:00,62362604.1,31093869.24,27361674.34,0.516169179,0.257360917,0.226469904,0.33
2022-04-08T00:00:00+00:00,62648887.33,29589635.53,27218702.81,0.524446194,0.247700676,0.22785313,0.33
2022-04-07T00:00:00+00:00,64104226.34,30179585.14,27316469.01,0.527171698,0.248186805,0.224641497,0.33
2022-04-06T00:00:00+00:00,64847005.41,33825711.3,26101358.96,0.519715374,0.271095667,0.209188959,0.33
2022-04-05T00:00:00+00:00,69619549.44,37765006.82,22369509.94,0.53655004,0.291050662,0.172399298,0.33
2022-04-04T00:00:00+00:00,70151881.12,40293375.27,21076472.79,0.533386244,0.306362876,0.16025088,0.33
2022-04-03T00:00:00+00:00,68514131.23,41488451.8,22700875.52,0.516294993,0.31264032,0.171064686,0.33
2022-04-02T00:00:00+00:00,68137419.28,41340109.75,22931852.67,0.514596612,0.312214355,0.173189032,0.33
2022-04-01T00:00:00+00:00,68668772.29,41400746.53,22933667.42,0.51629419,0.311276351,0.172429459,0.33
2022-03-31T00:00:00+00:00,67917385.41,39318733.1,24163388.14,0.51687702,0.299230447,0.183892533,0.33
2022-03-30T00:00:00+00:00,67484580.36,41765808.92,24464152.31,0.504691409,0.312350537,0.182958054,0.33
2022-03-29T00:00:00+00:00,67553410.93,42884730.88,24177892.71,0.501822916,0.318570749,0.179606336,0.33
2022-03-28T00:00:00+00:00,67790306.11,44132685.59,24512256.97,0.496867978,0.323469822,0.1796622,0.33
2022-03-27T00:00:00+00:00,66602285.1,46462806.9,24328137.32,0.484756676,0.33817392,0.177069405,0.33
2022-03-26T00:00:00+00:00,66198861.47,46195867.33,24252439.14,0.484451032,0.338066775,0.177482194,0.33
2022-03-25T00:00:00+00:00,64701344.15,46216256.43,24676887.81,0.477167951,0.340841704,0.181990346,0.33
2022-03-24T00:00:00+00:00,63509550.37,46528261.7,25056980.29,0.470111018,0.344411956,0.185477026,0.33
2022-03-23T00:00:00+00:00,62069616.65,46328091.36,20702339.63,0.480786938,0.358854177,0.160358885,0.33
2022-03-22T00:00:00+00:00,61868305.1,47851554.52,19733113.39,0.477921083,0.369644307,0.15243461,0.33
2022-03-21T00:00:00+00:00,65357738.29,44873634.77,19585906.34,0.503459467,0.345667657,0.150872876,0.33
2022-03-20T00:00:00+00:00,65274816.81,45961286.35,18798722.57,0.5019795,0.35345367,0.14456683,0.33
2022-03-19T00:00:00+00:00,65110762.47,49282628.82,16178473.69,0.49865844,0.377436815,0.123904745,0.33
2022-03-18T00:00:00+00:00,62084090.77,46523474.29,26234509.11,0.460420764,0.345021942,0.194557294,0.33
2022-03-17T00:00:00+00:00,62128808.75,40896216.4,30008895.67,0.467014791,0.307411945,0.225573263,0.33
2022-03-16T00:00:00+00:00,63320232.26,38757219.64,31777314.71,0.473051755,0.289546802,0.237401443,0.33
2022-03-15T00:00:00+00:00,57019804.76,45822532.59,22505858.68,0.454891307,0.365561963,0.17954673,0.33
2022-03-14T00:00:00+00:00,56638181.47,47547819.63,22871498.52,0.44576811,0.37422285,0.18000904,0.33
2022-03-13T00:00:00+00:00,57198085.94,33487236.24,20538894.89,0.514259281,0.301078642,0.184662077,0.33
2022-03-12T00:00:00+00:00,57429370.61,33424219.1,20341353.78,0.51647466,0.300591178,0.182934162,0.33
2022-03-11T00:00:00+00:00,57745791.59,31756190.34,22091828.24,0.517464109,0.28456946,0.19796643,0.33
2022-03-10T00:00:00+00:00,58353442.99,30562062.29,22377840.02,0.524321044,0.274608174,0.201070782,0.33
2022-03-09T00:00:00+00:00,59329259.26,31844637.55,23139224.77,0.519006554,0.278573773,0.202419674,0.33
2022-03-08T00:00:00+00:00,59880451.14,30203271.47,23025735.2,0.529402689,0.267026932,0.203570379,0.33
2022-03-07T00:00:00+00:00,60809653.22,29271466.26,22169324.07,0.541731964,0.26076927,0.197498766,0.33
2022-03-06T00:00:00+00:00,63357978.55,29851458.33,20824833.58,0.555604717,0.261776203,0.18261908,0.33
2022-03-05T00:00:00+00:00,64900332.57,30578802.21,20538959.6,0.559398367,0.263569251,0.177032382,0.33
2022-03-04T00:00:00+00:00,65419903.22,31815207.21,19822809.48,0.558867809,0.2717903,0.169341891,0.33
2022-03-03T00:00:00+00:00,66347840.48,33349302.95,18800496.49,0.559908539,0.281434322,0.158657139,0.33
2022-03-02T00:00:00+00:00,66804836.2,35005598.51,19193063.7,0.552090122,0.289294103,0.158615775,0.33
2022-03-01T00:00:00+00:00,67039290.51,35926350.72,19480393.28,0.547500707,0.293405588,0.159093705,0.33
2022-02-28T00:00:00+00:00,66285427.74,35263834.38,19146848.78,0.549192739,0.292170428,0.158636833,0.33
2022-02-27T00:00:00+00:00,65951218.61,34835805.28,17266054.18,0.55865734,0.295085955,0.146256705,0.33
2022-02-26T00:00:00+00:00,63819684.69,36759475.02,18869215.73,0.534286753,0.307743616,0.15796963,0.33
2022-02-25T00:00:00+00:00,63347051.26,35212377.83,18780039.19,0.539861414,0.300089802,0.160048784,0.33
2022-02-24T00:00:00+00:00,62671358.34,35559967.42,19740334.08,0.531240795,0.30142805,0.167331155,0.33
2022-02-23T00:00:00+00:00,62496585.29,37494898.72,19087736.17,0.524832,0.314873566,0.160294434,0.33
2022-02-22T00:00:00+00:00,62402487.45,43058837.05,19785257.06,0.498237051,0.343792513,0.157970436,0.33
2022-02-21T00:00:00+00:00,64639080.49,42630479.23,20896877.42,0.504337032,0.332618119,0.163044849,0.33
2022-02-20T00:00:00+00:00,64541058.59,43044660.04,21820980.95,0.498745883,0.332630847,0.168623271,0.33
2022-02-19T00:00:00+00:00,70212613.6,44506783.23,22353642.56,0.512227743,0.324693925,0.163078332,0.33
2022-02-18T00:00:00+00:00,69912266.67,44595594.08,22632839.89,0.509784961,0.32518132,0.165033719,0.33
2022-02-17T00:00:00+00:00,70053796.27,45523658.78,22286309.15,0.508137847,0.330207572,0.161654582,0.33
2022-02-16T00:00:00+00:00,66992336.31,87712971.86,28499666.75,0.365668762,0.478769596,0.155561642,0.33
2022-02-15T00:00:00+00:00,67607322.86,87811644.6,29161751.48,0.366275109,0.475735738,0.157989153,0.33
2022-02-14T00:00:00+00:00,65944234.95,87668406.34,28882019.63,0.361348845,0.480388883,0.158262272,0.33
2022-02-13T00:00:00+00:00,66570134.85,89061967.94,29544132.53,0.359496102,0.480957871,0.159546026,0.33
2022-02-12T00:00:00+00:00,67808880.91,92398293.66,29714848.33,0.357035376,0.486506474,0.15645815,0.33
2022-02-11T00:00:00+00:00,66641691.97,101473769,28384502.05,0.339143534,0.516406046,0.144450419,0.33
2022-02-10T00:00:00+00:00,64456612.39,98778517.57,35586443.67,0.324193251,0.496819916,0.178986832,0.33
2022-02-09T00:00:00+00:00,64706899.74,97208915.17,37614362.63,0.324296307,0.487189038,0.188514655,0.33
2022-02-08T00:00:00+00:00,63706306.55,98265493.75,38247484.8,0.318182669,0.490789355,0.191027976,0.33
2022-02-07T00:00:00+00:00,59390724.36,95567799.23,40845763.87,0.303316772,0.488078175,0.208605054,0.33
2022-02-06T00:00:00+00:00,52931916.08,93061099.02,49484709.85,0.270782342,0.476070095,0.253147564,0.33
2022-02-05T00:00:00+00:00,52757467.01,93666398.99,49764781.9,0.268911925,0.477430269,0.253657806,0.33
2022-02-04T00:00:00+00:00,52628399.9,91992779.99,50713510.77,0.269426796,0.470949526,0.259623678,0.33
2022-02-03T00:00:00+00:00,53034496.68,89848957.17,52032861.21,0.272088546,0.460961706,0.266949748,0.33
2022-02-02T00:00:00+00:00,52766567.45,85896799.45,53358854.44,0.274794069,0.447327392,0.27787854,0.33
2022-02-01T00:00:00+00:00,52253018.46,82459357.06,55264977.55,0.275048671,0.434048352,0.290902977,0.33
2022-01-31T00:00:00+00:00,48301293.3,75210278.35,61282291.86,0.261379314,0.40699554,0.331625145,0.33
2022-01-30T00:00:00+00:00,54145355.06,82776078.42,55422590.06,0.281502664,0.430354304,0.288143032,0.33
2022-01-29T00:00:00+00:00,53343415.01,81562707.91,55509147.28,0.280142527,0.428341214,0.291516259,0.33
2022-01-28T00:00:00+00:00,53170834.62,81488081.67,55346003.48,0.279839252,0.428873535,0.291287213,0.33
2022-01-27T00:00:00+00:00,52154853.35,82486802.58,57149771.93,0.271935268,0.430085972,0.29797876,0.33
2022-01-26T00:00:00+00:00,52038554.37,77269356.27,61765569.06,0.272348389,0.404396028,0.323255583,0.33
2022-01-25T00:00:00+00:00,51235796.64,79508270.53,67842726.19,0.258002034,0.400370383,0.341627583,0.33
2022-01-24T00:00:00+00:00,50818732.33,80847057.18,66401876.55,0.256572581,0.408178976,0.335248442,0.33
2022-01-23T00:00:00+00:00,55210960.39,88987763.73,62489434.82,0.267122029,0.430541179,0.302336792,0.33
2022-01-22T00:00:00+00:00,56967423.18,90214530.98,62463282.91,0.271732494,0.430319965,0.297947541,0.33
2022-01-21T00:00:00+00:00,62376682.66,99097435.99,59811971.19,0.281882529,0.447824968,0.270292503,0.33
2022-01-20T00:00:00+00:00,67707738.88,101217017.9,60568512.63,0.29503148,0.441045692,0.263922828,0.33
2022-01-19T00:00:00+00:00,67748633.53,100096728.1,65942203.98,0.289787155,0.428152489,0.282060356,0.33
2022-01-18T00:00:00+00:00,66064572.43,99636872.84,68250348.93,0.282385406,0.425886338,0.291728256,0.33
2022-01-17T00:00:00+00:00,65275437.48,98495097.21,68049801.05,0.281577702,0.424876864,0.293545434,0.33
2022-01-16T00:00:00+00:00,65837597.54,100289587.8,67871861.52,0.281358401,0.428589728,0.290051872,0.33
2022-01-15T00:00:00+00:00,68100756.01,99301758.8,67734298.52,0.289621838,0.422314811,0.288063352,0.33
2022-01-14T00:00:00+00:00,68506803.8,111403617.5,63860545.48,0.281029381,0.457001172,0.261969447,0.33
2022-01-13T00:00:00+00:00,68134250.46,111858131.9,64627485.58,0.278531139,0.45727329,0.264195571,0.33
2022-01-12T00:00:00+00:00,68220965.81,110010146.3,67610746.38,0.27749939,0.447483382,0.275017228,0.33
2022-01-11T00:00:00+00:00,50861387.91,88223667.27,105524060,0.207929242,0.360672035,0.431398723,0.33
2022-01-10T00:00:00+00:00,50211368.84,86105658.97,106743852.8,0.206579392,0.354255521,0.439165087,0.33
2022-01-09T00:00:00+00:00,48067637.42,84674628.19,115285972.8,0.193799052,0.34139108,0.464809868,0.33
2022-01-08T00:00:00+00:00,45342460.45,81910326.49,121952534.5,0.181948203,0.328686105,0.489365692,0.33
2022-01-07T00:00:00+00:00,47519987.59,80470893.91,119984415.1,0.191631942,0.324511736,0.483856322,0.33
2022-01-06T00:00:00+00:00,50430039.61,79622952.79,119020355.8,0.202470638,0.319676727,0.477852635,0.33
2022-01-05T00:00:00+00:00,48848440.01,82667902.18,118605046.1,0.195298932,0.330511128,0.47418994,0.33
2022-01-04T00:00:00+00:00,55458713.47,100833711.1,97475657.4,0.218540933,0.397345916,0.38411315,0.33
2022-01-03T00:00:00+00:00,60060461.2,108799929,80059630.65,0.241284172,0.437087899,0.321627928,0.33
2022-01-02T00:00:00+00:00,59251393.2,101115714.1,79526422.17,0.246990377,0.421502465,0.331507158,0.33
2022-01-01T00:00:00+00:00,64369097.64,89402633.99,77399239.5,0.278448013,0.386738151,0.334813835,0.33
2021-12-31T00:00:00+00:00,65749945.56,88391107.46,73516306.27,0.288810982,0.388263783,0.322925235,0.33
2021-12-30T00:00:00+00:00,65262637.41,90917798.99,72201964.52,0.285760361,0.398094593,0.316145045,0.33
2021-12-29T00:00:00+00:00,64884397.41,90627428.91,72319166.8,0.284791795,0.397783584,0.317424622,0.33
2021-12-28T00:00:00+00:00,64358178.96,92090556.23,72649152.41,0.280920002,0.401970342,0.317109656,0.33
2021-12-27T00:00:00+00:00,64628635.74,91729987,73626129.74,0.281012698,0.398852472,0.32013483,0.33
2021-12-26T00:00:00+00:00,64326181.81,91467593.48,75261718.78,0.278401438,0.395868507,0.325730055,0.33
2021-12-25T00:00:00+00:00,62180300.76,90540635.3,76223840.88,0.271595192,0.39546932,0.332935487,0.33
2021-12-24T00:00:00+00:00,61199945.71,89126207.44,77090145.78,0.26910976,0.391907739,0.338982501,0.33
2021-12-23T00:00:00+00:00,60662581.69,88862270.2,74622969.92,0.270636499,0.396444942,0.332918559,0.33
2021-12-22T00:00:00+00:00,71084541.58,84375622.82,65286510.84,0.322018628,0.382228284,0.295753088,0.33
2021-12-21T00:00:00+00:00,72493780.28,80977931.33,64149215.99,0.333119526,0.372105441,0.294775032,0.33
2021-12-20T00:00:00+00:00,74182128.49,85584203.26,62829055.04,0.333259955,0.384483275,0.282256771,0.33
2021-12-19T00:00:00+00:00,74256571.4,83641977.66,62583661.81,0.336791667,0.379359302,0.283849031,0.33
2021-12-18T00:00:00+00:00,75149965.33,82867225.28,62944192.43,0.340104521,0.375030352,0.284865127,0.33
2021-12-17T00:00:00+00:00,78097304.95,83093826.01,57862405.51,0.356521544,0.379331132,0.264147324,0.33
2021-12-16T00:00:00+00:00,79285958.44,84381196.99,56155144.37,0.360682053,0.383860951,0.255456996,0.33
2021-12-15T00:00:00+00:00,81057007.05,85950750.93,53020175.41,0.368394166,0.390635633,0.240970201,0.33
2021-12-14T00:00:00+00:00,80556618.43,90176645.62,49546269.36,0.365701784,0.409373691,0.224924525,0.33
2021-12-13T00:00:00+00:00,79397898.82,92943106.82,47062324.05,0.361881011,0.423617577,0.214501412,0.33
2021-12-12T00:00:00+00:00,79242736.08,94648106.07,46901239.33,0.358902075,0.428675274,0.212422651,0.33
2021-12-11T00:00:00+00:00,78169310.57,99051367,43674506.36,0.353875124,0.448408903,0.197715974,0.33
2021-12-10T00:00:00+00:00,76458140.99,102882072.1,40652484.37,0.347548541,0.467661306,0.184790154,0.33
2021-12-09T00:00:00+00:00,75554075.26,106582125,37735611.89,0.343627837,0.484746653,0.17162551,0.33
2021-12-08T00:00:00+00:00,71624823.1,108860240.9,39633097.96,0.325392609,0.494553652,0.180053738,0.33
2021-12-07T00:00:00+00:00,75754905.06,105061117.4,39928053.24,0.343179788,0.475940824,0.180879388,0.33
2021-12-06T00:00:00+00:00,81020505.79,109399853.9,35949213.81,0.357912526,0.483279852,0.158807623,0.33
2021-12-05T00:00:00+00:00,82008095.2,121089693.9,29008718.23,0.353320965,0.521698832,0.124980202,0.33
2021-12-04T00:00:00+00:00,73629943.67,118334072.5,26934297.03,0.336365971,0.540589239,0.12304479,0.33
2021-12-03T00:00:00+00:00,60707517.68,114489932.8,48193336.24,0.271754796,0.512509645,0.215735559,0.33
2021-12-02T00:00:00+00:00,61761924.54,117511278.9,44283018.21,0.276270211,0.525645308,0.198084481,0.33
2021-12-01T00:00:00+00:00,64642466.83,113419898.5,46399220.08,0.287988997,0.505297592,0.206713412,0.33
2021-11-30T00:00:00+00:00,79126735.99,122282209.6,47103192.29,0.318401896,0.492057292,0.189540812,0.33
2021-11-29T00:00:00+00:00,81210024.78,115230817.3,49376142.97,0.330367834,0.468766702,0.200865465,0.33
2021-11-28T00:00:00+00:00,81388929.66,112815848.8,51905171.75,0.3307015,0.45839613,0.21090237,0.33
2021-11-27T00:00:00+00:00,81521452.08,111671200.3,51197768.92,0.33357057,0.456937713,0.209491717,0.33
2021-11-26T00:00:00+00:00,82532622.18,109597140.5,51718613.97,0.338458772,0.449447899,0.212093329,0.33
2021-11-25T00:00:00+00:00,82465524.47,110944873.6,52722742.06,0.335044377,0.450751465,0.214204158,0.33
2021-11-24T00:00:00+00:00,87386300.99,97632815.74,56465481.43,0.361871116,0.404302454,0.23382643,0.33
2021-11-23T00:00:00+00:00,90324163.08,100208838.9,48757580.8,0.377466435,0.418774687,0.203758879,0.33
2021-11-22T00:00:00+00:00,92715052.61,99662952.03,46412030,0.388270192,0.417366462,0.194363345,0.33
2021-11-21T00:00:00+00:00,95904482.92,103544807.1,45335020.64,0.391791789,0.423004264,0.185203948,0.33
2021-11-20T00:00:00+00:00,99115147.26,97509348.59,45489833.83,0.409373321,0.402740923,0.187885756,0.33
2021-11-19T00:00:00+00:00,98848027.42,96621840.06,52872838.14,0.398030726,0.389066551,0.212902723,0.33
2021-11-18T00:00:00+00:00,100852816.3,89639976.96,59414060.09,0.403561627,0.358693552,0.237744821,0.33
2021-11-17T00:00:00+00:00,121777147.5,79639747.79,59395560.61,0.466914615,0.305352547,0.227732837,0.33
2021-11-16T00:00:00+00:00,126112336.4,74073282.21,64493703.41,0.476472191,0.27986048,0.243667329,0.33
2021-11-15T00:00:00+00:00,129142821.2,75439978.45,69150012.44,0.47178422,0.275597134,0.252618646,0.33
2021-11-14T00:00:00+00:00,130827494.3,77712945.95,67129498.93,0.474580198,0.281905768,0.243514034,0.33
2021-11-13T00:00:00+00:00,129564725.4,81400031.34,66434013.5,0.467070295,0.293440491,0.239489214,0.33
2021-11-12T00:00:00+00:00,126116725.6,83663643.16,68231443.37,0.453638011,0.30093557,0.245426419,0.33
2021-11-11T00:00:00+00:00,121216229.6,86864517.72,69397215.23,0.436849934,0.31305015,0.250099916,0.33
2021-11-10T00:00:00+00:00,107928005,103544834.8,73799350.43,0.378333426,0.362968556,0.258698019,0.33
2021-11-09T00:00:00+00:00,103190652.7,132414162.5,59049638.38,0.350209038,0.449387956,0.200403007,0.33
2021-11-08T00:00:00+00:00,101590767.5,142655939.1,52447068.69,0.342409501,0.48081878,0.176771719,0.33
2021-11-07T00:00:00+00:00,104843518.8,163832681.3,49134731.35,0.329892739,0.515503606,0.154603654,0.33
2021-11-06T00:00:00+00:00,107088416.6,156345301.2,50209708.44,0.34143364,0.49848104,0.160085321,0.33
2021-11-05T00:00:00+00:00,108306938.3,149847467.6,64879777.79,0.335280115,0.463874956,0.200844929,0.33
2021-11-04T00:00:00+00:00,110886567.9,144189072.2,69755315.73,0.341366997,0.443889567,0.214743437,0.33
2021-11-03T00:00:00+00:00,112609321,148622618.5,68549246.54,0.341466784,0.450670398,0.207862818,0.33
2021-11-02T00:00:00+00:00,113513917.9,144540304.4,64553457.65,0.351863657,0.448037395,0.200098949,0.33
2021-11-01T00:00:00+00:00,124092523.9,140187448.1,79797654.78,0.360652697,0.407429711,0.231917592,0.33
2021-10-31T00:00:00+00:00,117910428.9,137424079.2,88063282.34,0.343363971,0.400189177,0.256446852,0.33
2021-10-30T00:00:00+00:00,114048975.3,118482284.5,101006253.1,0.341937476,0.355229262,0.302833262,0.33
2021-10-29T00:00:00+00:00,141159234.6,66671222.1,91399135.58,0.471742228,0.222809588,0.305448184,0.33
2021-10-28T00:00:00+00:00,102393217.6,130392060.5,62849332.25,0.346350576,0.441058171,0.212591253,0.33
2021-10-27T00:00:00+00:00,99022439.63,124131152.6,70199222.65,0.33755408,0.423146281,0.239299639,0.33
2021-10-26T00:00:00+00:00,120471465.6,76691847.53,100166326.8,0.405178124,0.257935427,0.33688645,0.33
2021-10-25T00:00:00+00:00,120190420.1,72889641.86,105527105.6,0.402503467,0.244098768,0.353397765,0.33
2021-10-24T00:00:00+00:00,120491483.5,74389149.81,105664118.6,0.40091029,0.247514386,0.351575324,0.33
2021-10-23T00:00:00+00:00,124910264.8,72018406.01,105871742,0.412516825,0.237841175,0.349642,0.33
2021-10-22T00:00:00+00:00,109540530.7,98306126.56,96264602.42,0.360198865,0.323257109,0.316544026,0.33
2021-10-21T00:00:00+00:00,111925237.1,112128537.5,83816909.14,0.363546265,0.364206608,0.272247127,0.33
2021-10-20T00:00:00+00:00,123419735.8,122094165.6,89248605.04,0.368678491,0.364718758,0.266602751,0.33
2021-10-19T00:00:00+00:00,124587809.3,115675739.3,100069030,0.366076647,0.339890291,0.294033062,0.33
2021-10-18T00:00:00+00:00,106791636.1,122755148.6,107604776.7,0.316746675,0.364094854,0.319158471,0.33
2021-10-17T00:00:00+00:00,74846499.4,143891412,131090054.5,0.213952304,0.411320495,0.374727201,0.33
2021-10-16T00:00:00+00:00,63070183.48,146751221,142106869.9,0.179213175,0.416991847,0.403794978,0.33
2021-10-15T00:00:00+00:00,62277672.72,148320594,139335112.1,0.177970084,0.423853805,0.398176112,0.33
2021-10-14T00:00:00+00:00,66977632.57,164458087.7,132496431.6,0.184038789,0.451892164,0.364069047,0.33
2021-10-13T00:00:00+00:00,66803013.46,162523344.7,130407404.7,0.185701261,0.451787854,0.362510885,0.33
2021-10-12T00:00:00+00:00,70250900.05,157747586.1,123217690.6,0.200021823,0.449146698,0.350831479,0.33
2021-10-11T00:00:00+00:00,74982553.21,160624911.1,115808578.3,0.213372596,0.45707905,0.329548354,0.33
2021-10-10T00:00:00+00:00,74979341.09,157927596.5,116917099.8,0.214334446,0.45144867,0.334216884,0.33
2021-10-09T00:00:00+00:00,77505142.87,155422508.1,117459112.8,0.221198832,0.443574142,0.335227026,0.33
2021-10-08T00:00:00+00:00,82878110.78,163215417.9,122610153.6,0.224782433,0.442673685,0.332543881,0.33
2021-10-07T00:00:00+00:00,89158749.06,181884306.6,152110156.3,0.210700868,0.429830854,0.359468278,0.33
2021-10-06T00:00:00+00:00,91805731.79,183078135.9,155945489.2,0.213090706,0.424943503,0.361965791,0.33
2021-10-05T00:00:00+00:00,95104057.56,181248492.1,154227154.3,0.220874455,0.420940631,0.358184914,0.33
2021-10-04T00:00:00+00:00,98021760.66,180884356.5,138781047.9,0.234677454,0.433061802,0.332260743,0.33
2021-10-03T00:00:00+00:00,101761006.4,168485171.6,133754083.1,0.251883516,0.417042235,0.331074249,0.33
2021-10-02T00:00:00+00:00,105411767.5,163285193.8,131897128.7,0.263138599,0.407607595,0.329253806,0.33
2021-10-01T00:00:00+00:00,107531699.2,162405931,127163795.6,0.270791521,0.408978464,0.320230015,0.33
2021-09-30T00:00:00+00:00,109254523.7,151600431.1,117591087.3,0.288692473,0.400586647,0.31072088,0.33
2021-09-29T00:00:00+00:00,99328018.27,142125933.6,107412885.9,0.284716137,0.407393074,0.307890789,0.33
2021-09-28T00:00:00+00:00,99486957.61,142480828.4,102095030.9,0.289153471,0.414112835,0.296733695,0.33
2021-09-27T00:00:00+00:00,101664838.3,139154477.3,101824429.4,0.296707119,0.406119999,0.297172883,0.33
2021-09-26T00:00:00+00:00,100843935.3,135373936.7,98068982.7,0.301668863,0.404963386,0.293367751,0.33
2021-09-25T00:00:00+00:00,101341257.5,132222595.3,98128325.45,0.305528029,0.398630429,0.295841542,0.33
2021-09-24T00:00:00+00:00,103897269.2,120170478.3,100002288.4,0.320601283,0.370816382,0.308582335,0.33
2021-09-23T00:00:00+00:00,103152908.5,104586713.8,104425462.4,0.330443453,0.335036553,0.334519994,0.33
2021-09-22T00:00:00+00:00,101529002.9,86392544.84,87532796.81,0.368587408,0.31363653,0.317776062,0.33
2021-09-21T00:00:00+00:00,102419393.4,83359173.89,90264638.89,0.371026677,0.301978719,0.326994604,0.33
2021-09-20T00:00:00+00:00,107520976.5,92142743.65,84707389.65,0.378100914,0.324022872,0.297876214,0.33
2021-09-19T00:00:00+00:00,108609742.1,95411820.88,81780146.53,0.380017818,0.333839224,0.286142958,0.33
2021-09-18T00:00:00+00:00,108716200.7,96766429.7,83377452.12,0.376362839,0.334994122,0.288643039,0.33
2021-09-17T00:00:00+00:00,108836913.7,98825505.05,83300763.72,0.374057339,0.339649519,0.286293142,0.33
2021-09-16T00:00:00+00:00,109579012.4,96527326.98,85740201.96,0.375467915,0.330746859,0.293785226,0.33
2021-09-15T00:00:00+00:00,109599084.1,92097518.62,91681015.57,0.373576842,0.31392142,0.312501738,0.33
2021-09-14T00:00:00+00:00,109386706.5,90255790.15,97691198.89,0.367892063,0.303550494,0.328557444,0.33
2021-09-13T00:00:00+00:00,110820225.2,90345414.47,98601742.53,0.369687404,0.301385073,0.328927523,0.33
2021-09-12T00:00:00+00:00,110730570.1,91553638.03,96511160.89,0.370589981,0.30640916,0.323000859,0.33
2021-09-11T00:00:00+00:00,109822839,94848892.38,97915163.75,0.362946449,0.313460014,0.323593537,0.33
2021-09-10T00:00:00+00:00,110000237,96890509.74,96042767.81,0.363116762,0.31984084,0.317042398,0.33
2021-09-09T00:00:00+00:00,108865081.8,100942768.8,90085651.12,0.363012473,0.336595385,0.300392141,0.33
2021-09-08T00:00:00+00:00,102683298.2,112978577.7,77870642.01,0.349819158,0.384892885,0.265287957,0.33
2021-09-07T00:00:00+00:00,90930507.38,132318187.1,80582656.25,0.299279542,0.435498795,0.265221663,0.33
2021-09-06T00:00:00+00:00,85081698.16,145985496.1,84082271.15,0.269972529,0.463226222,0.266801249,0.33
2021-09-05T00:00:00+00:00,82004139.54,153841394.5,84193121.34,0.256231984,0.480696291,0.263071726,0.33
2021-09-04T00:00:00+00:00,80231767.59,156754285.5,84117706.49,0.249862436,0.488173311,0.261964253,0.33
2021-09-03T00:00:00+00:00,74877616.13,159297096.8,92865167.76,0.228955612,0.48708768,0.283956708,0.33
2021-09-02T00:00:00+00:00,74876653.41,162062059.9,89747051.82,0.229200845,0.496079343,0.274719812,0.33
2021-09-01T00:00:00+00:00,72199697.03,168354692.3,87065294.69,0.220376554,0.513872336,0.26575111,0.33
2021-08-31T00:00:00+00:00,70940606.95,174327655.7,87382595.3,0.213258452,0.524055933,0.262685615,0.33
2021-08-30T00:00:00+00:00,71778873.31,174066277.5,86863201.75,0.215741122,0.523179764,0.261079114,0.33
2021-08-29T00:00:00+00:00,68372222.24,188351085.8,76761284.95,0.205023631,0.564796964,0.230179404,0.33
2021-08-28T00:00:00+00:00,66925204.35,190404885.9,77131645.77,0.200098239,0.569287501,0.23061426,0.33
2021-08-27T00:00:00+00:00,68603037.17,191283561.3,78678457.81,0.202628818,0.564983178,0.232388004,0.33
2021-08-26T00:00:00+00:00,68000817.48,191059220.6,81089884.93,0.199914252,0.561691206,0.238394541,0.33
2021-08-25T00:00:00+00:00,64401016.9,200855823.8,82845876.4,0.185005786,0.577001597,0.237992616,0.33
2021-08-24T00:00:00+00:00,71829854.35,189384116.1,81729340.68,0.209451102,0.55223155,0.238317349,0.33
2021-08-23T00:00:00+00:00,69837265.37,188430738.2,85617363.22,0.203082981,0.547946369,0.24897065,0.33
2021-08-22T00:00:00+00:00,71573238.9,185254250.5,92427422.46,0.204931231,0.530427044,0.264641725,0.33
2021-08-21T00:00:00+00:00,71353118.53,185380934.6,96023437.45,0.202272441,0.525519485,0.272208075,0.33
2021-08-20T00:00:00+00:00,62308321.2,187105060.1,110644881.7,0.173050663,0.519652177,0.30729716,0.33
2021-08-19T00:00:00+00:00,65359029.48,188422046.9,110324540.1,0.179505689,0.517492833,0.303001479,0.33
2021-08-18T00:00:00+00:00,65465440.48,197667887.8,111806021.8,0.174602747,0.527199633,0.29819762,0.33
2021-08-17T00:00:00+00:00,67857351.45,200322183.6,111912809.8,0.178528593,0.527035565,0.294435843,0.33
2021-08-16T00:00:00+00:00,68579326.9,203497098.4,109552228.7,0.179701724,0.533233279,0.287064998,0.33
2021-08-15T00:00:00+00:00,64957807.11,201664394.1,110610806.9,0.172195449,0.53458841,0.293216141,0.33
2021-08-14T00:00:00+00:00,66937155.26,193425384.1,117388485.9,0.177199136,0.51204463,0.310756234,0.33
2021-08-13T00:00:00+00:00,74362508.81,187705252.7,118830466.2,0.195229338,0.49279634,0.311974322,0.33
2021-08-12T00:00:00+00:00,77588871.31,186951792.4,114528755.5,0.204682487,0.493186163,0.30213135,0.33
2021-08-11T00:00:00+00:00,70905283.92,167793783.1,100584072.9,0.20898558,0.49455385,0.29646057,0.33
2021-08-10T00:00:00+00:00,72263012.46,169546389.4,99128393.28,0.211953657,0.497294204,0.290752139,0.33
2021-08-09T00:00:00+00:00,72726510.88,171652607.9,99716694.07,0.211355408,0.498851196,0.289793396,0.33
2021-08-08T00:00:00+00:00,72677374.18,164315080.3,103729601.1,0.213303991,0.482255485,0.304440524,0.33
2021-08-07T00:00:00+00:00,76798703.93,159978513.5,107683561,0.222953406,0.464431725,0.312614869,0.33
2021-08-06T00:00:00+00:00,77559028.66,164116763.9,106529047.6,0.222739663,0.471322466,0.305937871,0.33
2021-08-05T00:00:00+00:00,76149064.67,167942916.1,102405711.1,0.219767884,0.484686969,0.295545146,0.33
2021-08-04T00:00:00+00:00,75689056.37,171069785.6,99339477.44,0.218692355,0.494280891,0.287026755,0.33
2021-08-03T00:00:00+00:00,74468396.28,178722229.7,90322849.9,0.216784498,0.520277201,0.262938302,0.33
2021-08-02T00:00:00+00:00,73717635.37,170583341.6,92596257.92,0.218813418,0.506336425,0.274850157,0.33
2021-08-01T00:00:00+00:00,71996385.41,164459793.6,93878186.49,0.217950032,0.497858566,0.284191402,0.33
2021-07-31T00:00:00+00:00,72880239.32,156916846.8,101759459,0.219812398,0.473273259,0.306914342,0.33
2021-07-30T00:00:00+00:00,70284247.36,153201003,109082024.6,0.211338435,0.46066169,0.327999875,0.33
2021-07-29T00:00:00+00:00,69725909.45,145913767.6,118192388.9,0.208865225,0.437087334,0.354047442,0.33
2021-07-28T00:00:00+00:00,70535155.44,146352129.2,118884054,0.210069018,0.435868439,0.354062543,0.33
2021-07-27T00:00:00+00:00,73543785.53,152472085.9,119380800,0.212925577,0.441440519,0.345633904,0.33
2021-07-26T00:00:00+00:00,72553762.95,154433876.8,114164864,0.212672521,0.452682818,0.334644661,0.33
2021-07-25T00:00:00+00:00,70117904.98,149481742.6,124324006.3,0.203876367,0.434636411,0.361487222,0.33
2021-07-24T00:00:00+00:00,65920294.9,134267004.9,139582695.5,0.194014468,0.395170282,0.41081525,0.33
2021-07-23T00:00:00+00:00,55532737.92,123461047.6,160812044.1,0.163424912,0.363328221,0.473246866,0.33
2021-07-22T00:00:00+00:00,56370782.78,123324085.4,171164730.3,0.160664787,0.351491269,0.487843944,0.33
2021-07-21T00:00:00+00:00,58508940.36,120770904.6,182219488.5,0.161850756,0.33408334,0.504065905,0.33
2021-07-20T00:00:00+00:00,84213157.73,116819050.6,155829104.8,0.235982872,0.3273514,0.436665727,0.33
2021-07-19T00:00:00+00:00,96446791.83,109762746.6,158194319.9,0.264670062,0.301211812,0.434118126,0.33
2021-07-18T00:00:00+00:00,76169880.92,161978053.8,131945270.2,0.205812698,0.437668273,0.356519029,0.33
2021-07-17T00:00:00+00:00,74057490.93,168307688.4,130875054.5,0.198417759,0.450936617,0.350645624,0.33
2021-07-16T00:00:00+00:00,66836883.01,180555853.9,126318159.5,0.178846492,0.483143135,0.338010373,0.33
2021-07-15T00:00:00+00:00,60867310.36,194287978.7,121909655,0.161423944,0.515263966,0.32331209,0.33
2021-07-14T00:00:00+00:00,55843478.29,197050600.2,129141328.2,0.146173567,0.51579146,0.338034972,0.33
2021-07-13T00:00:00+00:00,55039169.6,198109255.2,129461459.2,0.143851928,0.517783945,0.338364127,0.33
2021-07-12T00:00:00+00:00,63195459.07,193497170.5,132570871.9,0.162346223,0.497085316,0.340568462,0.33
2021-07-11T00:00:00+00:00,91607934.13,181380091.7,139026212.1,0.222341671,0.440227728,0.337430601,0.33
2021-07-10T00:00:00+00:00,93824519.01,184450987.3,133237790.9,0.227998754,0.448226068,0.323775178,0.33
2021-07-09T00:00:00+00:00,84299788.9,158353972.4,162345048.7,0.208148239,0.390998612,0.40085315,0.33
2021-07-08T00:00:00+00:00,76803365.04,152182569.1,189551047.3,0.18350437,0.363606027,0.452889603,0.33
2021-07-07T00:00:00+00:00,74387447.08,159362846.7,188663879.6,0.176100737,0.377266808,0.446632456,0.33
2021-07-06T00:00:00+00:00,69430115.54,161275750.8,199443714.4,0.161409237,0.374929462,0.463661301,0.33
2021-07-05T00:00:00+00:00,69744318.04,166172654.7,204409980.4,0.158392116,0.377384699,0.464223184,0.33
2021-07-04T00:00:00+00:00,69101641.07,165497910.7,209259857.8,0.155683623,0.372861107,0.47145527,0.33
2021-07-03T00:00:00+00:00,67822580.57,162542102.7,210471866,0.153849722,0.368712855,0.477437423,0.33
2021-07-02T00:00:00+00:00,69519812.35,158878053.1,198189390.6,0.162967391,0.372439755,0.464592854,0.33
2021-07-01T00:00:00+00:00,67290979.77,152110297.7,186436548.2,0.16580756,0.37480562,0.45938682,0.33
2021-06-30T00:00:00+00:00,66642364.1,157680839.1,180730974.8,0.164527038,0.38928333,0.446189632,0.33
2021-06-29T00:00:00+00:00,70638883.2,150848194.2,179981173.1,0.175951356,0.37574128,0.448307364,0.33
2021-06-28T00:00:00+00:00,73226962.9,176846149.6,220004833.7,0.155776214,0.376206012,0.468017773,0.33
2021-06-27T00:00:00+00:00,75466450.74,209763207.7,217363445.4,0.150154171,0.41736189,0.432483939,0.33
2021-06-26T00:00:00+00:00,81854985.15,217829780.4,236425567.5,0.152683095,0.406315206,0.441001699,0.33
2021-06-25T00:00:00+00:00,80223796.16,230017899,241880205.4,0.145300877,0.416607091,0.438092032,0.33
2021-06-24T00:00:00+00:00,84084424.24,258041629.7,239942224.6,0.144458008,0.443318489,0.412223503,0.33
2021-06-23T00:00:00+00:00,82469674.9,276089010.8,239084114.9,0.137991581,0.461963251,0.400045169,0.33
2021-06-22T00:00:00+00:00,80541473.3,312029963,257193947.8,0.1239547,0.480219431,0.395825869,0.33
2021-06-21T00:00:00+00:00,122726197.5,462330241.3,286293910,0.140845984,0.530590528,0.328563488,0.33
2021-06-20T00:00:00+00:00,130492264.5,508490679.4,262459706.5,0.144759364,0.564085446,0.29115519,0.33
2021-06-19T00:00:00+00:00,128992521.5,539097932.8,204676737.2,0.147797171,0.617688128,0.234514701,0.33
2021-06-18T00:00:00+00:00,131665969.7,523286767.4,200251096.4,0.153958582,0.611885432,0.234155985,0.33
2021-06-17T00:00:00+00:00,145713806,488825072.7,202283971.9,0.174127422,0.58414403,0.241728547,0.33
2021-06-16T00:00:00+00:00,153015677,305974392,377493200.9,0.182927361,0.365786625,0.451286014,0.33
2021-06-15T00:00:00+00:00,165461876.1,208732205.7,392888929.9,0.215702699,0.272111626,0.512185675,0.33
2021-06-14T00:00:00+00:00,148422819.3,278766407.3,389004766.2,0.181847478,0.341544302,0.47660822,0.33
2021-06-13T00:00:00+00:00,131880275.9,327112316.8,367520189.3,0.159562294,0.395774057,0.444663649,0.33
2021-06-12T00:00:00+00:00,125865019.7,341971541,358061116.4,0.152397837,0.414060422,0.433541741,0.33
2021-06-11T00:00:00+00:00,115834774.4,335247738.2,353865171.5,0.143903482,0.416483884,0.439612634,0.33
2021-06-10T00:00:00+00:00,89291117.03,362194734.7,350289730.8,0.11136672,0.45174079,0.43689249,0.33
2021-06-09T00:00:00+00:00,147855408.4,354300859.4,312098645.7,0.181583686,0.435122777,0.383293537,0.33
2021-06-08T00:00:00+00:00,151754362.8,345882144.6,307948973.8,0.188377728,0.429354988,0.382267284,0.33
2021-06-07T00:00:00+00:00,171531793.2,370953943.5,329875916.8,0.196629222,0.425229539,0.378141239,0.33
2021-06-06T00:00:00+00:00,164188367.7,386672932.5,326601251.2,0.187117236,0.440671721,0.372211043,0.33
2021-06-05T00:00:00+00:00,165124922,372361510.5,300562149.6,0.197035023,0.444319719,0.358645258,0.33
2021-06-04T00:00:00+00:00,121033328.5,348961969.2,390605843.4,0.140638122,0.405486296,0.453875582,0.33
2021-06-03T00:00:00+00:00,115755520.1,367806376.5,418391883.8,0.128338638,0.407788497,0.463872865,0.33
2021-06-02T00:00:00+00:00,101222382.4,370482149.4,417858189.7,0.113788921,0.416476703,0.469734376,0.33
2021-06-01T00:00:00+00:00,90146590.85,390625707.2,388195470.8,0.103739856,0.449528419,0.446731725,0.33
2021-05-31T00:00:00+00:00,79416691.87,401203107.9,319591737.1,0.099244622,0.501371312,0.399384066,0.33
2021-05-30T00:00:00+00:00,96455911.02,382580335.6,284696126.2,0.126295433,0.500935078,0.372769489,0.33
2021-05-29T00:00:00+00:00,115989857.3,375126671.3,248294990.1,0.156867799,0.507331387,0.335800814,0.33
2021-05-28T00:00:00+00:00,111879368.4,390929705.2,235734538.7,0.151486475,0.529325146,0.319188379,0.33
2021-05-27T00:00:00+00:00,126831279,393904865.2,216103477.6,0.172128744,0.534586976,0.293284279,0.33
2021-05-26T00:00:00+00:00,107610673.4,373744262.6,192899009.4,0.15959962,0.554307861,0.286092519,0.33
2021-05-25T00:00:00+00:00,104348248.1,350104144.3,134826072.7,0.177077993,0.594123432,0.228798574,0.33
2021-05-24T00:00:00+00:00,108554473,314169526.6,93932501.63,0.210109566,0.608082016,0.181808419,0.33
2021-05-23T00:00:00+00:00,82549686.83,228544998.5,163093398.3,0.17408638,0.481971197,0.343942423,0.33
2021-05-22T00:00:00+00:00,144776044.5,261720516.6,195985535.7,0.240299331,0.434403807,0.325296862,0.33
2021-05-21T00:00:00+00:00,152602696.4,288150457.3,163230733.1,0.252660211,0.477083021,0.270256768,0.33
2021-05-20T00:00:00+00:00,146354607.5,270321896.6,166364741.9,0.251019304,0.463641121,0.285339576,0.33
2021-05-19T00:00:00+00:00,102306350.5,166292539.3,243791755.5,0.199664751,0.324542497,0.475792753,0.33
2021-05-18T00:00:00+00:00,117672083.5,165925168.9,292625881.3,0.204212703,0.287952981,0.507834317,0.33
2021-05-17T00:00:00+00:00,107678969.4,132616001.4,230694836.9,0.228622717,0.281568729,0.489808555,0.33
2021-05-16T00:00:00+00:00,120483238.6,128133968.4,190130437.1,0.274607147,0.292044801,0.433348053,0.33
2021-05-15T00:00:00+00:00,122065019.7,127123153.7,150188374.7,0.305638927,0.318304002,0.37605707,0.33
2021-05-14T00:00:00+00:00,131241747.2,128055277.2,100326412.7,0.364942141,0.356081568,0.278976291,0.33
2021-05-13T00:00:00+00:00,92067069.03,145490974.3,91954021.02,0.279404243,0.44153459,0.279061166,0.33
2021-05-12T00:00:00+00:00,80394336.79,191833484.5,65630631.78,0.237952717,0.567792467,0.194254816,0.33
2021-05-11T00:00:00+00:00,66091192.04,180997182.8,79457787.65,0.202394637,0.554277476,0.243327887,0.33
2021-05-10T00:00:00+00:00,75897481.69,170247262.3,80268395.3,0.232519689,0.521569881,0.24591043,0.33
2021-05-09T00:00:00+00:00,73112326.79,164075584.3,86103028.94,0.22615025,0.507516803,0.266332947,0.33
2021-05-08T00:00:00+00:00,71778199,147428265.3,65928077.15,0.251734492,0.517048073,0.231217434,0.33
2021-05-07T00:00:00+00:00,56892457.03,148449907.9,59798690.36,0.214574303,0.559890311,0.225535386,0.33
2021-05-06T00:00:00+00:00,64034382.22,149543969.1,62591523.61,0.23186592,0.541492692,0.226641387,0.33
2021-05-05T00:00:00+00:00,61932602.28,134713321.5,73590727.87,0.229179136,0.498501298,0.272319567,0.33
2021-05-04T00:00:00+00:00,52671626.9,140164580.8,82343551.67,0.191408071,0.509356433,0.299235496,0.33
2021-05-03T00:00:00+00:00,47262301.93,138229437.6,74886273.5,0.181514182,0.530879839,0.28760598,0.33
2021-05-02T00:00:00+00:00,46819226.1,116635765.5,94035857.23,0.181828699,0.452970527,0.365200774,0.33
2021-05-01T00:00:00+00:00,40253861.43,117280255.7,44362151.73,0.199378927,0.580893626,0.219727447,0.33
2021-04-30T00:00:00+00:00,52956575.98,73412811.82,78377892.84,0.258643611,0.358553294,0.382803096,0.33
2021-04-29T00:00:00+00:00,48852612.35,70116174.57,59696618.04,0.273430731,0.392444047,0.334125222,0.33
2021-04-28T00:00:00+00:00,48002027.81,64256594,51628180.65,0.292897458,0.392079124,0.315023418,0.33
2021-04-27T00:00:00+00:00,40291426.1,45867337.78,42088082.31,0.314170892,0.357648856,0.328180252,0.33
2021-04-26T00:00:00+00:00,32528185.62,34258106,36900139.41,0.313716899,0.330401053,0.355882048,0.33
2021-04-25T00:00:00+00:00,33817803.69,38596785.06,27902331.94,0.337109667,0.384748503,0.27814183,0.33
2021-04-24T00:00:00+00:00,26882124.65,32469487.4,34791890.91,0.28554413,0.344893555,0.369562315,0.33
2021-04-23T00:00:00+00:00,23578665.67,26739423.66,27295272.77,0.303796473,0.344520878,0.351682649,0.33
2021-04-22T00:00:00+00:00,15183841.11,13095876.26,13330185.4,0.364909315,0.314729797,0.320360888,0.33
2021-04-21T00:00:00+00:00,7511046.73,8202021.364,7731761.953,0.320371131,0.349843498,0.32978537,0.33
2021-04-20T00:00:00+00:00,2036472.06,1794440.604,1436200.726,0.386639115,0.340687673,0.272673212,0.33
2021-04-19T00:00:00+00:00,10001.00537,10000.99001,10001,0.333333564,0.333333052,0.333333385,0.33