date_time,am3crv,amwbtc,amweth,stablecoin_percent,btc_percent,weth_percent,ideal
2022-08-10T00:00:00+00:00,12634419.96,12819792.6,12222322.71,0.33533922,0.340259329,0.324401451,0.33
2022-08-09T00:00:00+00:00,12033641.32,13210612.14,13437676.91,0.311092058,0.341518947,0.347388995,0.33
2022-08-08T00:00:00+00:00,12508393.75,12741351.98,12478583.03,0.331538506,0.33771313,0.330748365,0.33
2022-08-07T00:00:00+00:00,12223014.78,12710879.14,12726630.36,0.324557744,0.337512007,0.337930249,0.33
2022-08-06T00:00:00+00:00,12123570.83,13031218.74,12984039.02,0.31788,0.341678526,0.340441474,0.33
2022-08-05T00:00:00+00:00,12304128.86,12721543.48,11937644.14,0.33287405,0.344166722,0.322959228,0.33
2022-08-04T00:00:00+00:00,11734135.4,12804782.27,12578404.29,0.316136369,0.344981308,0.338882323,0.33
2022-08-03T00:00:00+00:00,11778555.65,12677833.28,12684549.63,0.317131341,0.341343912,0.341524747,0.33
2022-08-02T00:00:00+00:00,11845868.68,12754778.66,12712800.78,0.317469151,0.341827928,0.340702921,0.33
2022-08-01T00:00:00+00:00,11954008.93,12666493.9,13135177.88,0.316614843,0.335485778,0.347899379,0.33
2022-07-31T00:00:00+00:00,12025521.16,13116678.74,12968667.14,0.315540477,0.344171617,0.340287906,0.33
2022-07-30T00:00:00+00:00,12164283.04,13127607.63,13165795.35,0.316303041,0.341351989,0.342344969,0.33
2022-07-29T00:00:00+00:00,12216674.64,13006749.11,13103780.51,0.318746824,0.339360759,0.341892417,0.33
2022-07-28T00:00:00+00:00,12393373.02,12558271.24,12321876.01,0.332498056,0.33692206,0.330579884,0.33
2022-07-27T00:00:00+00:00,12088491.84,11770994.07,11180436.32,0.344991971,0.335930942,0.319077087,0.33
2022-07-26T00:00:00+00:00,11422104.79,12026797.94,11861713.51,0.323475091,0.340600058,0.335924851,0.33
2022-07-25T00:00:00+00:00,11286805.85,12724740.88,13361180.97,0.302006478,0.340481995,0.357511528,0.33
2022-07-24T00:00:00+00:00,11882210.53,12736311.18,12355686.36,0.321364842,0.344464746,0.334170413,0.33
2022-07-23T00:00:00+00:00,11884246.56,12627334.62,12274379.48,0.323064733,0.34326505,0.333670217,0.33
2022-07-22T00:00:00+00:00,11721652.2,12718363.94,12871646.37,0.314155184,0.340868326,0.34497649,0.33
2022-07-21T00:00:00+00:00,12015093.44,12654200.3,12142931.24,0.326388678,0.343749945,0.329861378,0.33
2022-07-20T00:00:00+00:00,11711497.53,12608490.18,12731520.95,0.316086927,0.34029627,0.343616803,0.33
2022-07-19T00:00:00+00:00,11868008.78,11928771.11,12881387.71,0.323571475,0.325228109,0.351200416,0.33
2022-07-18T00:00:00+00:00,11868778.53,11465534.42,10497793.32,0.350814059,0.338895082,0.310290859,0.33
2022-07-17T00:00:00+00:00,10849410.12,11746843.09,11710798.17,0.31624432,0.342403168,0.341352512,0.33
2022-07-16T00:00:00+00:00,11017316.52,11348145.83,10494180.52,0.335284122,0.345352075,0.319363803,0.33
2022-07-15T00:00:00+00:00,10646020.76,11151455.68,10750393.58,0.327088094,0.342617064,0.330294842,0.33
2022-07-14T00:00:00+00:00,10452602.74,10996327.24,10220271.92,0.330055768,0.34722464,0.322719592,0.33
2022-07-13T00:00:00+00:00,10604110.38,10690160.62,10312794.06,0.335498103,0.338220603,0.326281293,0.33
2022-07-12T00:00:00+00:00,10068775.81,11013684.7,11326101.28,0.310682587,0.339838737,0.349478676,0.33
2022-07-11T00:00:00+00:00,10497528.56,11585501.44,11921380.36,0.308710795,0.340705847,0.350583358,0.33
2022-07-10T00:00:00+00:00,10844809.21,12012667.2,12080187.81,0.310404529,0.343831434,0.345764037,0.33
2022-07-09T00:00:00+00:00,11095690.64,11980744.58,11832213.33,0.317849332,0.343202761,0.338947906,0.33
2022-07-08T00:00:00+00:00,11106745.76,11906954.66,12089800.87,0.316399942,0.339195642,0.344404416,0.33
2022-07-07T00:00:00+00:00,11339897.58,11191061.8,11369906.12,0.334501713,0.330111389,0.335386898,0.33
2022-07-06T00:00:00+00:00,10965517.07,11329011.99,10945796.63,0.32988597,0.340821329,0.329292701,0.33
2022-07-05T00:00:00+00:00,10761049.95,11266645.61,11415364.22,0.321772291,0.336890395,0.341337315,0.33
2022-07-04T00:00:00+00:00,10826628.94,10861244.14,10561272.23,0.335718322,0.33679169,0.327489989,0.33
2022-07-03T00:00:00+00:00,10443225.61,11029019.25,10815891.28,0.323438478,0.341581168,0.334980354,0.33
2022-07-02T00:00:00+00:00,10389309.2,10936884.93,10751193.41,0.323882648,0.340953107,0.335164246,0.33
2022-07-01T00:00:00+00:00,10240824.61,11057666.28,10877221.71,0.318278098,0.343665,0.338056902,0.33
2022-06-30T00:00:00+00:00,10545000.96,11118317.6,11327559,0.319633843,0.337011878,0.34335428,0.33
2022-06-29T00:00:00+00:00,10545484.97,11251298.05,11736305.41,0.31447998,0.335528237,0.349991783,0.33
2022-06-28T00:00:00+00:00,10748003.11,11650438.74,11989180.68,0.312554411,0.338797447,0.348648141,0.33
2022-06-27T00:00:00+00:00,10998578.74,11932197.37,11824823.4,0.316454871,0.343317265,0.340227864,0.33
2022-06-26T00:00:00+00:00,11118719.06,12127191.19,12329840.4,0.312536457,0.340883635,0.346579908,0.33
2022-06-25T00:00:00+00:00,11480315.64,11973327.82,11839976.72,0.325280195,0.33924907,0.335470736,0.33
2022-06-24T00:00:00+00:00,11400506.6,11854259.23,11111569.01,0.331734724,0.344938129,0.323327147,0.33
2022-06-23T00:00:00+00:00,11210243.78,11056841.14,10752952.52,0.339498215,0.334852471,0.325649313,0.33
2022-06-22T00:00:00+00:00,10570334.74,11655007.95,12082713.53,0.308100659,0.339716359,0.352182982,0.33
2022-06-21T00:00:00+00:00,10972830.04,11726683.12,11749434.91,0.318524386,0.340407582,0.341068032,0.33
2022-06-20T00:00:00+00:00,11171070.67,11622956.01,11600064.33,0.324796218,0.337934676,0.337269106,0.33
2022-06-19T00:00:00+00:00,11223712.76,10912767.86,10341338.65,0.345580861,0.336006792,0.318412347,0.33
2022-06-18T00:00:00+00:00,10472988.92,11943973.47,11964722.1,0.304609535,0.347393493,0.347996972,0.33
2022-06-17T00:00:00+00:00,11181563.19,11774069.49,11465910.05,0.324842012,0.342055253,0.333102736,0.33
2022-06-16T00:00:00+00:00,10996835.82,13023803.84,13587511.05,0.292405652,0.346302692,0.361291656,0.33
2022-06-15T00:00:00+00:00,12126516.86,12398189.67,12425662.37,0.328183919,0.335536289,0.336279792,0.33
2022-06-14T00:00:00+00:00,12179400.76,13009231.92,12653369.12,0.321848744,0.343777583,0.334373673,0.33
2022-06-13T00:00:00+00:00,12472295.21,15805495,15811636.75,0.282886308,0.358487195,0.358626497,0.33
2022-06-12T00:00:00+00:00,14228878.94,16338725.14,16141509.35,0.304627468,0.349797372,0.34557516,0.33
2022-06-11T00:00:00+00:00,14912888.5,16273492.25,17311362.28,0.307496547,0.335551538,0.356951916,0.33
2022-06-10T00:00:00+00:00,21526889.41,23626679.03,24720058.4,0.308083184,0.338134431,0.353782386,0.33
2022-06-09T00:00:00+00:00,22274519.9,23995405.72,23893426.12,0.317466588,0.341993436,0.340539976,0.33
2022-06-08T00:00:00+00:00,22341312.13,24486332.13,24196303.21,0.314560271,0.344761633,0.340678096,0.33
2022-06-07T00:00:00+00:00,22894910.01,24430041.84,24567907.47,0.318458749,0.339811799,0.341729453,0.33
2022-06-06T00:00:00+00:00,23267550.23,23220845.7,23708420.45,0.331461617,0.33079628,0.337742104,0.33
2022-06-05T00:00:00+00:00,22803762.2,23712352.67,23703859.57,0.324747515,0.337686717,0.337565768,0.33
2022-06-04T00:00:00+00:00,22753040.86,23929024.25,23339979.16,0.324941111,0.341735585,0.333323304,0.33
2022-06-03T00:00:00+00:00,22313194.2,24507175.81,24599163.77,0.312424249,0.343143878,0.344431873,0.33
2022-06-02T00:00:00+00:00,19918627.38,20400192.35,20631487.83,0.326801097,0.334702041,0.338496862,0.33
2022-06-01T00:00:00+00:00,19421016.63,22281137.89,22081340.7,0.304483418,0.349324505,0.346192077,0.33
2022-05-31T00:00:00+00:00,20670020.5,21526319.02,22315874.49,0.320404761,0.333678193,0.345917046,0.33
2022-05-30T00:00:00+00:00,23422685,22779961.36,22268482.2,0.342081188,0.332694405,0.325224407,0.33
2022-05-29T00:00:00+00:00,22141068.48,22893187.5,22835976.13,0.326226503,0.337308225,0.336465272,0.33
2022-05-28T00:00:00+00:00,22216870.33,23076636.57,22212697.12,0.329108571,0.341844678,0.329046751,0.33
2022-05-27T00:00:00+00:00,21564830.9,23597336.72,24129094.64,0.311220062,0.340552848,0.34822709,0.33
2022-05-26T00:00:00+00:00,22259388.44,23869179.85,25724913.97,0.309788583,0.332192388,0.358019029,0.33
2022-05-25T00:00:00+00:00,23144636.16,24737526.52,25146226.91,0.316926558,0.338738491,0.34433495,0.33
2022-05-24T00:00:00+00:00,23830465.16,24396256.34,25032276.43,0.325290624,0.333013787,0.341695589,0.33
2022-05-23T00:00:00+00:00,17063551.62,18972756.97,18844639.44,0.310919403,0.34570753,0.343373067,0.33
2022-05-22T00:00:00+00:00,17702881.37,17906576.59,17827673.35,0.331284276,0.335096143,0.333619581,0.33
2022-05-21T00:00:00+00:00,17306344.73,18091035.98,18031371.73,0.323914446,0.338601131,0.337484424,0.33
2022-05-20T00:00:00+00:00,16977650.54,18693981.37,18662900.28,0.312465201,0.344053415,0.343481383,0.33
2022-05-19T00:00:00+00:00,17942635.99,18054567.7,17893748.32,0.332943385,0.335020389,0.332036226,0.33
2022-05-18T00:00:00+00:00,17221267.15,19529398.3,20072429.88,0.303068093,0.343687689,0.353244218,0.33
2022-05-17T00:00:00+00:00,18406205.48,18911964.98,18515640.86,0.32966056,0.338718861,0.331620579,0.33
2022-05-16T00:00:00+00:00,15458207.73,16895056.38,17151933.79,0.312254236,0.341278433,0.346467331,0.33
2022-05-15T00:00:00+00:00,15909379.91,16134211.35,15944088.8,0.331530507,0.336215698,0.332253795,0.33
2022-05-14T00:00:00+00:00,15086315.92,15744238.35,15552353.34,0.325255934,0.339440522,0.335303545,0.33
2022-05-13T00:00:00+00:00,14602552.06,15073409.42,15174580.1,0.325582514,0.336080879,0.338336608,0.33
2022-05-12T00:00:00+00:00,15566908.62,16279145.67,17817490.88,0.31344739,0.327788635,0.358763975,0.33
2022-05-11T00:00:00+00:00,30938509.38,35639216.51,37006350.37,0.298680169,0.344060765,0.357259066,0.33
2022-05-10T00:00:00+00:00,34008214.84,36082517.13,34758343.68,0.324353979,0.344137675,0.331508346,0.33
2022-05-09T00:00:00+00:00,32994621.69,40022628.74,39300544.54,0.293761302,0.356333818,0.34990488,0.33
2022-05-08T00:00:00+00:00,38512368.27,42237973.72,42657321.7,0.312074365,0.342263782,0.345661853,0.33
2022-05-07T00:00:00+00:00,39768084.54,43125819.4,43327350.93,0.315066465,0.341668441,0.343265094,0.33
2022-05-06T00:00:00+00:00,40322175.25,43699475.31,43760240.77,0.315554691,0.341984884,0.342460425,0.33
2022-05-05T00:00:00+00:00,40885960.43,47341767.72,46380066.81,0.303741403,0.351701532,0.344557065,0.33
2022-05-04T00:00:00+00:00,40277707.33,40033829.33,39711546.84,0.335583007,0.333551082,0.330865911,0.33
2022-05-03T00:00:00+00:00,38413740.47,41915321.48,41721120.56,0.314737264,0.343426946,0.34183579,0.33
2022-05-02T00:00:00+00:00,39365443.65,41323113.18,40561848.43,0.324662368,0.340808042,0.334529591,0.33
2022-05-01T00:00:00+00:00,38952342.79,40219645.35,39666004.81,0.327776848,0.338440968,0.333782184,0.33
2022-04-30T00:00:00+00:00,37740385.91,41093369.55,41433417.98,0.313804547,0.341684005,0.344511447,0.33
2022-04-29T00:00:00+00:00,38403936.33,42044683.77,42620511.75,0.312051737,0.341634682,0.346313581,0.33
2022-04-28T00:00:00+00:00,39708921.33,40904820.57,40513157.27,0.327829092,0.337702202,0.334468706,0.33
2022-04-27T00:00:00+00:00,42518836.72,42769564.19,42841310.73,0.331842132,0.333798958,0.33435891,0.33
2022-04-26T00:00:00+00:00,41099276.74,46267145.84,46752825.58,0.306438317,0.344970215,0.348591468,0.33
2022-04-25T00:00:00+00:00,43444282.28,44233763.65,43823507.91,0.330370866,0.336374456,0.333254677,0.33
2022-04-24T00:00:00+00:00,42249416.75,45216706.65,45219426.43,0.318417618,0.340780942,0.34080144,0.33
2022-04-23T00:00:00+00:00,42261427.64,44921900.16,45374538.58,0.318814936,0.338885208,0.342299856,0.33
2022-04-22T00:00:00+00:00,42493104.66,46170159.23,45395039.35,0.316974806,0.344403577,0.338621617,0.33
2022-04-21T00:00:00+00:00,41802127.78,45431571.14,46094814.18,0.313527293,0.340749102,0.345723605,0.33
2022-04-20T00:00:00+00:00,43192318.08,45022350.23,45225986.74,0.32368185,0.337396052,0.338922098,0.33
2022-04-19T00:00:00+00:00,43335287.92,44708078.89,44421807.1,0.327144763,0.337508173,0.335347064,0.33
2022-04-18T00:00:00+00:00,42973054.38,43723567.38,43720120.4,0.329505658,0.335260386,0.335233956,0.33
2022-04-17T00:00:00+00:00,41750089.6,45442635.11,45478719.81,0.314687835,0.34252009,0.342792075,0.33
2022-04-16T00:00:00+00:00,42968916.4,44729577.87,44240989.34,0.3256714,0.339015863,0.335312737,0.33
2022-04-15T00:00:00+00:00,43010720.56,44338231.81,44336369.66,0.326617423,0.336698359,0.336684218,0.33
2022-04-14T00:00:00+00:00,42116363.93,46739366.41,46189904.69,0.311867643,0.346100534,0.342031823,0.33
2022-04-13T00:00:00+00:00,43652650.88,43922581.21,44066159.45,0.331602776,0.333653273,0.33474395,0.33
2022-04-12T00:00:00+00:00,42310643.56,44805122.57,44303771.83,0.321950938,0.340931975,0.337117087,0.33
2022-04-11T00:00:00+00:00,42139447.33,47685319.63,48067473.09,0.305596945,0.345815831,0.348587223,0.33
2022-04-10T00:00:00+00:00,44270119.22,47708442.06,47977610.51,0.316314162,0.340881302,0.342804536,0.33
2022-04-09T00:00:00+00:00,45620685.35,46895412.5,46305459.72,0.328628249,0.337810736,0.333561016,0.33
2022-04-08T00:00:00+00:00,44165282.65,48803107.42,47476620.79,0.314466725,0.347489079,0.338044196,0.33
2022-04-07T00:00:00+00:00,45072368.8,47670677.79,46819210.12,0.322955288,0.34157285,0.335471862,0.33
2022-04-06T00:00:00+00:00,42948985.94,48080080.96,49001505.76,0.306711492,0.343354169,0.349934338,0.33
2022-04-05T00:00:00+00:00,44735268.02,48766692.01,48999112.73,0.313929342,0.342219824,0.343850834,0.33
2022-04-04T00:00:00+00:00,46279190.28,48331018.32,47555194.68,0.325530609,0.339963291,0.334506101,0.33
2022-04-03T00:00:00+00:00,46140465.65,48294458.92,47063715.67,0.326084163,0.341306876,0.332608961,0.33
2022-04-02T00:00:00+00:00,45471171.96,48736170.35,48373352.29,0.318915349,0.341814651,0.33927,0.33
2022-04-01T00:00:00+00:00,46135180.55,47674236.94,45537902.92,0.3310805,0.342125251,0.326794249,0.33
2022-03-31T00:00:00+00:00,44622704.27,48887469.71,48719231.37,0.313737544,0.343722661,0.342539795,0.33
2022-03-30T00:00:00+00:00,46122838.63,48359943.85,47925938.57,0.323876503,0.33958555,0.336537947,0.33
2022-03-29T00:00:00+00:00,46331454.8,48385554.74,47037094.99,0.326843833,0.341334418,0.33182175,0.33
2022-03-28T00:00:00+00:00,45868653.08,47222045.25,46911371.16,0.327628393,0.337295337,0.335076269,0.33
2022-03-27T00:00:00+00:00,45506224.22,44995967.79,45197664.78,0.335344674,0.33158449,0.333070836,0.33
2022-03-26T00:00:00+00:00,44246815.8,45706034.38,45164021,0.327470696,0.338270373,0.334258932,0.33
2022-03-25T00:00:00+00:00,44253454.54,45465121.12,46072977.04,0.325892544,0.334815533,0.339291923,0.33
2022-03-24T00:00:00+00:00,44190620.62,44310857.77,44616304.99,0.33196632,0.332869558,0.335164122,0.33
2022-03-23T00:00:00+00:00,43669884.76,45076381.45,44266299.43,0.32831398,0.338888144,0.332797877,0.33
2022-03-22T00:00:00+00:00,43204931.22,43299023.54,43727177.74,0.331755782,0.332478285,0.335765933,0.33
2022-03-21T00:00:00+00:00,41843469.63,44647040.39,43937224.11,0.32081727,0.342312474,0.336870255,0.33
2022-03-20T00:00:00+00:00,41829198.61,44872214.34,45717058.09,0.315886434,0.33886673,0.345246836,0.33
2022-03-19T00:00:00+00:00,42477246.54,43605966.3,43994561.99,0.326552684,0.335229953,0.338217363,0.33
2022-03-18T00:00:00+00:00,42384861.28,43249960.64,42024899.99,0.332014363,0.338790967,0.32919467,0.33
2022-03-17T00:00:00+00:00,39460594.82,41415580.11,40193246.01,0.325933621,0.34208126,0.331985118,0.33
2022-03-16T00:00:00+00:00,39415441.01,39082536.29,38591575.49,0.336626454,0.333783291,0.329590254,0.33
2022-03-15T00:00:00+00:00,37924088.67,39371077.06,38753548.87,0.32679456,0.339263362,0.333942078,0.33
2022-03-14T00:00:00+00:00,37938487.59,37802090.55,38387302.95,0.332420853,0.331225728,0.336353418,0.33
2022-03-13T00:00:00+00:00,23623993.33,25969886.95,25488639.81,0.314640389,0.345884594,0.339475017,0.33
2022-03-12T00:00:00+00:00,24023670.95,25537520.75,25357874.2,0.320661646,0.340868115,0.33847024,0.33
2022-03-11T00:00:00+00:00,23958913.28,25902560.21,25912601.88,0.316188791,0.341839344,0.341971865,0.33
2022-03-10T00:00:00+00:00,24171456.37,27388725.29,26614361.93,0.309198561,0.350353504,0.340447935,0.33
2022-03-09T00:00:00+00:00,25387304.97,24189319.23,24896826.27,0.340890677,0.324804599,0.334304724,0.33
2022-03-08T00:00:00+00:00,24228158.1,24219572.84,24297027.95,0.333057095,0.332939076,0.334003828,0.33
2022-03-07T00:00:00+00:00,23390661.56,25068111.61,25407725.86,0.316661299,0.339370512,0.343968188,0.33
2022-03-06T00:00:00+00:00,23965385.82,26039694.88,26494305.85,0.313275529,0.340390898,0.346333573,0.33
2022-03-05T00:00:00+00:00,24441816.12,25719846.2,25230008.99,0.324197828,0.341149702,0.33465247,0.33
2022-03-04T00:00:00+00:00,24677780.09,28465219.49,28120467.81,0.303676189,0.350283103,0.346040708,0.33
2022-03-03T00:00:00+00:00,25840994.18,28547032.26,28445648,0.311962428,0.344630761,0.343406811,0.33
2022-03-02T00:00:00+00:00,26495510.47,28027885.93,28314651.19,0.319847114,0.338345564,0.341807322,0.33
2022-03-01T00:00:00+00:00,27259376.5,27714395.05,27709160.37,0.329685654,0.335188828,0.335125518,0.33
2022-02-28T00:00:00+00:00,27146541.02,24434541.95,25424003.84,0.352529192,0.317310751,0.330160057,0.33
2022-02-27T00:00:00+00:00,25149855.21,27280561.64,28277715.87,0.311614881,0.338015027,0.350370092,0.33
2022-02-26T00:00:00+00:00,26230325.6,27741180.7,27017716.44,0.323874272,0.342529287,0.333596441,0.33
2022-02-25T00:00:00+00:00,26247194.94,26361677.31,25538536.33,0.335867758,0.337332713,0.326799529,0.33
2022-02-24T00:00:00+00:00,25484672.33,25886599.82,26328552.36,0.327988802,0.333161625,0.338849573,0.33
2022-02-23T00:00:00+00:00,25076350.66,26941619.91,27074483.43,0.317051114,0.340634518,0.342314368,0.33
2022-02-22T00:00:00+00:00,26776736.36,27357643.2,26977813.82,0.330119742,0.337281512,0.332598746,0.33
2022-02-21T00:00:00+00:00,28967466.01,32107747.6,31384637.99,0.313297777,0.347261509,0.339440713,0.33
2022-02-20T00:00:00+00:00,29697366.03,32497493.12,33135484.31,0.311520602,0.340893486,0.347585911,0.33
2022-02-19T00:00:00+00:00,30980029.39,32612791.09,33100896.1,0.320393408,0.337279321,0.342327271,0.33
2022-02-18T00:00:00+00:00,30988851.25,33481834.53,33967675.62,0.314804623,0.340129946,0.345065431,0.33
2022-02-17T00:00:00+00:00,30138962.13,34510137.87,34391081.28,0.30431045,0.348445827,0.347243723,0.33
2022-02-16T00:00:00+00:00,34142242.79,35794712.35,35790609.42,0.322926598,0.338556104,0.338517297,0.33
2022-02-15T00:00:00+00:00,34257757.6,34418810.04,32690645.24,0.337956985,0.339545787,0.322497229,0.33
2022-02-14T00:00:00+00:00,32452683.12,33400605.12,32908344.63,0.328596057,0.338194136,0.333209807,0.33
2022-02-13T00:00:00+00:00,31659615.06,33421405.1,34074600.33,0.319292188,0.337060118,0.343647694,0.33
2022-02-12T00:00:00+00:00,31731715.37,33620700.13,33767348.74,0.320135097,0.339192697,0.340672206,0.33
2022-02-11T00:00:00+00:00,31805534.8,34888597.72,35510658.63,0.311194167,0.341359709,0.347446125,0.33
2022-02-10T00:00:00+00:00,32645672.68,35512189.83,36425959.16,0.312148401,0.339557202,0.348294398,0.33
2022-02-09T00:00:00+00:00,34085403.46,35041633.91,33972301.29,0.330607392,0.339882237,0.329510371,0.33
2022-02-08T00:00:00+00:00,33716978.1,34770462.41,35094201.79,0.325511136,0.335681706,0.338807157,0.33
2022-02-07T00:00:00+00:00,32632027.33,32148859.78,32865702.32,0.334185019,0.329236894,0.336578087,0.33
2022-02-06T00:00:00+00:00,31732085.74,32161177.23,32441257.81,0.329394754,0.333848936,0.336756311,0.33
2022-02-05T00:00:00+00:00,31246835.94,31759148.52,32111950.13,0.328506249,0.333892327,0.337601424,0.33
2022-02-04T00:00:00+00:00,30989494.54,28595225.58,28799455.25,0.350622659,0.323533319,0.325844023,0.33
2022-02-03T00:00:00+00:00,28782020.2,29740565.35,29668374.87,0.326360208,0.337229181,0.336410611,0.33
2022-02-02T00:00:00+00:00,28260921.82,31531164.46,30863862.35,0.311738195,0.347811312,0.340450492,0.33
2022-02-01T00:00:00+00:00,29500868.71,30568456.69,29325834.5,0.330005212,0.341947559,0.328047229,0.33
2022-01-31T00:00:00+00:00,28920244.03,29688522.25,28278822.31,0.332846664,0.341688873,0.325464462,0.33
2022-01-30T00:00:00+00:00,28465037.09,29762160.29,29326184,0.325116365,0.339931592,0.334952043,0.33
2022-01-29T00:00:00+00:00,27262744.1,28084931.6,27681576.33,0.328351074,0.338253458,0.333395468,0.33
2022-01-28T00:00:00+00:00,26918807.89,27214908.08,26298792.77,0.334675721,0.338357071,0.326967207,0.33
2022-01-27T00:00:00+00:00,26351768.19,26882727.66,28072339.17,0.324102742,0.33063306,0.345264198,0.33
2022-01-26T00:00:00+00:00,26114797.65,27395732.94,27459803.84,0.322523031,0.33834284,0.339134129,0.33
2022-01-25T00:00:00+00:00,26150802.6,26693287.3,26820228.26,0.328262429,0.335072061,0.33666551,0.33
2022-01-24T00:00:00+00:00,25710209.62,26031207.65,27593893.49,0.324070195,0.328116288,0.347813517,0.33
2022-01-23T00:00:00+00:00,26594064.44,26501835.16,26087998.23,0.335851924,0.334687176,0.3294609,0.33
2022-01-22T00:00:00+00:00,25792835.23,27718287.03,28464936.2,0.314638636,0.338126613,0.34723475,0.33
2022-01-21T00:00:00+00:00,30094943.37,34972754.94,36389382.07,0.296627335,0.344704922,0.358667743,0.33
2022-01-20T00:00:00+00:00,33869319.21,37021844.4,36764764.01,0.3146071,0.343890441,0.341502459,0.33
2022-01-19T00:00:00+00:00,34426835.93,36845600.21,37223468.07,0.317310005,0.339603605,0.34308639,0.33
2022-01-18T00:00:00+00:00,35172810,35949290.71,37159082.18,0.324828461,0.331999427,0.343172112,0.33
2022-01-17T00:00:00+00:00,33926662.55,36679138.88,37394403.43,0.314135168,0.339621012,0.346243819,0.33
2022-01-16T00:00:00+00:00,35157311.63,36848317.48,36074705.69,0.3252887,0.340934524,0.333776776,0.33
2022-01-15T00:00:00+00:00,34726096.81,36665646.75,36417994.61,0.322105381,0.340095871,0.337798748,0.33
2022-01-14T00:00:00+00:00,34735586.4,35802524.21,35295053.67,0.328210789,0.338292108,0.333497103,0.33
2022-01-13T00:00:00+00:00,34172235.62,37101694.6,37376163.47,0.314516393,0.341478717,0.344004889,0.33
2022-01-12T00:00:00+00:00,35003105.33,35291362.1,34816014.73,0.333012508,0.335754925,0.331232566,0.33
2022-01-11T00:00:00+00:00,34082459.4,34459513.96,33588219.5,0.333715804,0.337407705,0.328876491,0.33
2022-01-10T00:00:00+00:00,33105444.14,34581885.16,34795405.36,0.323034355,0.337441085,0.33952456,0.33
2022-01-09T00:00:00+00:00,32089900.63,33580756.95,32456858.14,0.32702245,0.342215501,0.330762049,0.33
2022-01-08T00:00:00+00:00,31731321.24,33135571.04,34460049.48,0.319463387,0.33360104,0.346935573,0.33
2022-01-07T00:00:00+00:00,30269390.09,32911456.49,33627304.76,0.312673981,0.339965757,0.347360261,0.33
2022-01-06T00:00:00+00:00,31531144.25,33390002.88,34349486.55,0.317628115,0.336353276,0.346018609,0.33
2022-01-05T00:00:00+00:00,31839050.08,35451738.88,35818541.59,0.308789223,0.343826681,0.347384096,0.33
2022-01-04T00:00:00+00:00,33370192.41,35415873.74,34719776.25,0.322399119,0.34216304,0.33543784,0.33
2022-01-03T00:00:00+00:00,29608687.29,32061745.39,31546457.69,0.317632214,0.343947811,0.338419975,0.33
2022-01-02T00:00:00+00:00,29857518.93,31170682.86,30318784.65,0.326858281,0.341233839,0.33190788,0.33
2022-01-01T00:00:00+00:00,28228073.33,28353324.57,28449983.13,0.33197242,0.33344542,0.33458216,0.33
2021-12-31T00:00:00+00:00,26332373.41,28314707.92,27828479.45,0.319274864,0.343310281,0.337414856,0.33
2021-12-30T00:00:00+00:00,26480808.69,27593881.77,27278134.95,0.325505704,0.33918775,0.335306547,0.33
2021-12-29T00:00:00+00:00,26310765.98,28428801.81,28961037.82,0.314343795,0.339648699,0.346007506,0.33
2021-12-28T00:00:00+00:00,26908835.56,30313000.58,30008512.4,0.308480202,0.34750521,0.344014588,0.33
2021-12-27T00:00:00+00:00,27934351.74,29256388.76,29564246.61,0.321991308,0.337230051,0.340778641,0.33
2021-12-26T00:00:00+00:00,30116528.85,31119593.15,31441442.58,0.324960296,0.335783458,0.339256245,0.33
2021-12-25T00:00:00+00:00,29862647.28,31567031.74,30563876.38,0.324616732,0.343143947,0.332239321,0.33
2021-12-24T00:00:00+00:00,29361844.33,30684008.29,31386856.52,0.321130639,0.335591153,0.343278208,0.33
2021-12-23T00:00:00+00:00,29778637.07,29635302.81,29872124.05,0.333519429,0.331914092,0.334566479,0.33
2021-12-22T00:00:00+00:00,28845717.66,30519941.61,30593555.5,0.320653284,0.339264206,0.340082509,0.33
2021-12-21T00:00:00+00:00,25418914.72,24991539.27,25850392.06,0.333315404,0.327711277,0.338973319,0.33
2021-12-20T00:00:00+00:00,25004042.52,26131770.37,25725082,0.325315527,0.33998785,0.334696623,0.33
2021-12-19T00:00:00+00:00,24438160.08,25645112.28,25894895.92,0.321647134,0.337532647,0.340820219,0.33
2021-12-18T00:00:00+00:00,24315278.11,25177448.81,24899075.8,0.326854266,0.338443859,0.334701874,0.33
2021-12-17T00:00:00+00:00,23494697.94,25366851.73,25068785.96,0.317795094,0.343118309,0.339086597,0.33
2021-12-16T00:00:00+00:00,23799624.05,25230491.18,25328955.21,0.320063496,0.339306167,0.340630337,0.33
2021-12-15T00:00:00+00:00,24303648.73,24902819.13,24166048.39,0.331236408,0.33940255,0.329361042,0.33
2021-12-14T00:00:00+00:00,24034083.67,24089968.64,24281813.34,0.331935589,0.332707418,0.335356993,0.33
2021-12-13T00:00:00+00:00,23276449.28,26422646.91,26627898.11,0.304956975,0.346176961,0.348866064,0.33
2021-12-12T00:00:00+00:00,24762337.31,24981280.77,25202533.57,0.330401719,0.333323062,0.336275219,0.33
2021-12-11T00:00:00+00:00,24666662.54,24363220.71,24618981.59,0.334922508,0.330802393,0.334275099,0.33
2021-12-10T00:00:00+00:00,23734292.3,25337810.49,26366014.35,0.314619362,0.335875436,0.349505202,0.33
2021-12-09T00:00:00+00:00,24386340.69,26768476.45,27500184.62,0.31004183,0.340327708,0.349630462,0.33
2021-12-08T00:00:00+00:00,25733263.01,26605600.65,25770025.11,0.329453708,0.340621933,0.32992436,0.33
2021-12-07T00:00:00+00:00,25479589.37,26357240.1,26504040.67,0.325240061,0.336443035,0.338316904,0.33
2021-12-06T00:00:00+00:00,25486533.68,25524739.4,25411080.86,0.333495795,0.333995724,0.332508481,0.33
2021-12-05T00:00:00+00:00,25023255.28,25690046.32,25293335.04,0.32922461,0.33799741,0.33277798,0.33
2021-12-04T00:00:00+00:00,24919322.78,28040596.12,26299717.84,0.314401173,0.353781537,0.33181729,0.33
2021-12-03T00:00:00+00:00,25121027.79,27625922.23,27406531.3,0.313411562,0.344662787,0.341925651,0.33
2021-12-02T00:00:00+00:00,25691684.1,27055508.86,27314776.63,0.320897478,0.337932092,0.341170431,0.33
2021-12-01T00:00:00+00:00,26101250.3,26968639.3,27454764.14,0.324139864,0.334911584,0.340948553,0.33
2021-11-30T00:00:00+00:00,23128092.09,24677905.6,23166462.79,0.325874176,0.347711006,0.326414818,0.33
2021-11-29T00:00:00+00:00,22866812.73,23106477.24,22639479.78,0.333273424,0.336766426,0.32996015,0.33
2021-11-28T00:00:00+00:00,22408162.22,22106023.06,22143853.76,0.336165938,0.331633264,0.332200798,0.33
2021-11-27T00:00:00+00:00,21553481.53,21959236.74,21967955.67,0.329157906,0.335354471,0.335487623,0.33
2021-11-26T00:00:00+00:00,20848007.82,23954314.76,24365744.17,0.301410879,0.346320432,0.352268689,0.33
2021-11-25T00:00:00+00:00,22442456.66,22246634.95,21737635.12,0.337852816,0.33490488,0.327242304,0.33
2021-11-24T00:00:00+00:00,21618123.19,22301812.52,22557759.24,0.325193634,0.335478126,0.33932824,0.33
2021-11-23T00:00:00+00:00,21716311.18,21994617.88,21025094.57,0.335459455,0.339758555,0.32478199,0.33
2021-11-22T00:00:00+00:00,20861167.14,22725445.67,23010946.81,0.313242216,0.341235412,0.345522373,0.33
2021-11-21T00:00:00+00:00,21538749.13,22857651.26,23335612.15,0.317999544,0.337471904,0.344528551,0.33
2021-11-20T00:00:00+00:00,22206060.62,22214595.1,22304404.92,0.332799407,0.332927312,0.334273281,0.33
2021-11-19T00:00:00+00:00,21951007.86,21833375.2,20941446.36,0.339138302,0.337320903,0.323540796,0.33
2021-11-18T00:00:00+00:00,21022707.52,23304619.46,23539810.63,0.309762696,0.34338592,0.346851384,0.33
2021-11-17T00:00:00+00:00,21878140,22597537.15,22117558.92,0.328533967,0.339336823,0.332129211,0.33
2021-11-16T00:00:00+00:00,21983260.19,24418557.68,24895030.55,0.308334249,0.342491403,0.349174348,0.33
2021-11-15T00:00:00+00:00,23369372.92,24553624.97,24840658.62,0.321168205,0.337443528,0.341388267,0.33
2021-11-14T00:00:00+00:00,24208496.92,24466156.25,25171246.95,0.327824522,0.331313671,0.340861807,0.33
2021-11-13T00:00:00+00:00,24004977.85,25174974.46,24877067.86,0.324141827,0.339940419,0.335917754,0.33
2021-11-12T00:00:00+00:00,24165078.06,25174237.08,25219359.3,0.324108204,0.337643303,0.338248493,0.33
2021-11-11T00:00:00+00:00,24429020.88,25681551.56,25024069.25,0.325136586,0.341807068,0.333056346,0.33
2021-11-10T00:00:00+00:00,24770047.66,26477066.09,25942971.55,0.320896752,0.34301123,0.336092018,0.33
2021-11-09T00:00:00+00:00,25210718.84,26142119.69,26639691.02,0.323245303,0.335187483,0.341567214,0.33
2021-11-08T00:00:00+00:00,25652725.59,24463975.67,25376472.75,0.339801922,0.324055466,0.336142613,0.33
2021-11-07T00:00:00+00:00,27824047.85,27699145.38,27991448.56,0.333163709,0.331668134,0.335168157,0.33
2021-11-06T00:00:00+00:00,27500187.4,28131345.76,27999678,0.328826846,0.33637377,0.334799384,0.33
2021-11-05T00:00:00+00:00,27203463.34,28305644.29,28325026.34,0.324491493,0.337638656,0.337869851,0.33
2021-11-04T00:00:00+00:00,27445403.09,28830956.55,28476800,0.323827492,0.340175596,0.335996913,0.33
2021-11-03T00:00:00+00:00,27933714.18,28653119.95,28197131.94,0.329469303,0.337954466,0.332576232,0.33
2021-11-02T00:00:00+00:00,27592909.02,27532432.37,26638203.08,0.337472026,0.336732373,0.325795601,0.33
2021-11-01T00:00:00+00:00,24222504.34,25353976.15,24735792.76,0.325955637,0.341181544,0.332862819,0.33
2021-10-31T00:00:00+00:00,24168005.89,24725009.27,25232639.55,0.326041045,0.333555358,0.340403598,0.33
2021-10-30T00:00:00+00:00,24064587.07,24963644.51,25123250.96,0.324532784,0.336657389,0.338809827,0.33
2021-10-29T00:00:00+00:00,23735863.97,23805287.62,23807953.27,0.332672204,0.333645218,0.333682578,0.33
2021-10-28T00:00:00+00:00,23752390.45,23517146.11,22317806.72,0.341332049,0.337951487,0.320716465,0.33
2021-10-27T00:00:00+00:00,21975930.7,23416276.78,24097431.37,0.316247588,0.336975082,0.346777329,0.33
2021-10-26T00:00:00+00:00,22526133.75,24647712.1,23890164.94,0.31698371,0.346838179,0.336178111,0.33
2021-10-25T00:00:00+00:00,23035551.39,22812947.17,22834088.27,0.335391435,0.332150378,0.332458187,0.33
2021-10-24T00:00:00+00:00,22295895.48,23123205.22,23324676.53,0.324333291,0.336367976,0.339298733,0.33
2021-10-23T00:00:00+00:00,21740874.09,22375289.4,21197209.04,0.33287018,0.342583586,0.324546233,0.33
2021-10-22T00:00:00+00:00,21419639.09,23036056.56,22679552.99,0.319052056,0.343129087,0.337818857,0.33
2021-10-21T00:00:00+00:00,21985387.37,24185161.89,23390963.1,0.316056777,0.34768022,0.336263004,0.33
2021-10-20T00:00:00+00:00,22967345.96,22961411.45,21976307.64,0.338227288,0.338139893,0.323632819,0.33
2021-10-19T00:00:00+00:00,21733577.33,21260899.92,21500011.77,0.33698348,0.329654522,0.333361999,0.33
2021-10-18T00:00:00+00:00,20971928.82,21266506.11,22105089.67,0.325936898,0.330515094,0.343548007,0.33
2021-10-17T00:00:00+00:00,21814141.17,22073238.23,22189740.28,0.330131538,0.33405267,0.335815792,0.33
2021-10-16T00:00:00+00:00,21141227.22,22071535.24,22159795.51,0.323396053,0.337626918,0.33897703,0.33
2021-10-15T00:00:00+00:00,20904735.56,19815387.26,20882284.36,0.339349329,0.321665795,0.338984876,0.33
2021-10-14T00:00:00+00:00,20153672.72,20739243.48,19582070.28,0.333256341,0.3429392,0.323804459,0.33
2021-10-13T00:00:00+00:00,19472000.61,19897051.87,19249819.12,0.332179724,0.339430824,0.328389452,0.33
2021-10-12T00:00:00+00:00,19121120.96,18670459.85,19824421.03,0.331871708,0.324049904,0.344078388,0.33
2021-10-11T00:00:00+00:00,19470942.26,19032435.33,19327011.88,0.336690492,0.329107853,0.334201655,0.33
2021-10-10T00:00:00+00:00,18854215.6,19477686.84,20336119.8,0.321371249,0.331998354,0.346630396,0.33
2021-10-09T00:00:00+00:00,19172707.7,19265106.5,19732169.83,0.329597954,0.331186381,0.339215665,0.33
2021-10-08T00:00:00+00:00,18921604.86,19553504.43,19772600.74,0.324847189,0.335695677,0.339457135,0.33
2021-10-07T00:00:00+00:00,20227728.56,21505027.33,20823356.67,0.32335335,0.343771799,0.332874851,0.33
2021-10-06T00:00:00+00:00,21895261.47,20578015.11,21993590.04,0.339635888,0.319202967,0.341161145,0.33
2021-10-05T00:00:00+00:00,22086800.58,21205760.33,21593137.69,0.340395512,0.326817169,0.332787319,0.33
2021-10-04T00:00:00+00:00,21814310.27,21671452.21,22600987.1,0.330085992,0.327924317,0.341989691,0.33
2021-10-03T00:00:00+00:00,21413841.41,21682744.92,21725222.08,0.330349337,0.334497686,0.335152977,0.33
2021-10-02T00:00:00+00:00,21204951.26,21825689.87,21072753.69,0.330792953,0.34047635,0.328730697,0.33
2021-10-01T00:00:00+00:00,19003870.08,17627026.69,17660171.86,0.350036766,0.324676363,0.325286871,0.33
2021-09-30T00:00:00+00:00,17344027.76,16703626.07,16708798.51,0.341710796,0.329093648,0.329195555,0.33
2021-09-29T00:00:00+00:00,16627848.68,17443041.11,16787705.08,0.326942746,0.342971353,0.3300859,0.33
2021-09-28T00:00:00+00:00,16635000.36,18214223.89,17914498.34,0.315273441,0.345203541,0.339523018,0.33
2021-09-27T00:00:00+00:00,17291706.51,18169777.91,18732128.76,0.319072774,0.335275263,0.345651963,0.33
2021-09-26T00:00:00+00:00,18149926.95,18530176.16,17647154.8,0.334085092,0.341084326,0.324830582,0.33
2021-09-25T00:00:00+00:00,17682173.45,18496071.5,18247021.88,0.324889054,0.339843469,0.335267477,0.33
2021-09-24T00:00:00+00:00,17911579.42,18907912.52,19582133.37,0.317572044,0.335237015,0.347190941,0.33
2021-09-23T00:00:00+00:00,18660958,18574130.78,18453230.58,0.335096448,0.333537284,0.331366268,0.33
2021-09-22T00:00:00+00:00,18998796.43,17915481.19,17373745.52,0.349962944,0.330007986,0.320029069,0.33
2021-09-21T00:00:00+00:00,17216262.11,19082246.81,19239212.63,0.309992229,0.343590739,0.346417031,0.33
2021-09-20T00:00:00+00:00,18426721.36,20898651.26,21496852.18,0.302960331,0.343602217,0.353437452,0.33
2021-09-19T00:00:00+00:00,19743817.43,20725519.2,21233687.55,0.319981357,0.335891465,0.344127177,0.33
2021-09-18T00:00:00+00:00,19925293.68,19918505.08,20535804.1,0.33000041,0.329887978,0.340111613,0.33
2021-09-17T00:00:00+00:00,19460817.4,20333816.36,21202714.7,0.319043662,0.333355742,0.347600596,0.33
2021-09-16T00:00:00+00:00,20480981.21,21039476.77,20929269.56,0.327959497,0.336902619,0.335137884,0.33
2021-09-15T00:00:00+00:00,21041021.62,21214307.93,20278368.31,0.33647493,0.339246017,0.324279053,0.33
2021-09-14T00:00:00+00:00,20795642.45,20435552.61,20253424.45,0.338225114,0.33236853,0.329406356,0.33
2021-09-13T00:00:00+00:00,20063915.76,20962039.1,21120535.22,0.322848736,0.33730045,0.339850814,0.33
2021-09-12T00:00:00+00:00,20625550.45,20476457.19,20106531.48,0.336971781,0.334535957,0.328492262,0.33
2021-09-11T00:00:00+00:00,22069780.89,22223526.13,22443628.2,0.330698148,0.333001899,0.336299953,0.33
2021-09-10T00:00:00+00:00,21884380.74,23312727.42,24181653.29,0.315433431,0.336021095,0.348545474,0.33
2021-09-09T00:00:00+00:00,22725152.18,23109399.5,23971530.35,0.32554688,0.331051376,0.343401745,0.33
2021-09-08T00:00:00+00:00,22914270.27,24050271.51,23034114.74,0.327353001,0.343581901,0.329065098,0.33
2021-09-07T00:00:00+00:00,23010878.41,26359759.38,27156696.67,0.300688356,0.344448942,0.354862702,0.33
2021-09-06T00:00:00+00:00,26147261.03,26133094.75,26824020.72,0.330541269,0.330362186,0.339096544,0.33
2021-09-05T00:00:00+00:00,26428409.42,25962311.49,26398172.49,0.335433185,0.329517402,0.335049413,0.33
2021-09-04T00:00:00+00:00,25783839.26,26184809.83,26548177.67,0.32838616,0.333492971,0.338120869,0.33
2021-09-03T00:00:00+00:00,26042625.73,26260668.69,25477423.68,0.334821102,0.337624405,0.327554493,0.33
2021-09-02T00:00:00+00:00,25234374.52,29830750.98,26186816.27,0.310569495,0.36713893,0.322291575,0.33
2021-09-01T00:00:00+00:00,25632311.11,27708708.6,23320734.33,0.334355917,0.361441099,0.304202984,0.33
2021-08-31T00:00:00+00:00,24496874.98,26184887.26,23399484.87,0.330675791,0.35346175,0.315862459,0.33
2021-08-30T00:00:00+00:00,22928004.84,24581775.18,23188872.94,0.324306106,0.347697928,0.327995966,0.33
2021-08-29T00:00:00+00:00,22390814.13,22689771.76,22777979.48,0.329962975,0.334368574,0.33566845,0.33
2021-08-28T00:00:00+00:00,21095746.69,21619048.67,21804004.98,0.326970535,0.33508138,0.337948084,0.33
2021-08-27T00:00:00+00:00,17862712.7,17343979.89,17258798.57,0.340465939,0.330578815,0.328955246,0.33
2021-08-26T00:00:00+00:00,1167739.978,1209805.328,1210298.358,0.325471254,0.337195664,0.337333081,0.33