Time,# TXs,Agg. # TXs,Unique Senders,Unique Receivers,Unique Users,Vol (Native),Agg. Vol (Native),Mints (Native),Burns (Native),Supply (Native)
2022-07-31T00:00:00+00:00,50,213,30,32,34,233517.5874,662342.0372,0,0,12857628.45
2022-07-30T00:00:00+00:00,163,270332,45,62,66,428824.4498,1017988967,0,0,12857628.45
2022-07-29T00:00:00+00:00,150,270169,44,53,56,735914.7982,1017560143,0,0,12857628.45
2022-07-28T00:00:00+00:00,120,270019,34,40,46,386547.477,1016824228,0,0,12857628.45
2022-07-27T00:00:00+00:00,329,269899,52,58,62,1517867.247,1016437681,0,0,12857628.45
2022-07-26T00:00:00+00:00,170,269570,49,46,56,1011981.912,1014919813,1507.5,0,12857628.45
2022-07-25T00:00:00+00:00,125,269400,45,49,57,563106.1606,1013907832,0,0,12856120.95
2022-07-24T00:00:00+00:00,126,269275,36,43,51,342482.3091,1013344725,0,0,12856120.95
2022-07-23T00:00:00+00:00,197,269149,51,55,62,1365392.571,1013002243,0,0,12856120.95
2022-07-22T00:00:00+00:00,54,268952,32,41,47,3458468.417,1011636850,0,0,12856120.95
2022-07-21T00:00:00+00:00,133,268898,33,44,51,697240.0884,1008178382,0,0,12856120.95
2022-07-20T00:00:00+00:00,166,268765,40,40,46,643664.8178,1007481142,0,0,12856120.95
2022-07-19T00:00:00+00:00,101,268599,45,47,60,328539.0452,1006837477,0,0,12856120.95
2022-07-18T00:00:00+00:00,230,268498,50,56,61,896310.7456,1006508938,0,0,12856120.95
2022-07-17T00:00:00+00:00,172,268268,49,48,58,867945.4994,1005612627,0,-62000,12856120.95
2022-07-16T00:00:00+00:00,548,268096,54,59,67,1622691.278,1004744682,0,0,12918120.95
2022-07-15T00:00:00+00:00,912,267548,58,56,69,3377432.722,1003121991,0,0,12918120.95
2022-07-14T00:00:00+00:00,203,266636,41,52,58,953411.199,999744557.9,0,0,12918120.95
2022-07-13T00:00:00+00:00,212,266433,37,42,45,962991.3449,998791146.7,0,0,12918120.95
2022-07-12T00:00:00+00:00,163,266221,46,65,68,791281.5232,997828155.3,0,0,12918120.95
2022-07-11T00:00:00+00:00,136,266058,38,39,48,230426.6171,997036873.8,0,-25541.17159,12918120.95
2022-07-10T00:00:00+00:00,417,265922,58,58,68,977993.9128,996806447.2,0,0,12943662.12
2022-07-09T00:00:00+00:00,211,265505,45,54,61,463919.6906,995828453.3,0,0,12943662.12
2022-07-08T00:00:00+00:00,227,265294,49,52,62,581576.7354,995364533.6,0,0,12943662.12
2022-07-07T00:00:00+00:00,547,265067,61,71,79,1577786.149,994782956.8,0,0,12943662.12
2022-07-06T00:00:00+00:00,611,264520,61,69,80,1257891.592,993205170.7,0,0,12943662.12
2022-07-05T00:00:00+00:00,770,263909,87,94,110,4236911.784,991947279.1,0,-75487.99034,12943662.12
2022-07-04T00:00:00+00:00,775,263139,92,93,113,1263106.347,987710367.3,0,0,13019150.12
2022-07-03T00:00:00+00:00,688,262364,68,76,88,1572079.952,986447261,0,0,13019150.12
2022-07-02T00:00:00+00:00,1522,261676,86,105,119,3538247.613,984875181,0,0,13019150.12
2022-07-01T00:00:00+00:00,1450,260154,92,96,109,5062511.07,981336933.4,0,0,13019150.12
2022-06-30T00:00:00+00:00,1707,258704,108,119,139,7394465.256,976274422.3,29160.96495,0,13019150.12
2022-06-29T00:00:00+00:00,2808,256997,186,200,235,12522108.7,968879957.1,0,-5884.519071,12989989.15
2022-06-28T00:00:00+00:00,1492,254189,109,115,138,14382242.96,956357848.4,134278.006,0,12995873.67
2022-06-27T00:00:00+00:00,871,252697,86,87,111,13067887.96,941975605.4,15835.44048,-15835.44048,12861595.66
2022-06-26T00:00:00+00:00,211,251826,61,57,75,3814400.664,928907717.4,0,0,12861595.66
2022-06-25T00:00:00+00:00,140,251615,44,49,56,2201850.732,925093316.8,0,0,12861595.66
2022-06-24T00:00:00+00:00,240,251475,54,58,66,4490686.509,922891466.1,0,0,12861595.66
2022-06-23T00:00:00+00:00,78,251235,23,31,34,588457.4354,918400779.5,0,0,12861595.66
2022-06-22T00:00:00+00:00,125,251157,39,43,50,1041690.898,917812322.1,0,0,12861595.66
2022-06-21T00:00:00+00:00,92,251032,40,44,49,1720656.076,916770631.2,11000,-11000,12861595.66
2022-06-20T00:00:00+00:00,282,250940,43,53,59,5051097.263,915049975.1,0,0,12861595.66
2022-06-19T00:00:00+00:00,198,250658,54,60,70,5870115.687,909998877.9,13384.51779,0,12861595.66
2022-06-18T00:00:00+00:00,65,250460,32,35,40,1552540.377,904128762.2,0,0,12848211.15
2022-06-17T00:00:00+00:00,122,250395,35,37,43,2669964.702,902576221.8,0,0,12848211.15
2022-06-16T00:00:00+00:00,154,250273,41,47,56,1629872.252,899906257.1,0,0,12848211.15
2022-06-15T00:00:00+00:00,171,250119,39,50,55,3327760.746,898276384.9,0,0,12848211.15
2022-06-14T00:00:00+00:00,157,249948,38,52,58,1835962.032,894948624.1,0,0,12848211.15
2022-06-13T00:00:00+00:00,187,249791,42,51,58,2790926.38,893112662.1,0,0,12848211.15
2022-06-12T00:00:00+00:00,294,249604,50,53,60,7958924.303,890321735.7,0,0,12848211.15
2022-06-11T00:00:00+00:00,163,249310,43,49,56,1514769.496,882362811.4,0,0,12848211.15
2022-06-10T00:00:00+00:00,188,249147,39,47,51,2900703.209,880848041.9,0,0,12848211.15
2022-06-09T00:00:00+00:00,319,248959,51,52,64,9995741.638,877947338.7,0,0,12848211.15
2022-06-08T00:00:00+00:00,276,248640,65,62,85,6469354.984,867951597,48948.81239,0,12848211.15
2022-06-07T00:00:00+00:00,228,248364,61,70,83,2454758.801,861482242.1,0,-58217.02735,12799262.33
2022-06-06T00:00:00+00:00,324,248136,67,82,90,6927385.609,859027483.3,0,-45197.65425,12857479.36
2022-06-05T00:00:00+00:00,197,247812,55,73,82,1601934.8,852100097.7,0,0,12902677.01
2022-06-04T00:00:00+00:00,145,247615,41,50,57,686078.775,850498162.9,0,0,12902677.01
2022-06-03T00:00:00+00:00,306,247470,59,70,82,3803099.193,849812084.1,0,0,12902677.01
2022-06-02T00:00:00+00:00,296,247164,70,72,84,5540179.094,846008984.9,0,0,12902677.01
2022-06-01T00:00:00+00:00,297,246868,70,78,95,6153184.54,840468805.8,0,-97380.13109,12902677.01
2022-05-31T00:00:00+00:00,313,246571,82,105,126,3483329.486,834315621.3,8243.694565,0,13000057.15
2022-05-30T00:00:00+00:00,431,246258,107,125,153,7558419.224,830832291.8,0,-63877.63855,12991813.45
2022-05-29T00:00:00+00:00,279,245827,94,95,117,3443257.848,823273872.5,0,-383438.2844,13055691.09
2022-05-28T00:00:00+00:00,621,245548,108,125,153,5572733.448,819830614.7,515522.9578,-320231.9426,13439129.37
2022-05-27T00:00:00+00:00,654,244927,152,154,200,4372987.805,814257881.2,88275.96793,-362269.0176,13243838.36
2022-05-26T00:00:00+00:00,1908,244273,367,408,475,22762615.41,809884893.4,57681.9927,-517966.4964,13517831.41
2022-05-25T00:00:00+00:00,1160,242365,177,173,232,12776684.61,787122278,0,-7640.047379,13978115.91
2022-05-24T00:00:00+00:00,464,241205,102,101,131,4074774.352,774345593.4,11003.15749,-17813.63845,13985755.96
2022-05-23T00:00:00+00:00,548,240741,94,109,135,4733632.364,770270819.1,49700.7333,-10144.87972,13992566.44
2022-05-22T00:00:00+00:00,1017,240193,109,119,150,7494183.098,765537186.7,0,0,13953010.59
2022-05-21T00:00:00+00:00,703,239176,89,109,129,4594412.037,758043003.6,0,-13900.55792,13953010.59
2022-05-20T00:00:00+00:00,596,238473,120,142,176,4087901.106,753448591.6,0,-31421.5517,13966911.15
2022-05-19T00:00:00+00:00,743,237877,111,137,168,3712962.781,749360690.5,0,0,13998332.7
2022-05-18T00:00:00+00:00,959,237134,173,192,238,5529175.636,745647727.7,0,0,13998332.7
2022-05-17T00:00:00+00:00,1334,236175,212,258,314,8027759.829,740118552,0,-315510.8992,13998332.7
2022-05-16T00:00:00+00:00,2580,234841,292,410,472,25875793.8,732090792.2,28402.50077,-149423.6406,14313843.6
2022-05-15T00:00:00+00:00,1962,232261,300,619,657,33366614.86,706214998.4,8226167.113,-51335.88393,14434864.74
2022-05-14T00:00:00+00:00,771,230299,191,317,357,7715479.003,672848383.6,2243111.068,-7088.975579,6260033.507
2022-05-13T00:00:00+00:00,1112,229528,205,260,316,4731462.612,665132904.5,839119.9274,-166168.541,4024011.415
2022-05-12T00:00:00+00:00,2087,228416,330,410,496,7299452.936,660401441.9,224768.4478,-124668.9298,3351060.028
2022-05-11T00:00:00+00:00,2437,226329,384,482,561,12587438.24,653101989,669628.6179,-536706.7905,3250960.51
2022-05-10T00:00:00+00:00,1568,223892,323,451,485,5530084.488,640514550.8,165632.0519,-97012.41214,3118038.683
2022-05-09T00:00:00+00:00,587,222324,161,176,203,1830492.22,634984466.3,142395.8095,-174626.4083,3049419.043
2022-05-08T00:00:00+00:00,237,221737,117,112,144,316359.3811,633153974.1,0,0,3081649.642
2022-05-07T00:00:00+00:00,191,221500,88,103,119,855325.4833,632837614.7,0,0,3081649.642
2022-05-06T00:00:00+00:00,201,221309,95,79,107,619489.9889,631982289.2,0,0,3081649.642
2022-05-05T00:00:00+00:00,229,221108,136,116,160,1164502.243,631362799.2,0,0,3081649.642
2022-05-04T00:00:00+00:00,158,220879,84,105,125,545126.1344,630198297,0,-1062.582591,3081649.642
2022-05-03T00:00:00+00:00,185,220721,93,107,122,811490.2836,629653170.8,0,-10,3082712.225
2022-05-02T00:00:00+00:00,275,220536,119,147,165,1071924.952,628841680.5,0,0,3082722.225
2022-05-01T00:00:00+00:00,189,220261,95,105,119,425965.5243,627769755.6,0,0,3082722.225
2022-04-30T00:00:00+00:00,323,220072,92,106,125,357777.0143,627343790.1,0,0,3082722.225
2022-04-29T00:00:00+00:00,180,219749,96,116,134,335769.3688,626986013,0,0,3082722.225
2022-04-28T00:00:00+00:00,173,219569,74,105,113,212057.5364,626650243.7,0,0,3082722.225
2022-04-27T00:00:00+00:00,138,219396,81,84,102,147692.6142,626438186.1,0,0,3082722.225
2022-04-26T00:00:00+00:00,195,219258,82,100,115,357114.0296,626290493.5,0,-4000.362606,3082722.225
2022-04-25T00:00:00+00:00,218,219063,111,128,145,335832.1849,625933379.5,0,0,3086722.587
2022-04-24T00:00:00+00:00,227,218845,111,126,144,363979.8054,625597547.3,0,0,3086722.587
2022-04-23T00:00:00+00:00,164,218618,83,99,112,153510.1342,625233567.5,0,0,3086722.587
2022-04-22T00:00:00+00:00,220,218454,110,114,140,586330.5294,625080057.4,0,0,3086722.587
2022-04-21T00:00:00+00:00,229,218234,103,144,160,257361.4168,624493726.8,0,0,3086722.587
2022-04-20T00:00:00+00:00,218,218005,110,125,138,894353.4944,624236365.4,0,0,3086722.587
2022-04-19T00:00:00+00:00,187,217787,93,107,115,170330.2067,623342011.9,0,0,3086722.587
2022-04-18T00:00:00+00:00,182,217600,90,109,120,426005.3513,623171681.7,0,0,3086722.587
2022-04-17T00:00:00+00:00,222,217418,105,117,134,191666.1183,622745676.4,0,0,3086722.587
2022-04-16T00:00:00+00:00,204,217196,83,106,113,241969.1402,622554010.3,0,0,3086722.587
2022-04-15T00:00:00+00:00,174,216992,87,99,115,338623.3224,622312041.1,0,0,3086722.587
2022-04-14T00:00:00+00:00,181,216818,85,94,104,335594.3998,621973417.8,15000,-57.34099512,3086722.587
2022-04-13T00:00:00+00:00,184,216637,100,113,128,713711.5601,621637823.4,0,-6919.507327,3071779.928
2022-04-12T00:00:00+00:00,215,216453,95,107,122,824028.3633,620924111.8,1978.79,0,3078699.435
2022-04-11T00:00:00+00:00,205,216238,91,97,113,583618.607,620100083.5,240.9704422,-120824.1633,3076720.645
2022-04-10T00:00:00+00:00,137,216033,66,81,90,137010.9093,619516464.9,650,-1268.191171,3197303.838
2022-04-09T00:00:00+00:00,164,215896,77,80,97,166809.3684,619379454,0,-111.4420411,3197922.029
2022-04-08T00:00:00+00:00,193,215732,86,91,106,304205.8564,619212644.6,19114.4664,0,3198033.472
2022-04-07T00:00:00+00:00,222,215539,107,114,137,217036.1852,618908438.7,0,-8651.86299,3178919.005
2022-04-06T00:00:00+00:00,206,215317,92,101,124,448156.6769,618691402.5,7043.293379,0,3187570.868
2022-04-05T00:00:00+00:00,177,215111,91,104,125,207144.1322,618243245.9,5000,0,3180527.575
2022-04-04T00:00:00+00:00,160,214934,80,94,111,120189.9548,618036101.7,0,0,3175527.575
2022-04-03T00:00:00+00:00,134,214774,72,86,103,155505.1164,617915911.8,0,0,3175527.575
2022-04-02T00:00:00+00:00,170,214640,86,85,103,94895.9582,617760406.7,1231.484674,0,3175527.575
2022-04-01T00:00:00+00:00,268,214470,89,109,124,264252.2281,617665510.7,0,0,3174296.09
2022-03-31T00:00:00+00:00,216,214202,88,102,120,404206.5303,617401258.5,0,0,3174296.09
2022-03-30T00:00:00+00:00,222,213986,91,110,130,486974.8214,616997052,250,-138849.3248,3174296.09
2022-03-29T00:00:00+00:00,282,213764,115,134,154,364021.4222,616510077.1,0,-103726.5364,3312895.415
2022-03-28T00:00:00+00:00,284,213482,99,124,141,630691.9763,616146055.7,0,0,3416621.951
2022-03-27T00:00:00+00:00,201,213198,111,123,146,916671.4284,615515363.7,0,-85963.47418,3416621.951
2022-03-26T00:00:00+00:00,194,212997,93,100,117,582107.9049,614598692.3,0,0,3502585.425
2022-03-25T00:00:00+00:00,359,212803,131,155,174,2236453.69,614016584.4,86815.47418,-69303.54382,3502585.425
2022-03-24T00:00:00+00:00,183,212444,86,110,116,360170.9662,611780130.7,46319,-46369,3485073.495
2022-03-23T00:00:00+00:00,132,212261,77,76,96,226116.7548,611419959.7,0,0,3485123.495
2022-03-22T00:00:00+00:00,158,212129,82,91,104,377668.1055,611193843,0,0,3485123.495
2022-03-21T00:00:00+00:00,147,211971,74,87,102,284342.2694,610816174.9,0,-15825.967,3485123.495
2022-03-20T00:00:00+00:00,147,211824,67,86,98,254881.7289,610531832.6,0,-4197.138041,3500949.462
2022-03-19T00:00:00+00:00,214,211677,92,115,128,555910.2108,610276950.9,0,0,3505146.6
2022-03-18T00:00:00+00:00,173,211463,74,95,111,633277.9981,609721040.7,0,0,3505146.6
2022-03-17T00:00:00+00:00,157,211290,71,90,104,395214.3345,609087762.7,0,-102.72,3505146.6
2022-03-16T00:00:00+00:00,162,211133,72,98,114,109917.7065,608692548.3,0,0,3505249.32
2022-03-15T00:00:00+00:00,161,210971,83,94,110,618546.007,608582630.6,0,-30053.5492,3505249.32
2022-03-14T00:00:00+00:00,160,210810,77,84,102,1002998.234,607964084.6,139938.4428,-35945.55783,3535302.869
2022-03-13T00:00:00+00:00,101,210650,50,68,75,227610.8606,606961086.4,0,0,3431309.984
2022-03-12T00:00:00+00:00,107,210549,53,66,72,72978.36467,606733475.5,0,0,3431309.984
2022-03-11T00:00:00+00:00,113,210442,61,74,86,55262.73562,606660497.2,0,-5045.656783,3431309.984
2022-03-10T00:00:00+00:00,201,210329,81,104,116,358800.7438,606605234.4,0,0,3436355.641
2022-03-09T00:00:00+00:00,322,210128,109,153,165,3230821.587,606246433.7,14180.66445,-1358195.927,3436355.641
2022-03-08T00:00:00+00:00,207,209806,87,122,140,219338.9781,603015612.1,0,0,4780370.903
2022-03-07T00:00:00+00:00,239,209599,98,134,150,617843.4802,602796273.1,34346.66827,-6793.883497,4780370.903
2022-03-06T00:00:00+00:00,350,209360,126,160,176,888606.3998,602178429.6,0,-20014.53542,4752818.119
2022-03-05T00:00:00+00:00,215,209010,89,120,133,787868.3573,601289823.2,100.5698726,-139423.7329,4772832.654
2022-03-04T00:00:00+00:00,188,208795,82,114,129,175678.9901,600501954.9,0,-850.1944984,4912155.817
2022-03-03T00:00:00+00:00,167,208607,66,93,106,116550.3595,600326275.9,0,0,4913006.011
2022-03-02T00:00:00+00:00,153,208440,64,81,94,84013.17001,600209725.5,0,0,4913006.011
2022-03-01T00:00:00+00:00,185,208287,77,111,121,328777.9305,600125712.4,1986.615401,-71928,4913006.011
2022-02-28T00:00:00+00:00,181,208102,78,103,113,534352.7542,599796934.4,71928,-52312.32096,4982947.396
2022-02-27T00:00:00+00:00,240,207921,85,124,133,1096385.945,599262581.7,19.42886035,0,4963331.717
2022-02-26T00:00:00+00:00,110,207681,57,71,75,227613.3991,598166195.7,0,0,4963312.288
2022-02-25T00:00:00+00:00,180,207571,79,103,112,476953.5898,597938582.3,0,-547.1508509,4963312.288
2022-02-24T00:00:00+00:00,183,207391,75,82,97,2441009.452,597461628.7,0,-1122421.724,4963859.439
2022-02-23T00:00:00+00:00,195,207208,84,90,108,787548.9486,595020619.3,0,-5405.599737,6086281.163
2022-02-22T00:00:00+00:00,167,207013,71,89,105,540416.7208,594233070.3,0,0,6091686.762
2022-02-21T00:00:00+00:00,169,206846,76,91,103,967518.9865,593692653.6,0,0,6091686.762
2022-02-20T00:00:00+00:00,183,206677,83,99,112,722102.9869,592725134.6,24950,-13400.41159,6091686.762
2022-02-19T00:00:00+00:00,150,206494,68,87,98,324564.4554,592003031.7,0,0,6080137.174
2022-02-18T00:00:00+00:00,160,206344,73,90,102,377770.9682,591678467.2,0,0,6080137.174
2022-02-17T00:00:00+00:00,132,206184,60,75,85,274316.4572,591300696.2,0,0,6080137.174
2022-02-16T00:00:00+00:00,256,206052,104,117,135,726164.3284,591026379.8,16662.37688,-59839.94515,6080137.174
2022-02-15T00:00:00+00:00,184,205796,85,103,117,2074899.244,590300215.4,5000,-600309.67,6123314.742
2022-02-14T00:00:00+00:00,285,205612,121,157,168,1614055.76,588225316.2,900,0,6718624.412
2022-02-13T00:00:00+00:00,179,205327,86,100,121,3588949.754,586611260.4,533.5141839,-8861.937658,6717724.412
2022-02-12T00:00:00+00:00,219,205148,96,139,159,564994.1566,583022310.7,2750.296349,-21437.55969,6726052.836
2022-02-11T00:00:00+00:00,214,204929,93,116,130,205854.8151,582457316.5,1792.206,0,6744740.099
2022-02-10T00:00:00+00:00,205,204715,72,86,100,440442.1841,582251461.7,0,0,6742947.893
2022-02-09T00:00:00+00:00,209,204510,81,100,113,284776.401,581811019.5,0,0,6742947.893
2022-02-08T00:00:00+00:00,186,204301,78,94,109,125210.0647,581526243.1,0,-13986.85531,6742947.893
2022-02-07T00:00:00+00:00,199,204115,90,113,128,279547.7978,581401033.1,0,0,6756934.748
2022-02-06T00:00:00+00:00,165,203916,69,87,99,395156.0391,581121485.3,0,0,6756934.748
2022-02-05T00:00:00+00:00,188,203751,72,87,97,422498.0794,580726329.2,0,0,6756934.748
2022-02-04T00:00:00+00:00,209,203563,72,79,89,256160.9297,580303831.1,0,0,6756934.748
2022-02-03T00:00:00+00:00,161,203354,61,81,89,165413.9263,580047670.2,0,-1213.743182,6756934.748
2022-02-02T00:00:00+00:00,169,203193,67,76,90,46358.32723,579882256.3,0,0,6758148.491
2022-02-01T00:00:00+00:00,178,203024,70,86,93,329693.9592,579835898,4975.01,-175.9923361,6758148.491
2022-01-31T00:00:00+00:00,215,202846,73,81,90,204790.3926,579506204,0,0,6753349.474
2022-01-30T00:00:00+00:00,195,202631,73,75,92,220602.2216,579301413.6,9969.750001,0,6753349.474
2022-01-29T00:00:00+00:00,278,202436,96,105,125,687060.7748,579080811.4,1598.4,0,6743379.724
2022-01-28T00:00:00+00:00,306,202158,125,157,177,857680.727,578393750.6,0,-71956.77624,6741781.324
2022-01-27T00:00:00+00:00,348,201852,134,165,189,776778.5585,577536069.9,0,-20.2,6813738.1
2022-01-26T00:00:00+00:00,224,201504,100,123,140,784695.7796,576759291.3,478.6939643,-89024.63023,6813758.3
2022-01-25T00:00:00+00:00,158,201280,81,79,97,348389.3118,575974595.5,324.4811101,-300,6902304.236
2022-01-24T00:00:00+00:00,232,201122,103,110,135,842553.8999,575626206.2,37042.62615,-9905.584153,6902279.755
2022-01-23T00:00:00+00:00,154,200890,82,94,110,190020.1222,574783652.3,1500,-45216.34836,6875142.713
2022-01-22T00:00:00+00:00,252,200736,121,126,153,1175195.172,574593632.2,0,-91469.53245,6918859.062
2022-01-21T00:00:00+00:00,250,200484,109,125,142,972795.8559,573418437,54589.9,-78709.34846,7010328.594
2022-01-20T00:00:00+00:00,194,200234,92,96,111,189917.2043,572445641.2,0,0,7034448.042
2022-01-19T00:00:00+00:00,117,200040,68,66,84,327066.3203,572255724,0,-30131.63209,7034448.042
2022-01-18T00:00:00+00:00,112,199923,63,62,77,618231.5085,571928657.7,0,0,7064579.675
2022-01-17T00:00:00+00:00,268,199811,120,123,143,821846.5479,571310426.2,0,0,7064579.675
2022-01-16T00:00:00+00:00,268,199543,115,125,139,699601.0389,570488579.6,528,-16188.03976,7064579.675
2022-01-15T00:00:00+00:00,195,199275,74,80,89,2191788.684,569788978.6,139860,-161910.8,7080239.714
2022-01-14T00:00:00+00:00,264,199080,84,82,99,473509.6514,567597189.9,0,0,7102290.514
2022-01-13T00:00:00+00:00,183,198816,77,87,105,383920.5064,567123680.2,24952.69,-24952.69,7102290.514
2022-01-12T00:00:00+00:00,208,198633,89,96,115,321415.9727,566739759.7,5054.156863,0,7102290.514
2022-01-11T00:00:00+00:00,214,198425,90,88,107,940149.0038,566418343.8,4024.29,0,7097236.357
2022-01-10T00:00:00+00:00,201,198211,87,94,114,978115.6651,565478194.7,500,0,7093212.067
2022-01-09T00:00:00+00:00,265,198010,110,122,146,900230.2262,564500079.1,0,0,7092712.067
2022-01-08T00:00:00+00:00,208,197745,81,90,113,283949.3126,563599848.9,0,0,7092712.067
2022-01-07T00:00:00+00:00,258,197537,97,108,127,1080506.243,563315899.5,0,0,7092712.067
2022-01-06T00:00:00+00:00,258,197279,115,123,141,1548441.162,562235393.3,13207.34946,-275135.277,7092712.067
2022-01-05T00:00:00+00:00,136,197021,55,67,79,648449.2399,560686952.1,2498.9,0,7354639.995
2022-01-04T00:00:00+00:00,107,196885,47,68,74,167408.3247,560038502.9,0,0,7352141.095
2022-01-03T00:00:00+00:00,210,196778,74,95,106,228198.2867,559871094.6,0,-27164.81003,7352141.095
2022-01-02T00:00:00+00:00,268,196568,91,96,108,215714.9078,559642896.3,0,-26792.92229,7379305.905
2022-01-01T00:00:00+00:00,205,196300,71,83,97,250871.2559,559427181.4,0,0,7406098.827
2021-12-31T00:00:00+00:00,246,196095,94,111,126,6236340.241,559176310.1,2000010,0,7406098.827
2021-12-30T00:00:00+00:00,348,195849,123,127,153,310170.7823,552939969.9,0,-31889.52244,5406088.827
2021-12-29T00:00:00+00:00,462,195501,137,141,170,1111565.837,552629799.1,519,0,5437978.35
2021-12-28T00:00:00+00:00,379,195039,127,148,170,345916.8573,551518233.3,0,0,5437459.35
2021-12-27T00:00:00+00:00,574,194660,159,225,242,545593.462,551172316.4,0,0,5437459.35
2021-12-26T00:00:00+00:00,481,194086,134,160,178,610073.9642,550626722.9,499,-10717.65083,5437459.35
2021-12-25T00:00:00+00:00,384,193605,119,143,154,1142028.891,550016649,0,0,5447678.001
2021-12-24T00:00:00+00:00,449,193221,141,147,172,1189438.016,548874620.1,51419.67535,-28045.70026,5447678.001
2021-12-23T00:00:00+00:00,548,192772,145,165,178,1031004.742,547685182.1,0,-60410.09733,5424304.026
2021-12-22T00:00:00+00:00,1036,192224,170,188,203,3340114.69,546654177.3,400,-1187219.88,5484714.123
2021-12-21T00:00:00+00:00,490,191188,140,158,172,1761556.138,543314062.6,2387.74999,-3023.852502,6671534.003
2021-12-20T00:00:00+00:00,338,190698,105,119,140,164523.4355,541552506.5,0,0,6672170.106
2021-12-19T00:00:00+00:00,319,190360,84,107,116,348634.1943,541387983.1,0,-6192.013284,6672170.106
2021-12-18T00:00:00+00:00,1161,190041,107,106,127,1038330.535,541039348.9,77281.87418,-132073.5228,6678362.119
2021-12-17T00:00:00+00:00,416,188880,117,116,139,666702.7914,540001018.3,0,-138099.8538,6733153.768
2021-12-16T00:00:00+00:00,924,188464,103,116,135,796502.2457,539334315.5,5994,-107359.3898,6871253.621
2021-12-15T00:00:00+00:00,400,187540,110,112,133,552306.5008,538537813.3,0,-11816.71452,6972619.011
2021-12-14T00:00:00+00:00,429,187140,127,141,159,397944.6395,537985506.8,831,0,6984435.726
2021-12-13T00:00:00+00:00,394,186711,117,123,157,370542.4703,537587562.2,0,0,6983604.726
2021-12-12T00:00:00+00:00,354,186317,99,112,130,332660.3313,537217019.7,0,-50484.69475,6983604.726
2021-12-11T00:00:00+00:00,396,185963,93,115,128,936322.4178,536884359.4,9288.007037,-149336.4313,7034089.42
2021-12-10T00:00:00+00:00,278,185567,87,93,104,172868.3239,535948036.9,0,-1026.642032,7174137.845
2021-12-09T00:00:00+00:00,398,185289,116,137,160,397474.8749,535775168.6,0,-26216.87606,7175164.487
2021-12-08T00:00:00+00:00,333,184891,92,119,136,213855.3881,535377693.7,0,-20039.60043,7201381.363
2021-12-07T00:00:00+00:00,310,184558,93,108,124,397144.914,535163838.4,0,-29082.18339,7221420.963
2021-12-06T00:00:00+00:00,408,184248,103,109,133,789285.7786,534766693.4,647.4750083,0,7250503.146
2021-12-05T00:00:00+00:00,466,183840,101,106,123,1053271.561,533977407.7,0,0,7249855.671
2021-12-04T00:00:00+00:00,525,183374,137,187,211,823756.895,532924136.1,4000,-148029.8017,7249855.671
2021-12-03T00:00:00+00:00,380,182849,116,129,146,780126.6456,532100379.2,149225.425,0,7393885.473
2021-12-02T00:00:00+00:00,325,182469,104,109,128,172402.8452,531320252.6,21130.85,0,7244660.048
2021-12-01T00:00:00+00:00,379,182144,110,129,145,816704.5356,531147849.7,0,-20961.90951,7223529.198
2021-11-30T00:00:00+00:00,357,181765,101,112,129,646850.5299,530331145.2,100,-150000,7244491.108
2021-11-29T00:00:00+00:00,346,181408,100,119,135,504527.3986,529684294.7,0,0,7394391.108
2021-11-28T00:00:00+00:00,399,181062,97,101,123,586713.1254,529179767.3,0,-63269.91137,7394391.108
2021-11-27T00:00:00+00:00,312,180663,92,106,127,171319.5192,528593054.1,0,-30803.18822,7457661.019
2021-11-26T00:00:00+00:00,347,180351,94,102,120,168622.5203,528421734.6,12275.70192,0,7488464.207
2021-11-25T00:00:00+00:00,378,180004,95,111,124,700407.3371,528253112.1,3023.973,-7668.279816,7476188.505
2021-11-24T00:00:00+00:00,432,179626,85,99,111,403750.5061,527552704.7,100,-4994.443501,7480832.812
2021-11-23T00:00:00+00:00,412,179194,101,113,124,258174.3784,527148954.2,0,-100.0541108,7485727.256
2021-11-22T00:00:00+00:00,520,178782,144,157,185,1210547.456,526890779.9,0,0,7485827.31
2021-11-21T00:00:00+00:00,548,178262,153,161,177,2970130.051,525680232.4,51782.65044,0,7485827.31
2021-11-20T00:00:00+00:00,507,177714,118,111,140,580650.8565,522710102.4,8591.400001,0,7434044.659
2021-11-19T00:00:00+00:00,479,177207,109,128,140,353036.5859,522129451.5,0,0,7425453.259
2021-11-18T00:00:00+00:00,435,176728,101,113,130,769632.431,521776414.9,12748.4,-385868.51,7425453.259
2021-11-17T00:00:00+00:00,564,176293,130,139,158,2243243.982,521006782.5,80000,0,7798573.369
2021-11-16T00:00:00+00:00,510,175729,117,128,150,670744.3166,518763538.5,0,-15191.44852,7718573.369
2021-11-15T00:00:00+00:00,598,175219,133,142,169,1882239.116,518092794.2,0,-671624.4283,7733764.818
2021-11-14T00:00:00+00:00,609,174621,104,115,132,800838.5446,516210555.1,8000,0,8405389.246
2021-11-13T00:00:00+00:00,731,174012,134,155,169,1115999.836,515409716.5,0,-300000,8397389.246
2021-11-12T00:00:00+00:00,840,173281,119,134,150,886670.4671,514293716.7,0,0,8697389.246
2021-11-11T00:00:00+00:00,653,172441,138,133,161,382910.3382,513407046.2,0,0,8697389.246
2021-11-10T00:00:00+00:00,1042,171788,135,150,167,1087992.664,513024135.9,16510.90709,-14252.15602,8697389.246
2021-11-09T00:00:00+00:00,689,170746,119,136,162,391234.6755,511936143.2,0,-9887.4021,8695130.495
2021-11-08T00:00:00+00:00,712,170057,153,162,191,883214.8448,511544908.5,0,0,8705017.897
2021-11-07T00:00:00+00:00,528,169345,108,121,137,112547.1891,510661693.7,8735.7555,0,8705017.897
2021-11-06T00:00:00+00:00,603,168817,114,126,146,473666.3668,510549146.5,0,0,8696282.142
2021-11-05T00:00:00+00:00,664,168214,130,135,162,2661093.849,510075480.1,372117.51,-860032.2518,8696282.142
2021-11-04T00:00:00+00:00,688,167550,128,166,181,750029.9527,507414386.3,0,-127321.5647,9184196.883
2021-11-03T00:00:00+00:00,758,166862,155,192,221,1322009.873,506664356.3,0,-310000,9311518.448
2021-11-02T00:00:00+00:00,979,166104,169,269,287,831823.675,505342346.5,57854.16236,0,9621518.448
2021-11-01T00:00:00+00:00,880,165125,156,213,236,2059610.291,504510522.8,0,0,9563664.286
2021-10-31T00:00:00+00:00,712,164245,114,179,192,606753.7616,502450912.5,0,0,9563664.286
2021-10-30T00:00:00+00:00,665,163533,122,162,181,511293.704,501844158.7,0,-3095.299155,9563664.286
2021-10-29T00:00:00+00:00,669,162868,149,207,222,1467523.687,501332865,3000,-534521.0509,9566759.585
2021-10-28T00:00:00+00:00,672,162199,128,178,200,379376.3711,499865341.4,0,-39940,10098280.64
2021-10-27T00:00:00+00:00,706,161527,132,185,205,1297740.96,499485965,0,-77444.01618,10138220.64
2021-10-26T00:00:00+00:00,775,160821,164,217,242,837764.1227,498188224,129925.8475,0,10215664.65
2021-10-25T00:00:00+00:00,832,160046,157,219,250,700961.9229,497350459.9,25149.926,-1498.5,10085738.8
2021-10-24T00:00:00+00:00,788,159214,146,192,217,763047.1656,496649498,0,-40589.38979,10062087.38
2021-10-23T00:00:00+00:00,845,158426,187,256,272,1394351.286,495886450.8,0,-211378.98,10102676.77
2021-10-22T00:00:00+00:00,966,157581,204,281,298,3017155.75,494492099.5,499860,-303883.2485,10314055.75
2021-10-21T00:00:00+00:00,755,156615,150,195,227,450680.0566,491474943.8,981.269459,-34456.58317,10118079
2021-10-20T00:00:00+00:00,808,155860,173,219,246,1159400.232,491024263.7,0,-279132.336,10151554.31
2021-10-19T00:00:00+00:00,810,155052,151,221,247,664840.8531,489864863.5,7452.14,-33507.82636,10430686.65
2021-10-18T00:00:00+00:00,920,154242,203,265,308,2622606.115,489200022.6,11379.71083,-920658.747,10456742.33
2021-10-17T00:00:00+00:00,789,153322,141,210,225,314665.8733,486577416.5,0,-1670.710017,11366021.37
2021-10-16T00:00:00+00:00,720,152533,133,183,205,997788.1776,486262750.6,0,-352784.4602,11367692.08
2021-10-15T00:00:00+00:00,708,151813,156,212,236,901760.1413,485264962.5,9531.736682,-190764.35,11720476.54
2021-10-14T00:00:00+00:00,744,151105,162,201,244,277913.9421,484363202.3,0,-21931.31407,11901709.15
2021-10-13T00:00:00+00:00,743,150361,156,196,230,1100827.871,484085288.4,12008.07642,-318427.1579,11923640.47
2021-10-12T00:00:00+00:00,797,149618,179,246,276,682010.3566,482984460.5,0,-44521.88715,12230059.55
2021-10-11T00:00:00+00:00,776,148821,159,209,241,756729.8172,482302450.2,148368.383,-162776.0869,12274581.44
2021-10-10T00:00:00+00:00,844,148045,141,206,220,857652.0569,481545720.3,30832.04253,-16533.61139,12288989.14
2021-10-09T00:00:00+00:00,810,147201,151,220,241,747615.8444,480688068.3,0,-341837.7318,12274690.71
2021-10-08T00:00:00+00:00,1002,146391,187,252,278,2534909.696,479940452.4,0,-697277.8258,12616528.44
2021-10-07T00:00:00+00:00,969,145389,174,252,285,866928.6957,477405542.7,1498.500001,0,13313806.27
2021-10-06T00:00:00+00:00,1653,144420,171,266,286,3586818.586,476538614,100204.9999,-556903.2876,13312307.77
2021-10-05T00:00:00+00:00,1950,142767,216,309,327,1588186.924,472951795.5,347566.5182,0,13769006.05
2021-10-04T00:00:00+00:00,1768,140817,221,307,326,1553394.222,471363608.5,151303.1107,-10757.39176,13421439.54
2021-10-03T00:00:00+00:00,1739,139049,180,251,264,1303561.013,469810214.3,262661.6911,0,13280893.82
2021-10-02T00:00:00+00:00,1918,137310,223,292,310,1622566.034,468506653.3,514565.5197,-25242.07925,13018232.13
2021-10-01T00:00:00+00:00,1878,135392,215,278,304,1123708.471,466884087.3,241321.0921,-33148.08834,12528908.68
2021-09-30T00:00:00+00:00,1744,133514,218,281,304,974031.8236,465760378.8,114405.8371,-114908.2115,12320735.68
2021-09-29T00:00:00+00:00,2147,131770,306,360,390,1952207.204,464786347,116809.5118,-133.4232888,12321238.06
2021-09-28T00:00:00+00:00,2134,129623,308,389,411,3175136.344,462834139.8,788602.6321,-153146.4496,12204561.97
2021-09-27T00:00:00+00:00,1487,127489,140,202,218,2077770.457,459659003.4,848338.1151,0,11569105.78
2021-09-26T00:00:00+00:00,1593,126002,143,197,225,442433.2041,457581233,1998,-16223.03954,10720767.67
2021-09-25T00:00:00+00:00,1603,124409,99,171,183,655222.2425,457138799.8,0,-197141.3143,10734992.71
2021-09-24T00:00:00+00:00,1985,122806,167,221,240,2084837.333,456483577.5,419603.9051,-69340.68145,10932134.02
2021-09-23T00:00:00+00:00,1704,120821,180,256,286,3155626.644,454398740.2,25055.75302,-257361.2205,10581870.8
2021-09-22T00:00:00+00:00,1974,119117,193,266,286,1125047.299,451243113.5,790,-25559.22309,10814176.27
2021-09-21T00:00:00+00:00,1713,117143,160,210,233,682936.7408,450118066.2,17781.3,-3413.390809,10838945.49
2021-09-20T00:00:00+00:00,1962,115430,173,258,273,695761.5275,449435129.5,0,-76176.14175,10824577.58
2021-09-19T00:00:00+00:00,2202,113468,156,224,232,3033353.325,448739368,359870,-253650.2155,10900753.72
2021-09-18T00:00:00+00:00,1793,111266,131,190,214,769728.1904,445706014.6,2617.38,-392496.1195,10794533.94
2021-09-17T00:00:00+00:00,1820,109473,149,218,233,789422.1711,444936286.5,0,-41492.76944,11184412.68
2021-09-16T00:00:00+00:00,1757,107653,169,229,256,830579.312,444146864.3,1125.431079,-963.6191833,11225905.45
2021-09-15T00:00:00+00:00,1659,105896,159,227,257,591526.4983,443316285,0,-41040.21722,11225743.64
2021-09-14T00:00:00+00:00,1899,104237,176,241,273,1810423.332,442724758.5,47459.62081,-222666.0217,11266783.85
2021-09-13T00:00:00+00:00,1724,102338,191,249,286,1908487.784,440914335.1,62769.22283,-161990.8003,11441990.25
2021-09-12T00:00:00+00:00,1825,100614,177,256,288,2893070.102,439005847.4,63,-594357.6368,11541211.83
2021-09-11T00:00:00+00:00,1772,98789,191,264,288,1958746.197,436112777.3,14994,-418359.948,12135506.47
2021-09-10T00:00:00+00:00,1976,97017,206,284,314,3052941.918,434154031.1,0,-856771.6281,12538872.42
2021-09-09T00:00:00+00:00,2002,95041,213,307,335,2672103.649,431101089.1,3580.416,-404019.4495,13395644.04
2021-09-08T00:00:00+00:00,1612,93039,254,330,369,2627492.457,428428985.5,0,-716816.7057,13796083.08
2021-09-07T00:00:00+00:00,1578,91427,243,338,364,3410421.235,425801493,7644.35,-942186.3464,14512899.78
2021-09-06T00:00:00+00:00,1711,89849,174,262,286,3376573.652,422391071.8,0,-1754673.841,15447441.78
2021-09-05T00:00:00+00:00,1740,88138,191,269,298,1391395.946,419014498.2,0,-319382.0504,17202115.62
2021-09-04T00:00:00+00:00,1846,86398,196,271,295,1530288.661,417623102.2,0,-198025.0286,17521497.67
2021-09-03T00:00:00+00:00,1908,84552,218,280,317,5024743.632,416092813.5,1114675.628,-395000,17719522.7
2021-09-02T00:00:00+00:00,1750,82644,214,296,325,3681475.273,411068069.9,521016.8103,-20144.97315,16999847.07
2021-09-01T00:00:00+00:00,1726,80894,212,274,304,5558792.053,407386594.6,869886.4345,-355240.0073,16498975.23
2021-08-31T00:00:00+00:00,1685,79168,217,311,338,2804404.753,401827802.6,43392.92803,-406217.3896,15984328.81
2021-08-30T00:00:00+00:00,1845,77483,205,315,330,2141187.203,399023397.8,0,-124183.0364,16347153.27
2021-08-29T00:00:00+00:00,1556,75638,192,275,292,2140055.776,396882210.6,469193.3457,-5428.805242,16471336.3
2021-08-28T00:00:00+00:00,1650,74082,190,294,313,2797895.196,394742154.9,599679.016,-60200.8971,16007571.76
2021-08-27T00:00:00+00:00,1665,72432,181,273,290,4088681.053,391944259.7,842668.2413,-495545.0018,15468093.64
2021-08-26T00:00:00+00:00,1555,70767,167,245,266,1896192.55,387855578.6,407565.912,-1725.134065,15120970.41
2021-08-25T00:00:00+00:00,1610,69212,213,288,313,2282335.798,385959386.1,126,-15158.65623,14715129.63
2021-08-24T00:00:00+00:00,1704,67602,240,324,350,2071738.731,383677050.3,315689.4332,-5989.139725,14730162.28
2021-08-23T00:00:00+00:00,1836,65898,285,396,411,5966713.677,381605311.5,807640.6966,-1686435.005,14420461.99
2021-08-22T00:00:00+00:00,1920,64062,235,326,358,3552585.623,375638597.8,703565.4589,-485103.8921,15299256.3
2021-08-21T00:00:00+00:00,1255,62142,194,276,303,4746004.351,372086012.2,3106.89,-1913758.934,15080794.73
2021-08-20T00:00:00+00:00,1599,60887,185,289,315,1815927.375,367340007.9,104310.9089,-348071.7663,16991446.78
2021-08-19T00:00:00+00:00,1533,59288,172,282,309,10357989.08,365524080.5,1656779.481,-3249456.508,17235207.63
2021-08-18T00:00:00+00:00,1537,57755,152,267,290,2166367.004,355166091.4,5816.178001,-805482.087,18827884.66
2021-08-17T00:00:00+00:00,1492,56218,209,337,372,2891151.572,352999724.4,84494.14158,-413539.5975,19627550.57
2021-08-16T00:00:00+00:00,1859,54726,227,374,406,5051327.543,350108572.8,18114.10686,-2044553.917,19956596.03
2021-08-15T00:00:00+00:00,1799,52867,177,350,373,3147330.411,345057245.3,2596.752142,-1294249.21,21983035.84
2021-08-14T00:00:00+00:00,1915,51068,204,375,398,6453495.627,341909914.9,43339,-2482436.293,23274688.29
2021-08-13T00:00:00+00:00,1982,49153,233,421,445,6242745.567,335456419.3,5640.7,-2184659.965,25713785.59
2021-08-12T00:00:00+00:00,1944,47171,246,423,461,7952602.281,329213673.7,998068.0807,-2438825.359,27892804.85
2021-08-11T00:00:00+00:00,2090,45227,285,489,520,4752237.635,321261071.4,111304.4307,-763923.7959,29333562.13
2021-08-10T00:00:00+00:00,1807,43137,334,530,581,13033192.95,316508833.8,743000.3277,-4287116.658,29986181.5
2021-08-09T00:00:00+00:00,1717,41330,265,518,555,12498796.92,303475640.8,8177.744895,-5002263.641,33530297.83
2021-08-08T00:00:00+00:00,1828,39613,311,574,604,12075624.01,290976843.9,4014.73261,-4882273.681,38524383.72
2021-08-07T00:00:00+00:00,1832,37785,292,543,584,5698568.235,278901219.9,2025.024128,-1203889.725,43402642.67
2021-08-06T00:00:00+00:00,1863,35953,280,583,613,5523282.162,273202651.7,1123070.847,-1321620.192,44604507.37
2021-08-05T00:00:00+00:00,2414,34090,378,772,793,14230105.2,267679369.5,239401.7536,-5124026.076,44803056.72
2021-08-04T00:00:00+00:00,2842,31676,464,825,851,13077040.46,253449264.3,446185.0896,-2949082.786,49687681.04
2021-08-03T00:00:00+00:00,3387,28834,629,1048,1083,21057844.64,240372223.8,5302291.557,-2358614.848,52190578.74
2021-08-02T00:00:00+00:00,3308,25447,658,1046,1075,20868414.95,219314379.2,6821537.411,-782681.9609,49246902.03
2021-08-01T00:00:00+00:00,3213,22139,652,973,1010,21147047.33,198445964.3,6568086.847,-254996.8444,43208046.58
2021-07-31T00:00:00+00:00,3757,18926,844,1142,1161,37828790.28,177298916.9,13348024.43,-502321.2453,36894956.57
2021-07-30T00:00:00+00:00,3403,15169,792,933,942,43520771.42,139470126.6,16899369.1,-167887.1138,24049253.39
2021-07-29T00:00:00+00:00,220,11766,67,77,81,1566111.404,95949355.21,274485.8095,-224814.468,7317771.405
2021-07-28T00:00:00+00:00,124,11546,61,59,70,680344.3697,94383243.81,86046.28,-102380.9512,7268100.063
2021-07-27T00:00:00+00:00,136,11422,58,54,69,1350161.069,93702899.44,23182.82406,-550165.5301,7284434.734
2021-07-26T00:00:00+00:00,178,11286,76,85,91,1269987.864,92352738.37,31107.861,-482955.8387,7811417.44
2021-07-25T00:00:00+00:00,361,11108,139,136,145,3471495.203,91082750.51,1307827.807,-85652.65556,8263265.418
2021-07-24T00:00:00+00:00,521,10747,203,205,215,2478981.475,87611255.3,133545.2873,-364287.5177,7041090.267
2021-07-23T00:00:00+00:00,189,10226,80,73,87,486972.2102,85132273.83,39819.19,-56779.34246,7271832.497
2021-07-22T00:00:00+00:00,195,10037,78,84,90,822863.7243,84645301.62,220698.29,-72682.63826,7288792.65
2021-07-21T00:00:00+00:00,168,9842,70,63,74,794848.6002,83822437.89,128373.2239,-157555.7404,7140776.998
2021-07-20T00:00:00+00:00,159,9674,64,62,72,529196.088,83027589.29,99348.432,-52096.39629,7169959.515
2021-07-19T00:00:00+00:00,231,9515,97,91,101,398478.5356,82498393.21,4515.48,-69751.9031,7122707.479
2021-07-18T00:00:00+00:00,186,9284,73,78,86,514342.7427,82099914.67,153547.4991,-86538.35789,7187943.902
2021-07-17T00:00:00+00:00,201,9098,90,83,96,1020312.423,81585571.93,52320.18253,-408527.602,7120934.761
2021-07-16T00:00:00+00:00,285,8897,112,117,125,1613546.844,80565259.5,477215.1143,-168538.9042,7477142.18
2021-07-15T00:00:00+00:00,307,8612,114,115,127,2176479.759,78951712.66,583492.8281,-336840.9652,7168465.97
2021-07-14T00:00:00+00:00,361,8305,123,126,136,2772998.955,76775232.9,443592.6096,-482705.6438,6921814.107
2021-07-13T00:00:00+00:00,431,7944,152,158,170,3263989.972,74002233.95,684069.0485,-306782.9154,6960927.141
2021-07-12T00:00:00+00:00,532,7513,188,199,207,2131642.333,70738243.97,136769.7552,-445109.0445,6583641.008
2021-07-11T00:00:00+00:00,191,6981,83,83,88,556559.4494,68606601.64,118271.3844,-109770.4184,6891980.297
2021-07-10T00:00:00+00:00,210,6790,80,73,82,1695088.008,68050042.19,73834.14066,-406532.9585,6883479.332
2021-07-09T00:00:00+00:00,554,6580,201,199,207,12820330.21,66354954.18,2921913.06,-1409299.388,7216178.149
2021-07-08T00:00:00+00:00,557,6026,195,200,213,5906890.15,53534623.97,1324055.987,-113817.08,5703564.478
2021-07-07T00:00:00+00:00,90,5469,41,43,46,555028.6581,47627733.82,3914.302519,-220740.2419,4493325.571
2021-07-06T00:00:00+00:00,55,5379,24,25,27,84934.87379,47072705.16,19.00000095,-33.46318091,4710151.51
2021-07-05T00:00:00+00:00,64,5324,27,29,30,144378.5097,46987770.29,25474.5,-23184.0572,4710165.973
2021-07-04T00:00:00+00:00,91,5260,36,33,40,377336.5015,46843391.78,101350.484,-3763.616567,4707875.53
2021-07-03T00:00:00+00:00,28,5169,16,16,18,53565.6208,46466055.28,0,0,4610288.663
2021-07-02T00:00:00+00:00,72,5141,33,29,36,395182.3649,46412489.66,27965.55378,-76897.93909,4610288.663
2021-07-01T00:00:00+00:00,40,5069,20,23,26,41742.06392,46017307.29,0,-172.371041,4659221.048
2021-06-30T00:00:00+00:00,59,5029,30,31,31,210417.0289,45975565.23,50792.1212,-49947.1212,4659393.419
2021-06-29T00:00:00+00:00,80,4970,33,34,36,973320.2567,45765148.2,321970.0185,-129541.3565,4658548.419
2021-06-28T00:00:00+00:00,81,4890,45,43,48,266067.8743,44791827.94,32188.61314,-1608.382718,4466119.757
2021-06-27T00:00:00+00:00,56,4809,26,25,29,95475.08583,44525760.07,0,-19780.92296,4435539.527
2021-06-26T00:00:00+00:00,57,4753,31,28,38,260691.9555,44430284.98,2199.701393,-123917.2002,4455320.45
2021-06-25T00:00:00+00:00,115,4696,50,51,57,4761199.823,44169593.03,197.5542734,-2208940.727,4577037.949
2021-06-24T00:00:00+00:00,189,4581,65,75,78,1655083.968,39408393.2,150402.664,-127349.0481,6785781.121
2021-06-23T00:00:00+00:00,96,4392,50,44,51,466000.3626,37753309.23,194,-64219.00137,6762727.505
2021-06-22T00:00:00+00:00,157,4296,64,63,71,1239455.513,37287308.87,3686,-142754.3651,6826752.506
2021-06-21T00:00:00+00:00,124,4139,54,57,61,866612.5287,36047853.36,13882.15696,-301169.4309,6965820.872
2021-06-20T00:00:00+00:00,125,4015,58,59,65,2850715.116,35181240.83,1276104.868,0,7253108.146
2021-06-19T00:00:00+00:00,140,3890,59,56,62,1189724.347,32330525.71,294718.4174,-39202.18,5977003.278
2021-06-18T00:00:00+00:00,175,3750,69,70,75,1718488.888,31140801.37,0,-656634.0193,5721487.04
2021-06-17T00:00:00+00:00,208,3575,91,82,92,1326216.187,29422312.48,48834.14815,-410166.3246,6378121.06
2021-06-16T00:00:00+00:00,160,3367,65,67,71,1957256.86,28096096.29,607093.3349,-273961.6993,6739453.236
2021-06-15T00:00:00+00:00,213,3207,78,78,81,2700643.366,26138839.43,298918.3853,-279868.4633,6406321.6
2021-06-14T00:00:00+00:00,232,2994,92,91,96,2235241.772,23438196.07,316513.5665,-120575.8846,6387271.678
2021-06-13T00:00:00+00:00,202,2762,86,79,87,738734.6764,21202954.29,176623.9026,-51093.50054,6191333.997
2021-06-12T00:00:00+00:00,268,2560,93,95,99,1313317.399,20464219.62,97025.15841,-236784.6907,6065803.594
2021-06-11T00:00:00+00:00,295,2292,105,105,107,2483371.335,19150902.22,601617.9306,-177549.8796,6205563.127
2021-06-10T00:00:00+00:00,435,1997,133,133,137,3326366.995,16667530.88,1171970.408,-61099.38714,5781495.076
2021-06-09T00:00:00+00:00,682,1562,194,190,196,6175876.36,13341163.89,1809184.497,-134318.6782,4670624.055
2021-06-08T00:00:00+00:00,846,880,213,214,214,7041047.243,7165287.529,3005997.909,-10239.75,2995758.237
2021-06-07T00:00:00+00:00,7,34,3,3,4,2401.110317,124240.2861,1200.555158,-1200.555158,0.077913929
2021-06-06T00:00:00+00:00,,27,,,,,121839.1758,0,0,0.077913929
2021-06-05T00:00:00+00:00,,27,,,,,121839.1758,0,0,0.077913929
2021-06-04T00:00:00+00:00,1,27,1,1,2,0,121839.1758,0,0,0.077913929
2021-06-03T00:00:00+00:00,,26,,,,,121839.1758,0,0,0.077913929
2021-06-02T00:00:00+00:00,,26,,,,,121839.1758,0,0,0.077913929
2021-06-01T00:00:00+00:00,,26,,,,,121839.1758,0,0,0.077913929
2021-05-31T00:00:00+00:00,1,26,1,1,2,184.8386066,121839.1758,0,-184.8386066,0.077913929
2021-05-30T00:00:00+00:00,,25,,,,,121654.3372,0,0,184.9165205
2021-05-29T00:00:00+00:00,,25,,,,,121654.3372,0,0,184.9165205
2021-05-28T00:00:00+00:00,3,25,2,3,3,2162.838607,121654.3372,1173.838607,-989,184.9165205
2021-05-27T00:00:00+00:00,,22,,,,,119491.4986,0,0,0.077913929
2021-05-26T00:00:00+00:00,6,22,5,5,5,25801.38232,119491.4986,2508.69719,-12900.21728,0.077913929
2021-05-25T00:00:00+00:00,,16,,,,,93690.11627,0,0,10391.598
2021-05-24T00:00:00+00:00,10,16,3,2,3,21414.06627,93690.11627,10391.598,0,10391.598
2021-05-23T00:00:00+00:00,,6,,,,,72276.05,0,0,0
2021-05-22T00:00:00+00:00,,6,,,,,72276.05,0,0,0
2021-05-21T00:00:00+00:00,,6,,,,,72276.05,0,0,0
2021-05-20T00:00:00+00:00,,6,,,,,72276.05,0,0,0
2021-05-19T00:00:00+00:00,,6,,,,,72276.05,0,0,0
2021-05-18T00:00:00+00:00,,6,,,,,72276.05,0,0,0
2021-05-17T00:00:00+00:00,,6,,,,,72276.05,0,0,0
2021-05-16T00:00:00+00:00,2,6,2,2,2,10388,72276.05,5194,-5194,0
2021-05-15T00:00:00+00:00,2,4,2,2,2,29970,61888.05,14985,-14985,0
2021-05-14T00:00:00+00:00,,2,,,,,31918.05,0,0,0
2021-05-13T00:00:00+00:00,,2,,,,,31918.05,0,0,0
2021-05-12T00:00:00+00:00,,2,,,,,31918.05,0,0,0
2021-05-11T00:00:00+00:00,,2,,,,,31918.05,0,0,0
2021-05-10T00:00:00+00:00,,2,,,,,31918.05,0,0,0
2021-05-09T00:00:00+00:00,,2,,,,,31918.05,0,0,0
2021-05-08T00:00:00+00:00,,2,,,,,31918.05,0,0,0
2021-05-07T00:00:00+00:00,2,2,2,2,2,31918.05,31918.05,15959.025,-15959.025,0
2021-05-06T00:00:00+00:00,,,,,,,,0,0,
2021-05-05T00:00:00+00:00,,,,,,,,0,0,
2021-05-04T00:00:00+00:00,,,,,,,,0,0,
2021-05-03T00:00:00+00:00,,,,,,,,0,0,
2021-05-02T00:00:00+00:00,,,,,,,,0,0,
2021-05-01T00:00:00+00:00,,,,,,,,0,0,
2021-04-30T00:00:00+00:00,,,,,,,,0,0,
2021-04-29T00:00:00+00:00,,,,,,,,0,0,
2021-04-28T00:00:00+00:00,,,,,,,,0,0,
2021-04-27T00:00:00+00:00,,,,,,,,0,0,
2021-04-26T00:00:00+00:00,,,,,,,,0,0,
2021-04-25T00:00:00+00:00,,,,,,,,0,0,
2021-04-24T00:00:00+00:00,,,,,,,,0,0,
2021-04-23T00:00:00+00:00,,,,,,,,0,0,
2021-04-22T00:00:00+00:00,,,,,,,,0,0,
2021-04-21T00:00:00+00:00,,,,,,,,0,0,
2021-04-20T00:00:00+00:00,,,,,,,,0,0,
2021-04-19T00:00:00+00:00,,,,,,,,0,0,
2021-04-18T00:00:00+00:00,,,,,,,,0,0,
2021-04-17T00:00:00+00:00,,,,,,,,0,0,
2021-04-16T00:00:00+00:00,,,,,,,,0,0,
2021-04-15T00:00:00+00:00,,,,,,,,0,0,
2021-04-14T00:00:00+00:00,,,,,,,,0,0,
2021-04-13T00:00:00+00:00,,,,,,,,0,0,
2021-04-12T00:00:00+00:00,,,,,,,,0,0,
2021-04-11T00:00:00+00:00,,,,,,,,0,0,
2021-04-10T00:00:00+00:00,,,,,,,,0,0,
2021-04-09T00:00:00+00:00,,,,,,,,0,0,
2021-04-08T00:00:00+00:00,,,,,,,,0,0,
2021-04-07T00:00:00+00:00,,,,,,,,0,0,
2021-04-06T00:00:00+00:00,,,,,,,,0,0,
2021-04-05T00:00:00+00:00,,,,,,,,0,0,
2021-04-04T00:00:00+00:00,,,,,,,,0,0,
2021-04-03T00:00:00+00:00,,,,,,,,0,0,
2021-04-02T00:00:00+00:00,,,,,,,,0,0,
2021-04-01T00:00:00+00:00,,,,,,,,0,0,
2021-03-31T00:00:00+00:00,,,,,,,,0,0,
2021-03-30T00:00:00+00:00,,,,,,,,0,0,
2021-03-29T00:00:00+00:00,,,,,,,,0,0,
2021-03-28T00:00:00+00:00,,,,,,,,0,0,
2021-03-27T00:00:00+00:00,,,,,,,,0,0,
2021-03-26T00:00:00+00:00,,,,,,,,0,0,
2021-03-25T00:00:00+00:00,,,,,,,,0,0,
2021-03-24T00:00:00+00:00,,,,,,,,0,0,
2021-03-23T00:00:00+00:00,,,,,,,,0,0,
2021-03-22T00:00:00+00:00,,,,,,,,0,0,
2021-03-21T00:00:00+00:00,,,,,,,,0,0,
2021-03-20T00:00:00+00:00,,,,,,,,0,0,
2021-03-19T00:00:00+00:00,,,,,,,,0,0,
2021-03-18T00:00:00+00:00,,,,,,,,0,0,
2021-03-17T00:00:00+00:00,,,,,,,,0,0,
2021-03-16T00:00:00+00:00,,,,,,,,0,0,
2021-03-15T00:00:00+00:00,,,,,,,,0,0,
2021-03-14T00:00:00+00:00,,,,,,,,0,0,
2021-03-13T00:00:00+00:00,,,,,,,,0,0,
2021-03-12T00:00:00+00:00,,,,,,,,0,0,
2021-03-11T00:00:00+00:00,,,,,,,,0,0,
2021-03-10T00:00:00+00:00,,,,,,,,0,0,
2021-03-09T00:00:00+00:00,,,,,,,,0,0,
2021-03-08T00:00:00+00:00,,,,,,,,0,0,
2021-03-07T00:00:00+00:00,,,,,,,,0,0,
2021-03-06T00:00:00+00:00,,,,,,,,0,0,
2021-03-05T00:00:00+00:00,,,,,,,,0,0,
2021-03-04T00:00:00+00:00,,,,,,,,0,0,
2021-03-03T00:00:00+00:00,,,,,,,,0,0,
2021-03-02T00:00:00+00:00,,,,,,,,0,0,
2021-03-01T00:00:00+00:00,,,,,,,,0,0,
2021-02-28T00:00:00+00:00,,,,,,,,0,0,
2021-02-27T00:00:00+00:00,,,,,,,,0,0,
2021-02-26T00:00:00+00:00,,,,,,,,0,0,
2021-02-25T00:00:00+00:00,,,,,,,,0,0,
2021-02-24T00:00:00+00:00,,,,,,,,0,0,
2021-02-23T00:00:00+00:00,,,,,,,,0,0,
2021-02-22T00:00:00+00:00,,,,,,,,0,0,
2021-02-21T00:00:00+00:00,,,,,,,,0,0,
2021-02-20T00:00:00+00:00,,,,,,,,0,0,
2021-02-19T00:00:00+00:00,,,,,,,,0,0,
2021-02-18T00:00:00+00:00,,,,,,,,0,0,
2021-02-17T00:00:00+00:00,,,,,,,,0,0,
2021-02-16T00:00:00+00:00,,,,,,,,0,0,
2021-02-15T00:00:00+00:00,,,,,,,,0,0,
2021-02-14T00:00:00+00:00,,,,,,,,0,0,
2021-02-13T00:00:00+00:00,,,,,,,,0,0,
2021-02-12T00:00:00+00:00,,,,,,,,0,0,
2021-02-11T00:00:00+00:00,,,,,,,,0,0,
2021-02-10T00:00:00+00:00,,,,,,,,0,0,
2021-02-09T00:00:00+00:00,,,,,,,,0,0,
2021-02-08T00:00:00+00:00,,,,,,,,0,0,
2021-02-07T00:00:00+00:00,,,,,,,,0,0,
2021-02-06T00:00:00+00:00,,,,,,,,0,0,
2021-02-05T00:00:00+00:00,,,,,,,,0,0,
2021-02-04T00:00:00+00:00,,,,,,,,0,0,
2021-02-03T00:00:00+00:00,,,,,,,,0,0,
2021-02-02T00:00:00+00:00,,,,,,,,0,0,
2021-02-01T00:00:00+00:00,,,,,,,,0,0,
2021-01-31T00:00:00+00:00,,,,,,,,0,0,
2021-01-30T00:00:00+00:00,,,,,,,,0,0,
2021-01-29T00:00:00+00:00,,,,,,,,0,0,
2021-01-28T00:00:00+00:00,,,,,,,,0,0,
2021-01-27T00:00:00+00:00,,,,,,,,0,0,
2021-01-26T00:00:00+00:00,,,,,,,,0,0,
2021-01-25T00:00:00+00:00,,,,,,,,0,0,
2021-01-24T00:00:00+00:00,,,,,,,,0,0,
2021-01-23T00:00:00+00:00,,,,,,,,0,0,
2021-01-22T00:00:00+00:00,,,,,,,,0,0,
2021-01-21T00:00:00+00:00,,,,,,,,0,0,
2021-01-20T00:00:00+00:00,,,,,,,,0,0,
2021-01-19T00:00:00+00:00,,,,,,,,0,0,
2021-01-18T00:00:00+00:00,,,,,,,,0,0,
2021-01-17T00:00:00+00:00,,,,,,,,0,0,
2021-01-16T00:00:00+00:00,,,,,,,,0,0,
2021-01-15T00:00:00+00:00,,,,,,,,0,0,
2021-01-14T00:00:00+00:00,,,,,,,,0,0,
2021-01-13T00:00:00+00:00,,,,,,,,0,0,
2021-01-12T00:00:00+00:00,,,,,,,,0,0,
2021-01-11T00:00:00+00:00,,,,,,,,0,0,
2021-01-10T00:00:00+00:00,,,,,,,,0,0,
2021-01-09T00:00:00+00:00,,,,,,,,0,0,
2021-01-08T00:00:00+00:00,,,,,,,,0,0,
2021-01-07T00:00:00+00:00,,,,,,,,0,0,
2021-01-06T00:00:00+00:00,,,,,,,,0,0,
2021-01-05T00:00:00+00:00,,,,,,,,0,0,
2021-01-04T00:00:00+00:00,,,,,,,,0,0,
2021-01-03T00:00:00+00:00,,,,,,,,0,0,
2021-01-02T00:00:00+00:00,,,,,,,,0,0,
2021-01-01T00:00:00+00:00,,,,,,,,0,0,