time,alusd,crv3,alusd_p,crv3_p,ideal
2022-08-10T00:00:00+00:00,59860567.561242775429295508000000000000000000,36268474.091955230367514322000000000000000000,0.6227105412867844,0.37728945871321556,0.50
2022-08-09T00:00:00+00:00,59913563.100219199857225608000000000000000000,36218633.007079745179954722000000000000000000,0.6232413855743612,0.37675861442563885,0.50
2022-08-08T00:00:00+00:00,61561827.307219062798226108000000000000000000,34638117.023359491569584822000000000000000000,0.6399362051153572,0.3600637948846428,0.50
2022-08-07T00:00:00+00:00,61702078.681501970038968208000000000000000000,38447794.918736206581787022000000000000000000,0.6160974194315432,0.38390258056845683,0.50
2022-08-06T00:00:00+00:00,62062033.803198203617145408000000000000000000,36967390.085770867850276722000000000000000000,0.626702967319911,0.37329703268008896,0.50
2022-08-05T00:00:00+00:00,62037264.905836047509145408000000000000000000,36988222.437547781526765222000000000000000000,0.6264777540625851,0.3735222459374149,0.50
2022-08-04T00:00:00+00:00,62071136.054780718951145408000000000000000000,33092762.494922389414964322000000000000000000,0.652255077826195,0.3477449221738051,0.50
2022-08-03T00:00:00+00:00,62451050.139054034646079508000000000000000000,32723092.612351753511401822000000000000000000,0.6561766498089271,0.3438233501910729,0.50
2022-08-02T00:00:00+00:00,62526938.069601030130079508000000000000000000,32650822.502915499118781722000000000000000000,0.6569490361349841,0.3430509638650159,0.50
2022-08-01T00:00:00+00:00,62080160.480528367830221967000000000000000000,33092806.943205923938052241000000000000000000,0.6522877468360494,0.3477122531639506,0.50
2022-07-31T00:00:00+00:00,61833409.018227326133345067000000000000000000,29486829.655174308454687441000000000000000000,0.6771052059923844,0.32289479400761556,0.50
2022-07-30T00:00:00+00:00,62283926.987249416984663067000000000000000000,28931287.384670502175705741000000000000000000,0.6828238843280422,0.3171761156719578,0.50
2022-07-29T00:00:00+00:00,62413860.692856440435928167000000000000000000,28786707.971018096725868741000000000000000000,0.684358240384297,0.31564175961570295,0.50
2022-07-28T00:00:00+00:00,63681351.652459700789462267000000000000000000,27557155.294817123858541941000000000000000000,0.697965735994109,0.30203426400589095,0.50
2022-07-27T00:00:00+00:00,66268122.660271747841237467000000000000000000,25566526.650606342218011441000000000000000000,0.7216026103169546,0.2783973896830454,0.50
2022-07-26T00:00:00+00:00,66484231.944045959698611140000000000000000000,25358735.531974706687296652000000000000000000,0.723890285463657,0.2761097145363431,0.50
2022-07-25T00:00:00+00:00,66292995.402019181892542940000000000000000000,25871496.755118609198306752000000000000000000,0.7192899765453223,0.2807100234546777,0.50
2022-07-24T00:00:00+00:00,66051543.810504364438466640000000000000000000,23726227.804473455110369552000000000000000000,0.735722691957358,0.264277308042642,0.50
2022-07-23T00:00:00+00:00,66256452.403803217490617140000000000000000000,23432845.544097123724305452000000000000000000,0.7387330921275687,0.26126690787243134,0.50
2022-07-22T00:00:00+00:00,66591017.202614020512426340000000000000000000,23109313.152504597428247752000000000000000000,0.7423720396456054,0.2576279603543946,0.50
2022-07-21T00:00:00+00:00,66286597.291683592658074940000000000000000000,22404891.658605873040943452000000000000000000,0.7473839719709345,0.25261602802906546,0.50
2022-07-20T00:00:00+00:00,64608448.849819341598218340000000000000000000,17149915.763421142754751052000000000000000000,0.7902365605702958,0.2097634394297042,0.50
2022-07-19T00:00:00+00:00,64597912.065713521945900240000000000000000000,17627772.965473248349148752000000000000000000,0.7856171954202955,0.21438280457970452,0.50
2022-07-18T00:00:00+00:00,64544652.759847839433900240000000000000000000,17679207.869216581939148752000000000000000000,0.7849868914697086,0.2150131085302914,0.50
2022-07-17T00:00:00+00:00,64300185.501876084592900240000000000000000000,17915565.385876590905338052000000000000000000,0.7820908379181951,0.21790916208180489,0.50
2022-07-16T00:00:00+00:00,64441121.979405065601159040000000000000000000,17488992.198784291854486552000000000000000000,0.786537680629279,0.213462319370721,0.50
2022-07-15T00:00:00+00:00,64597701.149415406833752740000000000000000000,17319249.933442071093989052000000000000000000,0.7885755059911352,0.2114244940088648,0.50
2022-07-14T00:00:00+00:00,64461801.149415406833752740000000000000000000,17449490.182935874049124652000000000000000000,0.7869708815584976,0.21302911844150246,0.50
2022-07-13T00:00:00+00:00,62241398.669976933025752740000000000000000000,17416492.503664747629762352000000000000000000,0.7813588553869757,0.21864114461302436,0.50
2022-07-12T00:00:00+00:00,61338294.959804343114212140000000000000000000,17511828.169422865686958452000000000000000000,0.7779099451661884,0.22209005483381158,0.50
2022-07-11T00:00:00+00:00,61128591.531653156602910540000000000000000000,17714478.547169424367396152000000000000000000,0.7753197772555083,0.22468022274449168,0.50
2022-07-10T00:00:00+00:00,60823651.078030256378910540000000000000000000,17538693.187846091498396152000000000000000000,0.7761846796167954,0.22381532038320462,0.50
2022-07-09T00:00:00+00:00,60424955.259863298058879840000000000000000000,17924636.255660069825739052000000000000000000,0.771222339402897,0.22877766059710306,0.50
2022-07-08T00:00:00+00:00,56829994.059133546035730740000000000000000000,17041218.940968836076052452000000000000000000,0.7693117758747887,0.23068822412521123,0.50
2022-07-07T00:00:00+00:00,56848813.339098373324956106000000000000000000,17160652.344234829273109390000000000000000000,0.7681289523469783,0.23187104765302172,0.50
2022-07-06T00:00:00+00:00,56731764.541470976734201306000000000000000000,16787853.523249753413393890000000000000000000,0.7716547777972529,0.22834522220274708,0.50
2022-07-05T00:00:00+00:00,56439638.190516093389787406000000000000000000,16097058.548184393704441490000000000000000000,0.7780839316936232,0.22191606830637675,0.50
2022-07-04T00:00:00+00:00,57501130.530084300477151406000000000000000000,15084065.889354416823993690000000000000000000,0.7921881232890785,0.20781187671092147,0.50
2022-07-03T00:00:00+00:00,57626537.995252181738976806000000000000000000,15094547.997954944995608990000000000000000000,0.7924323077440713,0.20756769225592872,0.50
2022-07-02T00:00:00+00:00,57622403.289935063139975006000000000000000000,15106809.447237095140293290000000000000000000,0.7922869108754157,0.20771308912458433,0.50
2022-07-01T00:00:00+00:00,57655630.023428822750775206000000000000000000,15081515.934872225698317690000000000000000000,0.792657304102663,0.20734269589733695,0.50
2022-06-30T00:00:00+00:00,57565039.944126909226775206000000000000000000,15257736.718683527536348490000000000000000000,0.7904812557569583,0.20951874424304173,0.50
2022-06-29T00:00:00+00:00,58272266.030015186358657406000000000000000000,15436442.656503983064266790000000000000000000,0.7905750496572299,0.2094249503427701,0.50
2022-06-28T00:00:00+00:00,55366181.272624259920657406000000000000000000,15204666.156443987730563190000000000000000000,0.7845474907790159,0.21545250922098408,0.50
2022-06-27T00:00:00+00:00,55081490.345403320646170106000000000000000000,15586505.815562840156340290000000000000000000,0.7794403879790195,0.22055961202098057,0.50
2022-06-26T00:00:00+00:00,54916789.731279498175340606000000000000000000,15265069.709548623103060390000000000000000000,0.7824926579151278,0.21750734208487224,0.50
2022-06-25T00:00:00+00:00,54627604.411485841313344506000000000000000000,15544782.069202984516987390000000000000000000,0.7784772209011183,0.2215227790988817,0.50
2022-06-24T00:00:00+00:00,54503438.553907337648344506000000000000000000,15651789.295140557134987390000000000000000000,0.7768977483927739,0.22310225160722608,0.50
2022-06-23T00:00:00+00:00,54478290.914954509118807306000000000000000000,15675983.997247578830987390000000000000000000,0.7765498393809068,0.22345016061909323,0.50
2022-06-22T00:00:00+00:00,54578647.271546154913807306000000000000000000,15578876.974052886032144090000000000000000000,0.7779443168559338,0.22205568314406623,0.50
2022-06-21T00:00:00+00:00,54484384.856298415679871206000000000000000000,15848577.727316885605473090000000000000000000,0.7746635838284884,0.2253364161715115,0.50
2022-06-20T00:00:00+00:00,54632968.825934949634202706000000000000000000,15884423.733109375670120590000000000000000000,0.7747445962383064,0.22525540376169356,0.50
2022-06-19T00:00:00+00:00,55238165.958883546249202706000000000000000000,19353311.111266564607015990000000000000000000,0.7405425945236934,0.25945740547630664,0.50
2022-06-18T00:00:00+00:00,54228454.745485508771829406000000000000000000,21588419.938804002057959590000000000000000000,0.715255739191298,0.2847442608087019,0.50
2022-06-17T00:00:00+00:00,67743279.610360122077290906000000000000000000,16682567.703939212133319190000000000000000000,0.8023997598527666,0.19760024014723343,0.50
2022-06-16T00:00:00+00:00,67408879.405720282869912306000000000000000000,17986711.200165903045056090000000000000000000,0.7893718976290316,0.2106281023709684,0.50
2022-06-15T00:00:00+00:00,66715739.006428788565435506000000000000000000,19230897.721232342891307990000000000000000000,0.7762460701962168,0.2237539298037832,0.50
2022-06-14T00:00:00+00:00,66342760.733045990518856606000000000000000000,22698506.420257475436959590000000000000000000,0.7450788028299601,0.25492119717003997,0.50
2022-06-13T00:00:00+00:00,67923748.860186486831523306000000000000000000,32397000.834915633107053690000000000000000000,0.6770658021059692,0.3229341978940308,0.50
2022-06-12T00:00:00+00:00,66967211.854070583715092406000000000000000000,42504601.461496186483991590000000000000000000,0.6117301780781585,0.3882698219218415,0.50
2022-06-11T00:00:00+00:00,68968240.957477518664467106000000000000000000,44067266.354203671511809690000000000000000000,0.610146692820215,0.38985330717978495,0.50
2022-06-10T00:00:00+00:00,69292335.135426920332251706000000000000000000,50202946.219016965537281890000000000000000000,0.5798750741453442,0.4201249258546558,0.50
2022-06-09T00:00:00+00:00,66155396.401815364203095806000000000000000000,52004379.829688939817319490000000000000000000,0.5598808538042637,0.4401191461957364,0.50
2022-06-08T00:00:00+00:00,67881245.320905598974095806000000000000000000,50520983.856240817911319490000000000000000000,0.5733105347142214,0.4266894652857786,0.50
2022-06-07T00:00:00+00:00,67882635.068745778985021506000000000000000000,50408193.076483028464400590000000000000000000,0.5738622016020081,0.426137798397992,0.50
2022-06-06T00:00:00+00:00,67764918.255898668218021506000000000000000000,56519775.256699515007326290000000000000000000,0.5452394525881793,0.45476054741182076,0.50
2022-06-05T00:00:00+00:00,67776928.049334208783021506000000000000000000,56116287.996946105069326290000000000000000000,0.5470592354630308,0.4529407645369692,0.50
2022-06-04T00:00:00+00:00,67054390.072906713814699606000000000000000000,57366320.416526995441592690000000000000000000,0.5389327050869175,0.46106729491308257,0.50
2022-06-03T00:00:00+00:00,66575643.296282342620699606000000000000000000,57812575.887174860355256290000000000000000000,0.5352246678448827,0.46477533215511735,0.50
2022-06-02T00:00:00+00:00,66063970.590319505730699606000000000000000000,57823319.002411079699256290000000000000000000,0.5332586644481403,0.4667413355518597,0.50
2022-06-01T00:00:00+00:00,65756571.440417970986556663000000000000000000,56768228.972145464596205714000000000000000000,0.5366796862268174,0.4633203137731826,0.50
2022-05-31T00:00:00+00:00,65745675.975926483101820563000000000000000000,57788593.001777900294130114000000000000000000,0.5322059742612177,0.4677940257387823,0.50
2022-05-30T00:00:00+00:00,65617956.566757653050820663000000000000000000,57913463.680848849056130114000000000000000000,0.5311843451263893,0.46881565487361065,0.50
2022-05-29T00:00:00+00:00,64590847.269579783909820663000000000000000000,53711626.306848669816635814000000000000000000,0.5459805303889216,0.4540194696110785,0.50
2022-05-28T00:00:00+00:00,64138361.846106486308731763000000000000000000,53821811.876546012227100014000000000000000000,0.5437289537815395,0.45627104621846054,0.50
2022-05-27T00:00:00+00:00,64823511.419944495803595163000000000000000000,53303513.894219918559648720000000000000000000,0.5487610582552409,0.4512389417447591,0.50
2022-05-26T00:00:00+00:00,62054517.532713816721259263000000000000000000,52537428.348884189511719120000000000000000000,0.5415259951762367,0.4584740048237633,0.50
2022-05-25T00:00:00+00:00,60047130.744681007504009163000000000000000000,38740033.054841565858946420000000000000000000,0.607843452885639,0.39215654711436093,0.50
2022-05-24T00:00:00+00:00,55913973.390228981650633663000000000000000000,29732261.192947692965446320000000000000000000,0.6528480050798644,0.3471519949201356,0.50
2022-05-23T00:00:00+00:00,55279308.245191835105424163000000000000000000,24532102.685789771024940020000000000000000000,0.6926241197890317,0.30737588021096834,0.50
2022-05-22T00:00:00+00:00,55439342.575797462054438563000000000000000000,24280848.404759713000129920000000000000000000,0.6954241064138754,0.30457589358612464,0.50
2022-05-21T00:00:00+00:00,53600137.436883937677971663000000000000000000,28446686.924079141601823820000000000000000000,0.6532871668630511,0.34671283313694884,0.50
2022-05-20T00:00:00+00:00,51470381.793951104655854063000000000000000000,20018421.713272854625487420000000000000000000,0.719978224124985,0.28002177587501503,0.50
2022-05-19T00:00:00+00:00,48152478.063573446374371363000000000000000000,17452554.129949387551854720000000000000000000,0.7339753743513524,0.26602462564864765,0.50
2022-05-18T00:00:00+00:00,40742561.188478351853056463000000000000000000,17071259.676734756984028020000000000000000000,0.7047200925098063,0.29527990749019367,0.50
2022-05-17T00:00:00+00:00,39150462.910644715203243163000000000000000000,13658834.877122544955548220000000000000000000,0.7413554913754888,0.2586445086245111,0.50
2022-05-16T00:00:00+00:00,39250515.862873259091972263000000000000000000,13561999.751388384770468820000000000000000000,0.7432048143579424,0.2567951856420576,0.50
2022-05-15T00:00:00+00:00,39299442.287994954329254663000000000000000000,14887953.742289104816785220000000000000000000,0.7252506148483574,0.2747493851516426,0.50
2022-05-14T00:00:00+00:00,36626074.085224950004317163000000000000000000,12026584.938398788415232120000000000000000000,0.752807242610128,0.24719275738987198,0.50
2022-05-13T00:00:00+00:00,48565240.341196479726422763000000000000000000,12979526.755580234576643120000000000000000000,0.7891042997177902,0.21089570028220989,0.50
2022-05-12T00:00:00+00:00,93671570.147910850679318563000000000000000000,23240368.723028820068309320000000000000000000,0.801214752338646,0.19878524766135397,0.50
2022-05-11T00:00:00+00:00,126974989.040984491118602963000000000000000000,43851622.989407930789708720000000000000000000,0.7432974729861989,0.2567025270138011,0.50
2022-05-10T00:00:00+00:00,122816517.635849716906797763000000000000000000,60811669.625112805400482120000000000000000000,0.6688325984578254,0.3311674015421746,0.50
2022-05-09T00:00:00+00:00,126588838.585778461388357863000000000000000000,58757353.712906156056667320000000000000000000,0.6829859141739534,0.3170140858260467,0.50
2022-05-08T00:00:00+00:00,125055141.817995920588720563000000000000000000,66324613.012635057750663320000000000000000000,0.6534397639325454,0.3465602360674546,0.50
2022-05-07T00:00:00+00:00,122273388.594782507872224763000000000000000000,69092736.247219129403536420000000000000000000,0.6389500163403297,0.36104998365967034,0.50
2022-05-06T00:00:00+00:00,123921008.845277072586350863000000000000000000,65848075.379729599249899220000000000000000000,0.6530094685936598,0.34699053140634023,0.50
2022-05-05T00:00:00+00:00,112938072.830785528356934163000000000000000000,56932222.211161980235572520000000000000000000,0.6648488648524262,0.3351511351475738,0.50
2022-05-04T00:00:00+00:00,108789266.555445420459934163000000000000000000,55983394.091955017542236620000000000000000000,0.6602385743363413,0.3397614256636588,0.50
2022-05-03T00:00:00+00:00,112072418.147337206705211463000000000000000000,56495800.618188298223466020000000000000000000,0.6648490383779124,0.3351509616220876,0.50
2022-05-02T00:00:00+00:00,112368708.166921916436237563000000000000000000,56052553.443179366081223520000000000000000000,0.6671883768871048,0.3328116231128953,0.50
2022-05-01T00:00:00+00:00,114507365.117228075454795163000000000000000000,53942600.753952478957181520000000000000000000,0.6797707825289544,0.32022921747104555,0.50
2022-04-30T00:00:00+00:00,116293595.953423423762002063000000000000000000,52674631.644462240144373620000000000000000000,0.6882571806942398,0.31174281930576025,0.50
2022-04-29T00:00:00+00:00,99127082.720260343988713763000000000000000000,70343188.606409994221955020000000000000000000,0.5849231369269676,0.41507686307303243,0.50
2022-04-28T00:00:00+00:00,99102730.767707342865304263000000000000000000,70622104.251838494883419720000000000000000000,0.5839023543978964,0.41609764560210366,0.50
2022-04-27T00:00:00+00:00,100460724.811850496717719663000000000000000000,69297944.550869450810264920000000000000000000,0.5917855340701221,0.4082144659298779,0.50
2022-04-26T00:00:00+00:00,99855745.522193871858645063000000000000000000,69932039.210303621247407420000000000000000000,0.58812090445445,0.4118790955455501,0.50
2022-04-25T00:00:00+00:00,104171785.438426790892373863000000000000000000,59764112.591353803398749520000000000000000000,0.6354421861861088,0.3645578138138912,0.50
2022-04-24T00:00:00+00:00,104151814.836178905426874763000000000000000000,61384787.339143025933622920000000000000000000,0.6291769522118763,0.3708230477881237,0.50
2022-04-23T00:00:00+00:00,104027267.065687362233577863000000000000000000,57576986.359205826787925720000000000000000000,0.6437161452191283,0.35628385478087166,0.50
2022-04-22T00:00:00+00:00,104629244.150823336744640563000000000000000000,58899026.765086665523554820000000000000000000,0.6398235825817916,0.3601764174182084,0.50
2022-04-21T00:00:00+00:00,107936886.033766758063849463000000000000000000,59837410.894384640813937220000000000000000000,0.6433457806709824,0.35665421932901764,0.50
2022-04-20T00:00:00+00:00,109921653.539743723947849463000000000000000000,80162765.358617671135950920000000000000000000,0.5782780838997599,0.4217219161002402,0.50
2022-04-19T00:00:00+00:00,109891679.918737707828519963000000000000000000,80202885.437328480299562220000000000000000000,0.578089540397431,0.421910459602569,0.50
2022-04-18T00:00:00+00:00,102259810.512415247103092663000000000000000000,63044169.488351764734684820000000000000000000,0.6186167478359611,0.3813832521640389,0.50
2022-04-17T00:00:00+00:00,103785248.053510721537290263000000000000000000,61440408.685148605719210520000000000000000000,0.6281424453205224,0.37185755467947756,0.50
2022-04-16T00:00:00+00:00,104070262.440370076410454363000000000000000000,62836250.624213096205807120000000000000000000,0.6235242743349441,0.376475725665056,0.50
2022-04-15T00:00:00+00:00,104319479.519055166631099763000000000000000000,62593672.373473207523686620000000000000000000,0.6249925685078677,0.3750074314921323,0.50
2022-04-14T00:00:00+00:00,104872884.698409037405674863000000000000000000,62077795.557945409218738020000000000000000000,0.628166860640374,0.37183313935962603,0.50
2022-04-13T00:00:00+00:00,105660517.949155813770740063000000000000000000,61992609.484504095173854620000000000000000000,0.6302329074712043,0.3697670925287957,0.50
2022-04-12T00:00:00+00:00,105401039.168003721267846263000000000000000000,93679944.386439597502854020000000000000000000,0.5294380070167745,0.47056199298322554,0.50
2022-04-11T00:00:00+00:00,104354552.769975303649846263000000000000000000,94734909.910921214722695120000000000000000000,0.5241590959398805,0.4758409040601195,0.50
2022-04-10T00:00:00+00:00,100137947.798268548257470263000000000000000000,77331015.611382748278861820000000000000000000,0.5642561148403189,0.43574388515968115,0.50
2022-04-09T00:00:00+00:00,99716746.622608838976780763000000000000000000,75860248.650526460080447720000000000000000000,0.5679374252161286,0.43206257478387144,0.50
2022-04-08T00:00:00+00:00,99332714.029379034172801763000000000000000000,76582970.163398329683750020000000000000000000,0.5646609310885844,0.4353390689114156,0.50
2022-04-07T00:00:00+00:00,104975472.053223464290130698000000000000000000,70350092.451460097215018142000000000000000000,0.598745952136485,0.4012540478635151,0.50
2022-04-06T00:00:00+00:00,103257007.684906154593852298000000000000000000,71847516.100436999473401442000000000000000000,0.5896878358864485,0.4103121641135515,0.50
2022-04-05T00:00:00+00:00,103107668.070320466499017798000000000000000000,74416769.228074087306948688000000000000000000,0.5808083080810471,0.41919169191895295,0.50
2022-04-04T00:00:00+00:00,102815435.166700786691017798000000000000000000,55145549.481879599766925188000000000000000000,0.6508913286115351,0.3491086713884649,0.50
2022-04-03T00:00:00+00:00,103647354.703292588794232616000000000000000000,59799727.111579690332917355000000000000000000,0.6341340178877489,0.365865982112251,0.50
2022-04-02T00:00:00+00:00,101640199.726019872245787816000000000000000000,61626988.796358388205604255000000000000000000,0.6225390456337069,0.37746095436629307,0.50
2022-04-01T00:00:00+00:00,100056588.727052918604572716000000000000000000,63599717.401356109703653555000000000000000000,0.6113824214543001,0.38861757854569995,0.50
2022-03-31T00:00:00+00:00,100063747.594685832105572716000000000000000000,64600981.080922757775909055000000000000000000,0.6076817324480738,0.3923182675519263,0.50
2022-03-30T00:00:00+00:00,101167243.316269535099428016000000000000000000,64189053.882873806640608955000000000000000000,0.6118136716283077,0.3881863283716923,0.50
2022-03-29T00:00:00+00:00,105184908.688536243147057716000000000000000000,77701408.971501811719855855000000000000000000,0.5751382062602483,0.4248617937397518,0.50
2022-03-28T00:00:00+00:00,104630620.229437698812057716000000000000000000,72807253.974251305059208855000000000000000000,0.5896746717632981,0.41032532823670187,0.50
2022-03-27T00:00:00+00:00,108293706.445846546142440116000000000000000000,70176736.259260794018581645000000000000000000,0.6067879073107015,0.39321209268929846,0.50
2022-03-26T00:00:00+00:00,109297171.045625001676440116000000000000000000,69191868.921843766877895993000000000000000000,0.6123466800288992,0.3876533199711008,0.50
2022-03-25T00:00:00+00:00,109420682.544971135430440116000000000000000000,68834900.903763743823066193000000000000000000,0.6138415438551454,0.3861584561448545,0.50
2022-03-24T00:00:00+00:00,106428356.177814901974440116000000000000000000,71757154.169179895370439193000000000000000000,0.5972896223186639,0.4027103776813361,0.50
2022-03-23T00:00:00+00:00,107639132.018928452977440116000000000000000000,70855774.668883712126906093000000000000000000,0.6030375544955433,0.39696244550445664,0.50
2022-03-22T00:00:00+00:00,110546429.332526472011141616000000000000000000,72789457.246118931918198993000000000000000000,0.6029721261642111,0.3970278738357889,0.50
2022-03-21T00:00:00+00:00,111355318.967109374175144316000000000000000000,73562815.251137457634333493000000000000000000,0.6021871215490632,0.3978128784509369,0.50
2022-03-20T00:00:00+00:00,111264408.876066541296784516000000000000000000,75837640.486092531913088956000000000000000000,0.5946723152171389,0.40532768478286113,0.50
2022-03-19T00:00:00+00:00,111998426.278293200657938616000000000000000000,74759363.061582033536217153000000000000000000,0.5996988220634291,0.400301177936571,0.50
2022-03-18T00:00:00+00:00,112008844.307284689931849716000000000000000000,74227636.367161119110559853000000000000000000,0.6014334243304558,0.39856657566954423,0.50
2022-03-17T00:00:00+00:00,113562516.125749998337840316000000000000000000,73152375.358252949661230982000000000000000000,0.6082134918278846,0.39178650817211536,0.50
2022-03-16T00:00:00+00:00,113575395.684674582161391016000000000000000000,73168973.851082306338526282000000000000000000,0.6081864527804557,0.39181354721954426,0.50
2022-03-15T00:00:00+00:00,116537878.674362828731391016000000000000000000,71650807.515613973344117182000000000000000000,0.6192608122930283,0.38073918770697174,0.50
2022-03-14T00:00:00+00:00,116473237.917987794953422416000000000000000000,72674964.993926760283216371000000000000000000,0.6157776607173415,0.3842223392826585,0.50
2022-03-13T00:00:00+00:00,117420844.736905546430339616000000000000000000,72046342.806391954116376171000000000000000000,0.619742374705764,0.38025762529423596,0.50
2022-03-12T00:00:00+00:00,115306232.459372844669339616000000000000000000,74137581.196998494084408967000000000000000000,0.6086566261198938,0.3913433738801062,0.50
2022-03-11T00:00:00+00:00,118375705.694909892463162616000000000000000000,81107085.203801263919577091000000000000000000,0.5934131218116756,0.4065868781883244,0.50
2022-03-10T00:00:00+00:00,122355501.964274016252354616000000000000000000,79422732.604308032610230391000000000000000000,0.6063860268471465,0.3936139731528535,0.50
2022-03-09T00:00:00+00:00,123341357.997965920430069216000000000000000000,81076131.504821768707248132000000000000000000,0.6033796731286238,0.3966203268713762,0.50
2022-03-08T00:00:00+00:00,123450253.416438990617943016000000000000000000,80331224.600056516649545032000000000000000000,0.6057972226820637,0.39420277731793635,0.50
2022-03-07T00:00:00+00:00,125551828.217353333970466716000000000000000000,78245146.953291236672496758000000000000000000,0.6160632566416919,0.383936743358308,0.50
2022-03-06T00:00:00+00:00,130266613.273440176989466716000000000000000000,81118576.230686526348635358000000000000000000,0.6162523191857634,0.3837476808142366,0.50
2022-03-05T00:00:00+00:00,130474686.021730053495330616000000000000000000,80154912.238382766965396458000000000000000000,0.6194508611301767,0.3805491388698233,0.50
2022-03-04T00:00:00+00:00,141638630.574808026382830016000000000000000000,89171699.505744165669939558000000000000000000,0.613658108479705,0.38634189152029497,0.50
2022-03-03T00:00:00+00:00,142178496.767808453995870316000000000000000000,89174747.666712044514612658000000000000000000,0.6145515577934719,0.38544844220652813,0.50
2022-03-02T00:00:00+00:00,143620396.966089548075655316000000000000000000,87721147.619810797367059058000000000000000000,0.6208154148152205,0.3791845851847795,0.50
2022-03-01T00:00:00+00:00,138339765.825233947664535616000000000000000000,88534817.270174773062235058000000000000000000,0.6097631737225374,0.39023682627746265,0.50
2022-02-28T00:00:00+00:00,139202586.479109889556906316000000000000000000,85959565.320320164443285758000000000000000000,0.6182326175453714,0.38176738245462866,0.50
2022-02-27T00:00:00+00:00,139430623.940415267722964316000000000000000000,85857883.637280124659249958000000000000000000,0.6188980762470973,0.38110192375290275,0.50
2022-02-26T00:00:00+00:00,139445236.658137446214801616000000000000000000,86253422.086730484656319258000000000000000000,0.6178381273225366,0.38216187267746343,0.50
2022-02-25T00:00:00+00:00,142142378.225609877601801616000000000000000000,83460731.981712165655532958000000000000000000,0.6300550470912638,0.36994495290873614,0.50
2022-02-24T00:00:00+00:00,144176484.720326732168476516000000000000000000,84922466.458106420367469758000000000000000000,0.629319706522948,0.37068029347705206,0.50
2022-02-23T00:00:00+00:00,146772996.547342470523107316000000000000000000,86466802.420848940381872458000000000000000000,0.6292793819778543,0.3707206180221457,0.50
2022-02-22T00:00:00+00:00,142330280.539919420245498916000000000000000000,90693662.286430884165983358000000000000000000,0.6107968083176075,0.3892031916823925,0.50
2022-02-21T00:00:00+00:00,141185045.457329015066066216000000000000000000,91781109.047914538014298558000000000000000000,0.6060324331539381,0.39396756684606193,0.50
2022-02-20T00:00:00+00:00,142174509.163260770491066216000000000000000000,84778409.212283612661298558000000000000000000,0.6264493542577022,0.3735506457422978,0.50
2022-02-19T00:00:00+00:00,144945166.907052693400547116000000000000000000,84693693.016013180734830258000000000000000000,0.6311874521394705,0.3688125478605296,0.50
2022-02-18T00:00:00+00:00,139913597.913432369771348279000000000000000000,89706222.038244010181828261000000000000000000,0.6093271823960025,0.39067281760399747,0.50
2022-02-17T00:00:00+00:00,147350043.566615241821559479000000000000000000,102166234.706459307842533661000000000000000000,0.5905428078137372,0.40945719218626275,0.50
2022-02-16T00:00:00+00:00,151063183.028044983408559479000000000000000000,98611539.261894156858518861000000000000000000,0.6050399561579174,0.3949600438420826,0.50
2022-02-15T00:00:00+00:00,153817987.465449892423132179000000000000000000,116327830.057613625425207761000000000000000000,0.5693887429973546,0.4306112570026453,0.50
2022-02-14T00:00:00+00:00,154340988.722126570614101879000000000000000000,96683030.374791246126880166000000000000000000,0.6148455007508149,0.38515449924918504,0.50
2022-02-13T00:00:00+00:00,176171551.769185066526259879000000000000000000,136764314.176363334059323066000000000000000000,0.5629637601202265,0.4370362398797735,0.50
2022-02-12T00:00:00+00:00,176175033.535494633297578726000000000000000000,137063903.856517612214626338000000000000000000,0.5624301850922675,0.4375698149077325,0.50
2022-02-11T00:00:00+00:00,175509467.002003851972978026000000000000000000,138208127.653917292716868338000000000000000000,0.5594505057789282,0.44054949422107187,0.50
2022-02-10T00:00:00+00:00,175193729.877354613437178726000000000000000000,138526372.253414371950816084000000000000000000,0.5584396048817045,0.4415603951182955,0.50
2022-02-09T00:00:00+00:00,175464163.556191373177178726000000000000000000,138207314.711518687530736884000000000000000000,0.5593883273200807,0.4406116726799193,0.50
2022-02-08T00:00:00+00:00,175169280.610480093547946926000000000000000000,139045691.109499980159470084000000000000000000,0.5574822856200061,0.4425177143799938,0.50
2022-02-07T00:00:00+00:00,177225784.085678246500402426000000000000000000,137181019.028796549139027184000000000000000000,0.5636830448008809,0.43631695519911906,0.50
2022-02-06T00:00:00+00:00,177306189.072018727093341526000000000000000000,137209144.220186649595275584000000000000000000,0.5637441812965273,0.43625581870347274,0.50
2022-02-05T00:00:00+00:00,177065465.774551525247428726000000000000000000,136989747.708619197747270280000000000000000000,0.563803618512577,0.43619638148742296,0.50
2022-02-04T00:00:00+00:00,176965849.577542736444291126000000000000000000,137215689.933250762048518180000000000000000000,0.5632598587844885,0.4367401412155115,0.50
2022-02-03T00:00:00+00:00,177673199.601688862787291126000000000000000000,137490413.548793663430113180000000000000000000,0.5637490883722496,0.43625091162775037,0.50
2022-02-02T00:00:00+00:00,177326325.937171054187470726000000000000000000,144124001.687091105913024580000000000000000000,0.551644564333575,0.448355435666425,0.50
2022-02-01T00:00:00+00:00,178061983.310984031656702026000000000000000000,143734479.967934418880839480000000000000000000,0.5533372912077286,0.44666270879227143,0.50
2022-01-31T00:00:00+00:00,194381190.758944035456441626000000000000000000,152737694.902450779237347480000000000000000000,0.5599844859739429,0.4400155140260571,0.50
2022-01-30T00:00:00+00:00,196071443.660840895214102926000000000000000000,151456245.124427811376440880000000000000000000,0.5641894156583017,0.4358105843416983,0.50
2022-01-29T00:00:00+00:00,198050093.425123709855756226000000000000000000,150868254.976419818299792080000000000000000000,0.5676115754084763,0.43238842459152377,0.50
2022-01-28T00:00:00+00:00,188029169.808407983594756226000000000000000000,149031927.016555893919859780000000000000000000,0.5578489228795565,0.44215107712044355,0.50
2022-01-27T00:00:00+00:00,191089654.807836439348882426000000000000000000,154002789.625558066237974880000000000000000000,0.5537346815042142,0.4462653184957858,0.50
2022-01-26T00:00:00+00:00,191917144.452960764025093526000000000000000000,136163240.231539715633804980000000000000000000,0.5849698836384823,0.41503011636151765,0.50
2022-01-25T00:00:00+00:00,193123911.709536201653514226000000000000000000,139563806.172900178549767380000000000000000000,0.5804960668183772,0.4195039331816228,0.50
2022-01-24T00:00:00+00:00,199762819.766647300393514226000000000000000000,137235142.676389329459799819000000000000000000,0.5927715951707381,0.4072284048292619,0.50
2022-01-23T00:00:00+00:00,208039828.427780092210891826000000000000000000,154483056.143268353297496619000000000000000000,0.5738667468508675,0.4261332531491326,0.50
2022-01-22T00:00:00+00:00,211913972.341911575728891826000000000000000000,152652068.935047760078833378000000000000000000,0.5812773224835864,0.41872267751641357,0.50
2022-01-21T00:00:00+00:00,214011177.471063335245891826000000000000000000,153542822.941071401876886578000000000000000000,0.5822577831586506,0.4177422168413494,0.50
2022-01-20T00:00:00+00:00,203316954.888752418281730926000000000000000000,162888132.046748888230768601000000000000000000,0.5551997013208123,0.44480029867918774,0.50
2022-01-19T00:00:00+00:00,204732132.075015011279450126000000000000000000,161877482.040293882754795292000000000000000000,0.5584472534062379,0.44155274659376204,0.50
2022-01-18T00:00:00+00:00,196937322.673312733916014665000000000000000000,170556907.357178344267908346000000000000000000,0.535892285048864,0.46410771495113595,0.50
2022-01-17T00:00:00+00:00,200598656.291620701385209365000000000000000000,142472782.534376637398226160000000000000000000,0.5847139504765434,0.4152860495234566,0.50
2022-01-16T00:00:00+00:00,205047325.785345854635592465000000000000000000,146746524.794151653766191060000000000000000000,0.5828621661452543,0.4171378338547457,0.50
2022-01-15T00:00:00+00:00,204240146.527845474553592465000000000000000000,146873629.029353499541367495000000000000000000,0.5816922056211755,0.4183077943788244,0.50
2022-01-14T00:00:00+00:00,208977695.946056851602592465000000000000000000,144621515.859787210968753095000000000000000000,0.5910015887162196,0.40899841128378045,0.50
2022-01-13T00:00:00+00:00,215935568.052912443480826328000000000000000000,160966518.765440111960667578000000000000000000,0.5729221874990104,0.4270778125009897,0.50
2022-01-12T00:00:00+00:00,215879213.018615576627717328000000000000000000,160671669.169180428976683678000000000000000000,0.5733068842232876,0.4266931157767124,0.50
2022-01-11T00:00:00+00:00,217543935.674266661968717328000000000000000000,170565005.356606591959683678000000000000000000,0.5605228652976626,0.43947713470233735,0.50
2022-01-10T00:00:00+00:00,226390070.747395345694386379000000000000000000,206250309.339272264573039957000000000000000000,0.523275406475106,0.476724593524894,0.50
2022-01-09T00:00:00+00:00,232340699.846958772759909079000000000000000000,200476184.214686781758647257000000000000000000,0.536810619924584,0.46318938007541594,0.50
2022-01-08T00:00:00+00:00,233142580.529743854484909079000000000000000000,200191638.065679655745588057000000000000000000,0.538020240555741,0.4619797594442589,0.50
2022-01-07T00:00:00+00:00,236426078.549463671574909079000000000000000000,198992046.364055493123232757000000000000000000,0.5429863044778431,0.4570136955221568,0.50
2022-01-06T00:00:00+00:00,233885445.589672500009909079000000000000000000,210572397.153977135718788757000000000000000000,0.5262263888648958,0.47377361113510413,0.50
2022-01-05T00:00:00+00:00,232239055.982760887463144279000000000000000000,181166468.786058755735134357000000000000000000,0.5617705668365975,0.4382294331634024,0.50
2022-01-04T00:00:00+00:00,231917257.264795373898144279000000000000000000,181795924.705831008716978057000000000000000000,0.5605749765093574,0.4394250234906426,0.50
2022-01-03T00:00:00+00:00,231725261.154482826555144279000000000000000000,185655804.407885624389515057000000000000000000,0.5551887238637963,0.44481127613620375,0.50
2022-01-02T00:00:00+00:00,231369276.109091261547292779000000000000000000,189003657.031262027316119257000000000000000000,0.5503905172501726,0.4496094827498274,0.50
2022-01-01T00:00:00+00:00,231637965.308822189422292779000000000000000000,189286330.651354299993789857000000000000000000,0.5503078998574541,0.44969210014254585,0.50
2021-12-31T00:00:00+00:00,242639319.595376867523014979000000000000000000,187022994.977923555241770857000000000000000000,0.5647209712500457,0.43527902874995433,0.50
2021-12-30T00:00:00+00:00,244334346.909490041773407679000000000000000000,185775867.837813922563264500000000000000000000,0.5680738065080366,0.4319261934919634,0.50
2021-12-29T00:00:00+00:00,246620229.118082883478161679000000000000000000,191549057.684269714236570900000000000000000000,0.562842345518679,0.43715765448132105,0.50
2021-12-28T00:00:00+00:00,272499929.570292713621148979000000000000000000,218581670.851921963978775600000000000000000000,0.5548974535718847,0.44510254642811525,0.50
2021-12-27T00:00:00+00:00,275859587.340235430480785179000000000000000000,215773516.975545876772742000000000000000000000,0.5611086497605902,0.43889135023940984,0.50
2021-12-26T00:00:00+00:00,279842642.534691557458955679000000000000000000,213811519.393600777672346797000000000000000000,0.5668799417016588,0.43312005829834127,0.50
2021-12-25T00:00:00+00:00,280187699.191116022534849979000000000000000000,217141272.492612684886256897000000000000000000,0.563385033135167,0.43661496686483303,0.50
2021-12-24T00:00:00+00:00,272673231.663697695828214879000000000000000000,228413009.859448032016045197000000000000000000,0.5441642756641176,0.4558357243358824,0.50
2021-12-23T00:00:00+00:00,273394034.697998083347214879000000000000000000,233547260.264585104569066596000000000000000000,0.5393011723737696,0.4606988276262303,0.50
2021-12-22T00:00:00+00:00,272201746.745924556167153579000000000000000000,274018364.987927905111999571000000000000000000,0.49833710055435626,0.5016628994456437,0.50
2021-12-21T00:00:00+00:00,272200934.829558733514469579000000000000000000,286576084.427260635439225371000000000000000000,0.4871369534695423,0.5128630465304578,0.50
2021-12-20T00:00:00+00:00,272158250.653520026154362779000000000000000000,296777206.574898554894864671000000000000000000,0.47836401685939006,0.5216359831406099,0.50
2021-12-19T00:00:00+00:00,257531847.244537913611049479000000000000000000,292661742.668300969475701871000000000000000000,0.46807496845853086,0.5319250315414692,0.50
2021-12-18T00:00:00+00:00,258144316.871843271848528779000000000000000000,292833052.588728746434820871000000000000000000,0.46852072549654167,0.5314792745034583,0.50
2021-12-17T00:00:00+00:00,255779138.258689630284506779000000000000000000,297481875.716858539058757723000000000000000000,0.46231187775322624,0.5376881222467738,0.50
2021-12-16T00:00:00+00:00,268219129.440207984144323979000000000000000000,285271104.859824659489416623000000000000000000,0.4845959563846855,0.5154040436153144,0.50
2021-12-15T00:00:00+00:00,271201072.155565808546701179000000000000000000,282254261.672059463797829196000000000000000000,0.4900143798054567,0.5099856201945433,0.50
2021-12-14T00:00:00+00:00,272210283.643383766906695879000000000000000000,280661532.628126806805426312000000000000000000,0.492356954418714,0.5076430455812859,0.50
2021-12-13T00:00:00+00:00,273636509.275697783862430679000000000000000000,278053832.265720262193647712000000000000000000,0.49599655580548996,0.50400344419451,0.50
2021-12-12T00:00:00+00:00,272512912.168598829503666479000000000000000000,293479647.915253402290493412000000000000000000,0.48147790516579553,0.5185220948342045,0.50
2021-12-11T00:00:00+00:00,273461897.782917406405264379000000000000000000,290348034.711538837706998618000000000000000000,0.4850249738826768,0.5149750261173232,0.50
2021-12-10T00:00:00+00:00,275615206.110877059512881479000000000000000000,288290851.363750975402851718000000000000000000,0.4887608537939458,0.5112391462060543,0.50
2021-12-09T00:00:00+00:00,273419518.390546563983563379000000000000000000,292062449.188658274122986552000000000000000000,0.48351589275435164,0.5164841072456483,0.50
2021-12-08T00:00:00+00:00,271842430.360489363525663379000000000000000000,292893584.014138617625076252000000000000000000,0.4813619522061465,0.5186380477938535,0.50
2021-12-07T00:00:00+00:00,271484402.234345301119302279000000000000000000,293345750.595313556237509652000000000000000000,0.48064785648265385,0.5193521435173462,0.50
2021-12-06T00:00:00+00:00,271490708.123761953913452279000000000000000000,291385119.394392421794423642000000000000000000,0.48232788627791195,0.517672113722088,0.50
2021-12-05T00:00:00+00:00,273608892.455064587229241379000000000000000000,288445194.316387192764270542000000000000000000,0.48680171338443134,0.5131982866155687,0.50
2021-12-04T00:00:00+00:00,274134688.761916939131302679000000000000000000,288194076.274948221601853742000000000000000000,0.4874989611174261,0.5125010388825739,0.50
2021-12-03T00:00:00+00:00,277019498.443757779637302679000000000000000000,287257192.170133379339765442000000000000000000,0.4909284807465308,0.5090715192534692,0.50
2021-12-02T00:00:00+00:00,274084556.400618100400277179000000000000000000,286704527.719673721698408642000000000000000000,0.48874802338667794,0.511251976613322,0.50
2021-12-01T00:00:00+00:00,272450332.279690096526277179000000000000000000,285216148.483158302865376742000000000000000000,0.4885542554162432,0.5114457445837568,0.50
2021-11-30T00:00:00+00:00,272424206.844097016112426779000000000000000000,277521287.034928578025252942000000000000000000,0.4953658314800623,0.5046341685199377,0.50
2021-11-29T00:00:00+00:00,273644492.413125304677426779000000000000000000,284974691.048591232979118642000000000000000000,0.4898587454826975,0.5101412545173025,0.50
2021-11-28T00:00:00+00:00,275423912.753991682569426779000000000000000000,281228291.968445333567794542000000000000000000,0.4947863502872966,0.5052136497127033,0.50
2021-11-27T00:00:00+00:00,278102364.693790062594856479000000000000000000,278746586.321209457207706242000000000000000000,0.49942154723803905,0.500578452761961,0.50
2021-11-26T00:00:00+00:00,278108027.071421716150856479000000000000000000,266229953.094018741996689742000000000000000000,0.5109105688103859,0.4890894311896141,0.50
2021-11-25T00:00:00+00:00,275521949.357555478183429579000000000000000000,268155168.835914439989386042000000000000000000,0.5067749591394607,0.49322504086053925,0.50
2021-11-24T00:00:00+00:00,276405905.456427446802879479000000000000000000,267316494.994976821590122642000000000000000000,0.5083585028443784,0.4916414971556216,0.50
2021-11-23T00:00:00+00:00,277667923.790423021297304379000000000000000000,263780421.264610457717765142000000000000000000,0.5128244020437454,0.4871755979562547,0.50
2021-11-22T00:00:00+00:00,281019918.459468266493692579000000000000000000,254237958.861020084837278442000000000000000000,0.5250178098569228,0.4749821901430772,0.50
2021-11-21T00:00:00+00:00,281599777.912963772739692579000000000000000000,251217040.512843339076870542000000000000000000,0.5285114286462329,0.47148857135376715,0.50
2021-11-20T00:00:00+00:00,284057958.520568189966107279000000000000000000,239674136.087882592164659442000000000000000000,0.5423726394559298,0.4576273605440702,0.50
2021-11-19T00:00:00+00:00,289665576.445838072176358379000000000000000000,260206639.771616375077307242000000000000000000,0.5267870750743403,0.4732129249256597,0.50
2021-11-18T00:00:00+00:00,291689000.842979460833234379000000000000000000,249548439.660796775804342342000000000000000000,0.5389298282311723,0.4610701717688277,0.50
2021-11-17T00:00:00+00:00,298947444.733030877555234379000000000000000000,259527911.444720810065931471000000000000000000,0.5352920973613772,0.46470790263862277,0.50
2021-11-16T00:00:00+00:00,298650536.454765382233120379000000000000000000,259333593.332542930357547688000000000000000000,0.5352312377927391,0.46476876220726093,0.50
2021-11-15T00:00:00+00:00,302061597.107821391892491779000000000000000000,276235604.488695089308812088000000000000000000,0.5223293425489766,0.4776706574510235,0.50
2021-11-14T00:00:00+00:00,301886814.982512283199362979000000000000000000,276336538.802312736405978888000000000000000000,0.5220937774416732,0.4779062225583268,0.50
2021-11-13T00:00:00+00:00,302795418.294214073604437679000000000000000000,275427545.004114652720759388000000000000000000,0.523665501914682,0.47633449808531797,0.50
2021-11-12T00:00:00+00:00,302674406.332150253530437679000000000000000000,278980483.689082986139209188000000000000000000,0.5203676811194713,0.4796323188805287,0.50
2021-11-11T00:00:00+00:00,302656512.016748549657368479000000000000000000,281029639.181750502398367888000000000000000000,0.5185261144114787,0.48147388558852133,0.50
2021-11-10T00:00:00+00:00,300463681.975351908395368479000000000000000000,287553530.534387645893116088000000000000000000,0.5109776985828883,0.4890223014171116,0.50
2021-11-09T00:00:00+00:00,298804947.665124921308368479000000000000000000,290603308.158120042723361088000000000000000000,0.506957520043174,0.49304247995682604,0.50
2021-11-08T00:00:00+00:00,299688748.577227282813701879000000000000000000,291583727.714835083737319588000000000000000000,0.5068538797148311,0.4931461202851689,0.50
2021-11-07T00:00:00+00:00,300290457.644616302027645079000000000000000000,313237446.684941707768007407000000000000000000,0.4894487366027195,0.5105512633972805,0.50
2021-11-06T00:00:00+00:00,242120219.854131312052020479000000000000000000,250759719.701346913333266607000000000000000000,0.49123569539571094,0.5087643046042891,0.50
2021-11-05T00:00:00+00:00,243580838.650180641860020479000000000000000000,250899810.827069300250056707000000000000000000,0.4925993340845329,0.5074006659154672,0.50
2021-11-04T00:00:00+00:00,243416367.595107577836034779000000000000000000,252048877.859318446098918507000000000000000000,0.4912884805307652,0.5087115194692348,0.50
2021-11-03T00:00:00+00:00,243516451.888933482034020679000000000000000000,254031587.230077608862696307000000000000000000,0.48943304513895497,0.5105669548610451,0.50
2021-11-02T00:00:00+00:00,243073751.354405191916171179000000000000000000,255168067.884123484584139607000000000000000000,0.4878630054094995,0.5121369945905004,0.50
2021-11-01T00:00:00+00:00,243083576.653689247575171179000000000000000000,253596852.603237151131274007000000000000000000,0.48941645842048115,0.5105835415795188,0.50
2021-10-31T00:00:00+00:00,243046591.445859332662171179000000000000000000,252106244.357360269250284607000000000000000000,0.49085166007702985,0.5091483399229702,0.50
2021-10-30T00:00:00+00:00,243651653.857981231542481479000000000000000000,246575416.193863694831569207000000000000000000,0.4970179509512059,0.5029820490487941,0.50
2021-10-29T00:00:00+00:00,241617306.484453581416481479000000000000000000,251969258.223823255567569207000000000000000000,0.4895135397926725,0.5104864602073276,0.50
2021-10-28T00:00:00+00:00,241592306.484453581416481479000000000000000000,235941612.088753152488727107000000000000000000,0.5059165372091095,0.49408346279089055,0.50
2021-10-27T00:00:00+00:00,241281003.850029065311481479000000000000000000,246177429.092257863174673807000000000000000000,0.4949775971535931,0.5050224028464069,0.50
2021-10-26T00:00:00+00:00,241165341.694908651715407279000000000000000000,248376526.782669082698313407000000000000000000,0.4926347616495128,0.5073652383504872,0.50
2021-10-25T00:00:00+00:00,241015285.294930743391138879000000000000000000,243463447.729934432120167107000000000000000000,0.49747340567488024,0.5025265943251198,0.50
2021-10-24T00:00:00+00:00,241431269.254869237691422079000000000000000000,213770610.170786237133544919000000000000000000,0.5303828480662068,0.46961715193379316,0.50
2021-10-23T00:00:00+00:00,240842398.739856090195029679000000000000000000,214574577.729485980094152019000000000000000000,0.5288393081149648,0.4711606918850351,0.50
2021-10-22T00:00:00+00:00,240890218.406152046501970179000000000000000000,218359176.057773046916153419000000000000000000,0.5245302907526739,0.4754697092473261,0.50
2021-10-21T00:00:00+00:00,240752106.447106964344670379000000000000000000,217395598.041677820948205819000000000000000000,0.5254901510763773,0.47450984892362275,0.50
2021-10-20T00:00:00+00:00,241150659.537499257107840279000000000000000000,213767452.872013577223230919000000000000000000,0.5300968525087385,0.4699031474912615,0.50
2021-10-19T00:00:00+00:00,241076502.888490094416840279000000000000000000,216943061.345744720672005519000000000000000000,0.526345426513706,0.473654573486294,0.50
2021-10-18T00:00:00+00:00,240950573.620093281869780179000000000000000000,213664593.936698674204381869000000000000000000,0.5300099750631241,0.4699900249368759,0.50
2021-10-17T00:00:00+00:00,240602927.851598322108734479000000000000000000,209812546.284301713621519368000000000000000000,0.5341799775267118,0.4658200224732882,0.50
2021-10-16T00:00:00+00:00,243092815.938431637668419579000000000000000000,204547113.709413247298228976000000000000000000,0.5430543609674655,0.45694563903253443,0.50
2021-10-15T00:00:00+00:00,243507664.143345508616720179000000000000000000,287776870.836453961555939076000000000000000000,0.4583375726391211,0.5416624273608789,0.50
2021-10-14T00:00:00+00:00,229891565.038520158569877479000000000000000000,293826398.575002918109010876000000000000000000,0.4389606257771374,0.5610393742228627,0.50
2021-10-13T00:00:00+00:00,229339821.076230045547427279000000000000000000,235848471.358041868549235276000000000000000000,0.49300428408488867,0.5069957159151114,0.50
2021-10-12T00:00:00+00:00,229629083.437044333839391579000000000000000000,229429608.478833762743914772000000000000000000,0.500217265201295,0.4997827347987051,0.50
2021-10-11T00:00:00+00:00,229808361.111161339299667579000000000000000000,240016431.940521058778633572000000000000000000,0.48913630040354555,0.5108636995964545,0.50
2021-10-10T00:00:00+00:00,229797682.150814537161900979000000000000000000,246647015.346672272808183472000000000000000000,0.4823176401328859,0.5176823598671141,0.50
2021-10-09T00:00:00+00:00,229785682.834809573315841379000000000000000000,242479270.781475283609030072000000000000000000,0.4865609465095104,0.5134390534904897,0.50
2021-10-08T00:00:00+00:00,230135390.400856670855460479000000000000000000,253051355.808447042473859372000000000000000000,0.47628663701211726,0.5237133629878827,0.50
2021-10-07T00:00:00+00:00,230717123.793953413441360079000000000000000000,263426883.575526589760310372000000000000000000,0.4669026040043469,0.5330973959956531,0.50
2021-10-06T00:00:00+00:00,230709697.748453252336360079000000000000000000,257273630.879737164214288972000000000000000000,0.4727819255568014,0.5272180744431987,0.50
2021-10-05T00:00:00+00:00,230140885.439278804222569579000000000000000000,258024356.074771716154162972000000000000000000,0.4714405407593011,0.5285594592406989,0.50
2021-10-04T00:00:00+00:00,230100520.746283242442606079000000000000000000,262848205.084397370977819872000000000000000000,0.46678388377723246,0.5332161162227675,0.50
2021-10-03T00:00:00+00:00,229533943.971217790868906579000000000000000000,258202178.635505098705600372000000000000000000,0.47061091711736575,0.5293890828826343,0.50
2021-10-02T00:00:00+00:00,229442977.783117711714034279000000000000000000,257290484.591716212649150672000000000000000000,0.47139347408669313,0.5286065259133068,0.50
2021-10-01T00:00:00+00:00,229404476.032609611188270679000000000000000000,258538714.819302648878794372000000000000000000,0.47014587012083636,0.5298541298791636,0.50
2021-09-30T00:00:00+00:00,229341530.731129752096608779000000000000000000,255990648.668741837739257226000000000000000000,0.47254548629913173,0.5274545137008683,0.50
2021-09-29T00:00:00+00:00,228665953.284167240672823279000000000000000000,204076592.154040081113413099000000000000000000,0.528411074193349,0.47158892580665107,0.50
2021-09-28T00:00:00+00:00,228046078.190907070868156479000000000000000000,200726276.843551332063721168000000000000000000,0.5318581655586916,0.4681418344413084,0.50
2021-09-27T00:00:00+00:00,227811233.002560290571393979000000000000000000,203811243.655179250017581723000000000000000000,0.5278020615761538,0.4721979384238461,0.50
2021-09-26T00:00:00+00:00,232758437.482197219583365979000000000000000000,204631928.029580589409464823000000000000000000,0.5321526394616701,0.46784736053832987,0.50
2021-09-25T00:00:00+00:00,232690931.182545528455832179000000000000000000,206560213.147117141274105385000000000000000000,0.5297446214685522,0.47025537853144783,0.50
2021-09-24T00:00:00+00:00,232305997.212230921058994279000000000000000000,211626659.634126074678992385000000000000000000,0.5232910749628201,0.4767089250371798,0.50
2021-09-23T00:00:00+00:00,231829618.550194781398935479000000000000000000,226855015.041961516555314685000000000000000000,0.5054226838484592,0.49457731615154077,0.50
2021-09-22T00:00:00+00:00,231812429.975262848863935479000000000000000000,228815970.889682122743627985000000000000000000,0.5032525774354709,0.4967474225645291,0.50
2021-09-21T00:00:00+00:00,232671583.415145391941593979000000000000000000,220668913.615301367816422185000000000000000000,0.5132380295588703,0.4867619704411297,0.50
2021-09-20T00:00:00+00:00,232291740.756590233433015779000000000000000000,236290719.991149423176426185000000000000000000,0.49573289701435064,0.5042671029856494,0.50
2021-09-19T00:00:00+00:00,232611558.396143531566909979000000000000000000,273960095.967256359684410385000000000000000000,0.4591878688681517,0.5408121311318483,0.50
2021-09-18T00:00:00+00:00,231941126.994264086738297179000000000000000000,274949964.438031855947740164000000000000000000,0.4575758598141467,0.5424241401858533,0.50
2021-09-17T00:00:00+00:00,231073232.786537651806297979000000000000000000,273543518.492204204499257264000000000000000000,0.4579182760005061,0.542081723999494,0.50
2021-09-16T00:00:00+00:00,230217337.505373678746051779000000000000000000,272252473.697215130536637679000000000000000000,0.45817148089828874,0.5418285191017113,0.50
2021-09-15T00:00:00+00:00,230042289.842633110426485179000000000000000000,235595156.850943009610715679000000000000000000,0.49403734917827163,0.5059626508217283,0.50
2021-09-14T00:00:00+00:00,230082112.077523729247525879000000000000000000,230713876.805108247927361779000000000000000000,0.49931448543083407,0.5006855145691659,0.50
2021-09-13T00:00:00+00:00,229831043.277044522858584679000000000000000000,210704643.148164578654692179000000000000000000,0.5217081166387267,0.4782918833612733,0.50
2021-09-12T00:00:00+00:00,229656140.844017959585631579000000000000000000,207269487.032836535725938879000000000000000000,0.5256183803179096,0.47438161968209036,0.50
2021-09-11T00:00:00+00:00,228966664.647133097503829179000000000000000000,211130101.534171803328724843000000000000000000,0.5202643651164812,0.4797356348835187,0.50
2021-09-10T00:00:00+00:00,228396473.755416871731498679000000000000000000,218226962.142942478832480502000000000000000000,0.5113848835451491,0.4886151164548509,0.50
2021-09-09T00:00:00+00:00,227939989.671991600310215979000000000000000000,230790648.257030412226614702000000000000000000,0.4968928840267697,0.5031071159732303,0.50
2021-09-08T00:00:00+00:00,228200352.960370042397211179000000000000000000,227228579.275146201000360856000000000000000000,0.5010668774164762,0.49893312258352385,0.50
2021-09-07T00:00:00+00:00,228251771.550629284109211179000000000000000000,234423942.461990919902837356000000000000000000,0.4933299169110989,0.506670083088901,0.50
2021-09-06T00:00:00+00:00,226951549.482263016074061179000000000000000000,229136092.377130232925854556000000000000000000,0.49760512816576086,0.5023948718342391,0.50
2021-09-05T00:00:00+00:00,226639527.804284127597691779000000000000000000,233126947.584765867300641456000000000000000000,0.4929448751401544,0.5070551248598456,0.50
2021-09-04T00:00:00+00:00,226537338.445769606206691779000000000000000000,241774563.245197552110950356000000000000000000,0.4837317557546479,0.5162682442453521,0.50
2021-09-03T00:00:00+00:00,222718931.190388693283341879000000000000000000,242066717.114464348926738261000000000000000000,0.479186334609685,0.5208136653903149,0.50
2021-09-02T00:00:00+00:00,222113871.400201381524341879000000000000000000,220411911.801156529618738261000000000000000000,0.5019230061429781,0.49807699385702187,0.50
2021-09-01T00:00:00+00:00,221704770.179870640106029779000000000000000000,217341576.232805921806194361000000000000000000,0.5049689446031326,0.49503105539686737,0.50
2021-08-31T00:00:00+00:00,221716909.960734754748527679000000000000000000,165503409.747850191547885648000000000000000000,0.5725859379683249,0.4274140620316751,0.50
2021-08-30T00:00:00+00:00,221036644.867507790428120979000000000000000000,158469432.140480692774310348000000000000000000,0.582432425351795,0.4175675746482051,0.50
2021-08-29T00:00:00+00:00,225965378.207783507894548979000000000000000000,162655117.834494254461331848000000000000000000,0.581455122694303,0.418544877305697,0.50
2021-08-28T00:00:00+00:00,226855680.011491296631016679000000000000000000,159893326.475340329538744960000000000000000000,0.5865708151966913,0.41342918480330865,0.50
2021-08-27T00:00:00+00:00,226563550.834861465135823879000000000000000000,161915742.424245085466010060000000000000000000,0.5832062474530628,0.4167937525469371,0.50
2021-08-26T00:00:00+00:00,226242846.852831476329325174000000000000000000,159779138.095962227839804768000000000000000000,0.5860879837785479,0.4139120162214521,0.50
2021-08-25T00:00:00+00:00,226411669.325407100315162474000000000000000000,165587525.745230909000261641000000000000000000,0.5775819750971883,0.4224180249028117,0.50
2021-08-24T00:00:00+00:00,226994285.333597878379488774000000000000000000,166162241.632479808184355564000000000000000000,0.5773636446666022,0.42263635533339783,0.50
2021-08-23T00:00:00+00:00,225910159.085240729194795474000000000000000000,177786464.425664706178941321000000000000000000,0.5596037864288405,0.44039621357115954,0.50
2021-08-22T00:00:00+00:00,227253287.011224604814204174000000000000000000,188175964.041991191352702897000000000000000000,0.5470324644571402,0.4529675355428599,0.50
2021-08-21T00:00:00+00:00,225679588.109513482506431374000000000000000000,185737369.320419237045358846000000000000000000,0.5485422611632345,0.4514577388367655,0.50
2021-08-20T00:00:00+00:00,225184016.625529599406675974000000000000000000,184158554.897366685846265674000000000000000000,0.5501114037266317,0.4498885962733683,0.50
2021-08-19T00:00:00+00:00,232230567.560338900898843274000000000000000000,216603989.717436331428105419000000000000000000,0.5174079486411198,0.4825920513588801,0.50
2021-08-18T00:00:00+00:00,234991350.110527904157147274000000000000000000,202951278.710491931159763940000000000000000000,0.5365802154111952,0.46341978458880484,0.50
2021-08-17T00:00:00+00:00,236491661.328224380361470874000000000000000000,209108334.350994599756983458000000000000000000,0.5307263546260699,0.4692736453739301,0.50
2021-08-16T00:00:00+00:00,235488808.987506706232572074000000000000000000,218291540.473844984918542570000000000000000000,0.5189488907288243,0.48105110927117567,0.50
2021-08-15T00:00:00+00:00,230580220.903287406907649674000000000000000000,218215434.512212463678285518000000000000000000,0.513775519261241,0.48622448073875907,0.50
2021-08-14T00:00:00+00:00,230287986.130365859827909974000000000000000000,222265595.141892088185050717000000000000000000,0.5088634708910275,0.49113652910897254,0.50
2021-08-13T00:00:00+00:00,232410617.855231552055295574000000000000000000,218718040.598241910794678817000000000000000000,0.5151759115724653,0.48482408842753466,0.50
2021-08-12T00:00:00+00:00,233513433.918859861679612274000000000000000000,229222927.766385129563350437000000000000000000,0.5046360157832087,0.4953639842167913,0.50
2021-08-11T00:00:00+00:00,232910313.275366081156434574000000000000000000,234176832.217239802771891737000000000000000000,0.4986442369972117,0.5013557630027883,0.50
2021-08-10T00:00:00+00:00,234954184.591909196487990774000000000000000000,248516767.593087084940168037000000000000000000,0.48597373540242367,0.5140262645975764,0.50
2021-08-09T00:00:00+00:00,234935552.820489009604570174000000000000000000,243918523.100386595462353837000000000000000000,0.49062034685345157,0.5093796531465484,0.50
2021-08-08T00:00:00+00:00,233595916.244032423864541974000000000000000000,248998922.266871072636028937000000000000000000,0.4840414724799314,0.5159585275200687,0.50
2021-08-07T00:00:00+00:00,229317569.014344162229781974000000000000000000,237755150.222746707491761834000000000000000000,0.49096759363061887,0.5090324063693812,0.50
2021-08-06T00:00:00+00:00,229561150.595559564245893774000000000000000000,233953547.148359650568906234000000000000000000,0.4952618583896268,0.5047381416103732,0.50
2021-08-05T00:00:00+00:00,226738646.642073295460308374000000000000000000,238462468.213912038444671834000000000000000000,0.48739919015943445,0.5126008098405656,0.50
2021-08-04T00:00:00+00:00,226408726.807813474979620574000000000000000000,234619160.146230345634357953000000000000000000,0.4910955133401341,0.5089044866598659,0.50
2021-08-03T00:00:00+00:00,226127949.252043622936097574000000000000000000,234209602.756454619771327153000000000000000000,0.49122203536388687,0.5087779646361131,0.50
2021-08-02T00:00:00+00:00,223258175.128158345629132374000000000000000000,238757824.974932427428553733000000000000000000,0.48322606809794943,0.5167739319020506,0.50
2021-08-01T00:00:00+00:00,219457933.910342172475576974000000000000000000,228832267.042280592021688401000000000000000000,0.48954434748738895,0.510455652512611,0.50
2021-07-31T00:00:00+00:00,219493422.498514556878444874000000000000000000,223071109.789383322358077452000000000000000000,0.49595800495763476,0.5040419950423652,0.50
2021-07-30T00:00:00+00:00,219016866.341405446801412874000000000000000000,220775863.804624149178710350000000000000000000,0.4980001972035388,0.5019998027964613,0.50
2021-07-29T00:00:00+00:00,218687537.567112723773477574000000000000000000,220069187.552952941701821766000000000000000000,0.49842549423548765,0.5015745057645123,0.50
2021-07-28T00:00:00+00:00,218791387.009143016003392874000000000000000000,220433930.323975911369983582000000000000000000,0.4981301814239602,0.5018698185760399,0.50
2021-07-27T00:00:00+00:00,218706828.692668869826749874000000000000000000,224044418.545532867410509631000000000000000000,0.49397224752481345,0.5060277524751865,0.50
2021-07-26T00:00:00+00:00,217316248.061624707861371474000000000000000000,229401141.598874167152529605000000000000000000,0.4864736701357945,0.5135263298642055,0.50
2021-07-25T00:00:00+00:00,216226813.941782614336184874000000000000000000,227699834.873768749578293905000000000000000000,0.487077796565494,0.512922203434506,0.50
2021-07-24T00:00:00+00:00,215712371.012764267122588574000000000000000000,227384391.735685108627097760000000000000000000,0.48682903859360044,0.5131709614063996,0.50
2021-07-23T00:00:00+00:00,208121777.180569741270455874000000000000000000,214041906.456657936654900960000000000000000000,0.4929883484705716,0.5070116515294284,0.50
2021-07-22T00:00:00+00:00,207397799.399628733085435974000000000000000000,218678035.116594947771675711000000000000000000,0.4867626431691743,0.5132373568308257,0.50
2021-07-21T00:00:00+00:00,206617015.711686519370850327000000000000000000,210643099.099449050327249311000000000000000000,0.4951755712505797,0.5048244287494204,0.50
2021-07-20T00:00:00+00:00,207107933.250190654272803427000000000000000000,205904558.752465071791308136000000000000000000,0.5014568257873878,0.49854317421261213,0.50
2021-07-19T00:00:00+00:00,207171205.430160246611647327000000000000000000,215538701.542912222469800887000000000000000000,0.4901025549972679,0.5098974450027322,0.50
2021-07-18T00:00:00+00:00,205550277.337609719331795527000000000000000000,214988676.933968627059167070000000000000000000,0.48877821007960215,0.5112217899203979,0.50
2021-07-17T00:00:00+00:00,204335020.948926144658874517000000000000000000,215444444.573071034429534405000000000000000000,0.48676754756175333,0.5132324524382467,0.50
2021-07-16T00:00:00+00:00,199499603.022660492988500017000000000000000000,211279189.285552923045281430000000000000000000,0.485661886052221,0.5143381139477791,0.50
2021-07-15T00:00:00+00:00,198482086.369344721918091217000000000000000000,210334799.197137815570255030000000000000000000,0.4855036408154115,0.5144963591845885,0.50
2021-07-14T00:00:00+00:00,197830978.237207138179504217000000000000000000,203447837.462007395010113549000000000000000000,0.49300130108411894,0.506998698915881,0.50
2021-07-13T00:00:00+00:00,197921366.856473664129093433000000000000000000,200541219.968227392972442122000000000000000000,0.49671254818095845,0.5032874518190416,0.50
2021-07-12T00:00:00+00:00,209626626.104287034803241533000000000000000000,205865362.126963369582215785000000000000000000,0.504526277381828,0.4954737226181721,0.50
2021-07-11T00:00:00+00:00,211349151.217932831013524733000000000000000000,223529116.486576192149297827000000000000000000,0.4859961210145831,0.5140038789854169,0.50
2021-07-10T00:00:00+00:00,204385701.433466055260743165000000000000000000,216306508.680284893783464317000000000000000000,0.4858319134984748,0.5141680865015251,0.50
2021-07-09T00:00:00+00:00,203129634.232884554178120565000000000000000000,215148214.528608434417408008000000000000000000,0.48563325749700764,0.5143667425029923,0.50
2021-07-08T00:00:00+00:00,201858932.811577946124882465000000000000000000,208324757.044060225182384908000000000000000000,0.49211837965234806,0.5078816203476519,0.50
2021-07-07T00:00:00+00:00,202088634.023103551539784065000000000000000000,199521986.091786060992498908000000000000000000,0.5031954433010054,0.4968045566989946,0.50
2021-07-06T00:00:00+00:00,203703811.492395717836094565000000000000000000,198777453.946665065928867808000000000000000000,0.5061199836722295,0.4938800163277705,0.50
2021-07-05T00:00:00+00:00,214502565.751078742167223265000000000000000000,213043238.423776258616726675000000000000000000,0.5017066327315723,0.4982933672684276,0.50
2021-07-04T00:00:00+00:00,213475036.893803722739935665000000000000000000,213457781.722614563352265653000000000000000000,0.5000202082979297,0.4999797917020703,0.50
2021-07-03T00:00:00+00:00,212329284.429962073676758765000000000000000000,210313905.771246651661374632000000000000000000,0.5023842554493259,0.4976157445506741,0.50
2021-07-02T00:00:00+00:00,212756244.686826333316709865000000000000000000,210541108.891723190714999032000000000000000000,0.5026165245026651,0.4973834754973349,0.50
2021-07-01T00:00:00+00:00,208125330.988435442938404465000000000000000000,205289474.736934644176914132000000000000000000,0.5034297952228937,0.4965702047771063,0.50
2021-06-30T00:00:00+00:00,205865431.125344164428940592000000000000000000,210963019.233529218608885888000000000000000000,0.49388526850339004,0.50611473149661,0.50
2021-06-29T00:00:00+00:00,207273270.294167656809192913000000000000000000,210506663.316800469400512815000000000000000000,0.49613026768101826,0.5038697323189817,0.50
2021-06-28T00:00:00+00:00,213572003.495271338683497013000000000000000000,215280588.606978625835172565000000000000000000,0.4980079575789297,0.5019920424210703,0.50
2021-06-27T00:00:00+00:00,213211116.828773392624598103000000000000000000,210073714.585043700057520467000000000000000000,0.5037060178051389,0.49629398219486104,0.50
2021-06-26T00:00:00+00:00,212571106.447382905269822719000000000000000000,210592745.619321247818649713000000000000000000,0.5023375824971811,0.497662417502819,0.50
2021-06-25T00:00:00+00:00,212535211.398135913772749319000000000000000000,212798647.769908214496828381000000000000000000,0.4996903181276379,0.5003096818723621,0.50
2021-06-24T00:00:00+00:00,212481142.970348008841177319000000000000000000,206478784.045812071124852894000000000000000000,0.507163404585356,0.49283659541464403,0.50
2021-06-23T00:00:00+00:00,213616923.136092571457944604000000000000000000,225838553.525379456483292788000000000000000000,0.48609457494746205,0.513905425052538,0.50
2021-06-22T00:00:00+00:00,213250958.095958971752889304000000000000000000,222730132.101734894107285088000000000000000000,0.48912891611712145,0.5108710838828785,0.50
2021-06-21T00:00:00+00:00,219953510.735490469006745104000000000000000000,214457908.861820548045688633000000000000000000,0.5063253423203794,0.4936746576796206,0.50
2021-06-20T00:00:00+00:00,310416340.393095690536095404000000000000000000,304355801.970336415305033441000000000000000000,0.5049290932405136,0.49507090675948645,0.50
2021-06-19T00:00:00+00:00,318207926.353691976888628704000000000000000000,304907423.702092298417468667000000000000000000,0.5106725846590113,0.48932741534098867,0.50
2021-06-18T00:00:00+00:00,336500955.876660801269937104000000000000000000,323874279.496825163925891639000000000000000000,0.5095602285666379,0.4904397714333621,0.50
2021-06-17T00:00:00+00:00,348408437.044908769596662015000000000000000000,345263017.082825462500763339000000000000000000,0.5022672260357308,0.4977327739642692,0.50
2021-06-16T00:00:00+00:00,371076518.122105293741204882000000000000000000,364609711.634435460132749171000000000000000000,0.5043950846339817,0.4956049153660183,0.50
2021-06-15T00:00:00+00:00,386840122.447849575662242882000000000000000000,429954873.724622536162915663000000000000000000,0.47360736079505256,0.5263926392049474,0.50
2021-06-14T00:00:00+00:00,340380635.723988483719642082000000000000000000,401234153.106856846272269968000000000000000000,0.45897228702868514,0.5410277129713148,0.50
2021-06-13T00:00:00+00:00,283791207.354305311041224092000000000000000000,315245247.978101111474216574000000000000000000,0.4737461381992671,0.5262538618007329,0.50
2021-06-12T00:00:00+00:00,265966929.769064770572280092000000000000000000,290378896.511716029840829979000000000000000000,0.47806043867907905,0.521939561320921,0.50
2021-06-11T00:00:00+00:00,248064685.243657750285087964000000000000000000,292392122.763466017566707282000000000000000000,0.45899076775139447,0.5410092322486055,0.50
2021-06-10T00:00:00+00:00,233566051.408466911523858964000000000000000000,252999276.903188632264735371000000000000000000,0.48003019906684113,0.5199698009331589,0.50
2021-06-09T00:00:00+00:00,223205237.453573740117007964000000000000000000,235295185.001406146315697928000000000000000000,0.48681577272808346,0.5131842272719166,0.50
2021-06-08T00:00:00+00:00,220184540.538052103097038400000000000000000000,224548644.001411157376978157000000000000000000,0.49509357113987545,0.5049064288601246,0.50
2021-06-07T00:00:00+00:00,224541147.766262101758624400000000000000000000,249817311.509895938865922029000000000000000000,0.4733575282053537,0.5266424717946463,0.50
2021-06-06T00:00:00+00:00,195639714.789934281330058500000000000000000000,211266019.197331996119604329000000000000000000,0.4807986185715845,0.5192013814284154,0.50
2021-06-05T00:00:00+00:00,185526218.398025346719033000000000000000000000,211601571.668391480244217528000000000000000000,0.4671700723009019,0.5328299276990981,0.50
2021-06-04T00:00:00+00:00,214880572.344964432440116200000000000000000000,214648308.059364462810788328000000000000000000,0.5002703709764305,0.4997296290235696,0.50
2021-06-03T00:00:00+00:00,220072477.492111914889493300000000000000000000,220354728.897788524541376345000000000000000000,0.4996795708784771,0.5003204291215229,0.50
2021-06-02T00:00:00+00:00,218846764.709312418106159831000000000000000000,221925658.486995260773462323000000000000000000,0.4965073883758926,0.5034926116241074,0.50
2021-06-01T00:00:00+00:00,219874718.983019724251398331000000000000000000,232598683.821073101183283601000000000000000000,0.4859395438945143,0.5140604561054857,0.50
2021-05-31T00:00:00+00:00,223541956.864573756365119831000000000000000000,226342771.229408085164725668000000000000000000,0.49688718666145826,0.5031128133385417,0.50
2021-05-30T00:00:00+00:00,222889257.913925835753005931000000000000000000,224173854.124211091160811646000000000000000000,0.4985632943361969,0.501436705663803,0.50
2021-05-29T00:00:00+00:00,224126756.659170504961616531000000000000000000,223571718.964552578071777026000000000000000000,0.5006198789194498,0.4993801210805502,0.50
2021-05-28T00:00:00+00:00,225449180.269500417203302651000000000000000000,220032891.546762443398696325000000000000000000,0.5060791320968938,0.4939208679031062,0.50
2021-05-27T00:00:00+00:00,207269434.218198841849821251000000000000000000,226280229.303438124605311949000000000000000000,0.4780754124789091,0.5219245875210909,0.50
2021-05-26T00:00:00+00:00,195192905.006188231998814851000000000000000000,208734735.666311681836496407000000000000000000,0.4832373062690416,0.5167626937309584,0.50
2021-05-25T00:00:00+00:00,173869279.553190510247568651000000000000000000,188063741.116472045366336251000000000000000000,0.48039076189149804,0.5196092381085019,0.50
2021-05-24T00:00:00+00:00,168547201.688909902939098051000000000000000000,175802150.204264406265783115000000000000000000,0.4894657148685368,0.5105342851314632,0.50
2021-05-23T00:00:00+00:00,164600218.256854232138452451000000000000000000,163608358.096592540241386744000000000000000000,0.501511021087995,0.4984889789120051,0.50
2021-05-22T00:00:00+00:00,181186994.941003683448948751000000000000000000,189880686.011008027429477544000000000000000000,0.48828557226042996,0.51171442773957,0.50
2021-05-21T00:00:00+00:00,179799270.041163327116107951000000000000000000,189633928.121655276587812993000000000000000000,0.48668953124759845,0.5133104687524016,0.50
2021-05-20T00:00:00+00:00,180455386.906538250543132241000000000000000000,184330708.593423689090478793000000000000000000,0.4946882272451009,0.5053117727548991,0.50
2021-05-19T00:00:00+00:00,162667731.692752446243918641000000000000000000,163669061.159802143905120267000000000000000000,0.49846580359772347,0.5015341964022765,0.50
2021-05-18T00:00:00+00:00,248995142.483299180635218041000000000000000000,239787273.591574081618254567000000000000000000,0.5094191900003975,0.4905808099996026,0.50
2021-05-17T00:00:00+00:00,247882934.649873311256956941000000000000000000,239611392.172761391098018167000000000000000000,0.5084837320374821,0.4915162679625179,0.50
2021-05-16T00:00:00+00:00,253880169.610255331197990941000000000000000000,237355425.080397292988925267000000000000000000,0.5168195716153918,0.4831804283846082,0.50
2021-05-15T00:00:00+00:00,267375883.142871381554217741000000000000000000,254941262.579778004239540867000000000000000000,0.5119033241249332,0.4880966758750668,0.50
2021-05-14T00:00:00+00:00,289271468.659803152991006841000000000000000000,249762642.177916023288067767000000000000000000,0.5366477980590931,0.46335220194090687,0.50
2021-05-13T00:00:00+00:00,277834842.504365030358712441000000000000000000,263265961.387243696865432467000000000000000000,0.5134622615715423,0.48653773842845766,0.50
2021-05-12T00:00:00+00:00,294235987.625171405216229941000000000000000000,298569674.225753399020475167000000000000000000,0.49634476618606266,0.5036552338139373,0.50
2021-05-11T00:00:00+00:00,291691828.144255984897559941000000000000000000,311109555.575968036756620967000000000000000000,0.4838937600707928,0.5161062399292072,0.50
2021-05-10T00:00:00+00:00,292172279.256526369511999441000000000000000000,310061638.672222736070292967000000000000000000,0.485147499266379,0.514852500733621,0.50
2021-05-09T00:00:00+00:00,290824109.931691969942023341000000000000000000,305632506.576408450872063167000000000000000000,0.48758635897828506,0.5124136410217149,0.50
2021-05-08T00:00:00+00:00,265129963.241429651960484341000000000000000000,298628897.893535384145682767000000000000000000,0.4702896602062579,0.529710339793742,0.50
2021-05-07T00:00:00+00:00,263118346.876921633617606641000000000000000000,270564710.774278206697314521000000000000000000,0.49302360849702737,0.5069763915029727,0.50
2021-05-06T00:00:00+00:00,245054909.651468531183580041000000000000000000,263073346.189855322530627421000000000000000000,0.4822697947503892,0.5177302052496108,0.50
2021-05-05T00:00:00+00:00,239817040.006992699996503341000000000000000000,257767803.052541063565636521000000000000000000,0.4819621082756729,0.5180378917243271,0.50
2021-05-04T00:00:00+00:00,232472962.937436430672791841000000000000000000,250096728.732097567704929721000000000000000000,0.481739667763128,0.518260332236872,0.50
2021-05-03T00:00:00+00:00,222876097.971251976903154741000000000000000000,241819909.362741487162125021000000000000000000,0.4796169849831807,0.5203830150168193,0.50
2021-05-02T00:00:00+00:00,215728829.500030394442843841000000000000000000,230264956.236289068291866521000000000000000000,0.48370366673129755,0.5162963332687025,0.50
2021-05-01T00:00:00+00:00,205766642.649035294249730441000000000000000000,219547054.966172520689607221000000000000000000,0.48379970784575493,0.5162002921542451,0.50
2021-04-30T00:00:00+00:00,199052403.461979894368764041000000000000000000,209775240.593033753622494742000000000000000000,0.48688587074898126,0.5131141292510187,0.50
2021-04-29T00:00:00+00:00,191166637.082232894242999841000000000000000000,202852432.652200968808272442000000000000000000,0.48517102791770433,0.5148289720822957,0.50
2021-04-28T00:00:00+00:00,195401532.103525094965685641000000000000000000,188427180.009863427810558542000000000000000000,0.5090852402042312,0.4909147597957688,0.50
2021-04-27T00:00:00+00:00,193655380.199573762157821641000000000000000000,183390602.876334879618741542000000000000000000,0.5136121027460626,0.48638789725393744,0.50
2021-04-26T00:00:00+00:00,205615661.128536764532677641000000000000000000,193250954.771256777540431637000000000000000000,0.5154998010166716,0.48450019898332836,0.50
2021-04-25T00:00:00+00:00,220730488.329559239542936341000000000000000000,206747019.068433532826817637000000000000000000,0.5163557953566277,0.4836442046433723,0.50
2021-04-24T00:00:00+00:00,219945058.069770938624384841000000000000000000,214641729.276129308577130505000000000000000000,0.5061015761961265,0.49389842380387355,0.50
2021-04-23T00:00:00+00:00,218091149.471118433991535441000000000000000000,212151713.959304148416090358000000000000000000,0.5069024218838377,0.4930975781161623,0.50
2021-04-22T00:00:00+00:00,225275470.429936579536938941000000000000000000,228612483.314822840406056458000000,0.49632396844049886,0.5036760315595011,0.50
2021-04-21T00:00:00+00:00,223774478.035267765695190487000000000000000000,222220059.408754324956382990000000,0.5017426431222922,0.4982573568777078,0.50
2021-04-20T00:00:00+00:00,224408201.979694065229999087000000000000000000,229608025.892160908478796590000000,0.4942735263705877,0.5057264736294123,0.50
2021-04-19T00:00:00+00:00,221237215.674429469843701187000000000000000000,233312941.425017393426024990000000,0.48671683909687224,0.5132831609031278,0.50
2021-04-18T00:00:00+00:00,204219967.061109044162289287000000000000000000,212088437.520385661047316190000000,0.49054970981526713,0.5094502901847329,0.50
2021-04-17T00:00:00+00:00,209785987.718636106032151187000000000000000000,221566326.549012535781148290000000,0.48634487582340075,0.5136551241765993,0.50
2021-04-16T00:00:00+00:00,209334605.532573485960243487000000000000000000,211854240.799242402029403088000000,0.49700890077145593,0.502991099228544,0.50
2021-04-15T00:00:00+00:00,207772284.368258177400610887000000000000000000,210768925.382619825297466888000000,0.496420136243997,0.503579863756003,0.50
2021-04-14T00:00:00+00:00,207215994.495378499374083687000000000000000000,191219716.607292012914921488000000,0.5200738506142143,0.4799261493857857,0.50
2021-04-13T00:00:00+00:00,209184499.409076216789642587000000000000000000,205779917.002425617380046388000000,0.5041022582563736,0.4958977417436265,0.50
2021-04-12T00:00:00+00:00,200286312.957666478294845536000000000000000000,213519390.145484909542315988000000,0.48401051859775873,0.5159894814022413,0.50
2021-04-11T00:00:00+00:00,199057025.654486952798397158000000000000000000,183713359.361215532417597212000000,0.5200429120093003,0.47995708799069975,0.50
2021-04-10T00:00:00+00:00,202707744.365301823602859658000000000000000000,190309121.320495704295141512000000,0.5157736526435972,0.4842263473564028,0.50
2021-04-09T00:00:00+00:00,204737128.763120176771532258000000000000000000,200426832.180138816322957822000000,0.5053192003713096,0.4946807996286903,0.50
2021-04-08T00:00:00+00:00,205235274.791753409567271736000000000000000000,201271504.961107321885697056000000,0.5048754043328083,0.4951245956671917,0.50
2021-04-07T00:00:00+00:00,205688018.259016425966408150000000000000000000,210840020.832826569548686956000000,0.49381553930313665,0.5061844606968634,0.50
2021-04-06T00:00:00+00:00,198779454.847535890441894850000000000000000000,207146008.580006204561518756000000,0.48969447043082115,0.5103055295691789,0.50
2021-04-05T00:00:00+00:00,198801321.407264135836604450000000000000000000,199717999.545964678167357756000000,0.4988498949856334,0.5011501050143665,0.50
2021-04-04T00:00:00+00:00,197006264.983845296447901323000000000000000000,203206646.569150126775452881000000,0.4922536462388923,0.5077463537611077,0.50
2021-04-03T00:00:00+00:00,188874269.652345515816414123000000000000000000,197670043.366112720249994581000000,0.4886225544943573,0.5113774455056427,0.50
2021-04-02T00:00:00+00:00,173627951.080597610391185823000000000000000000,181171735.635347213420964881000000,0.4893689526270788,0.5106310473729212,0.50
2021-04-01T00:00:00+00:00,166994742.174881757593849123000000000000000000,178964780.909521354296064181000000,0.48270023234521675,0.5172997676547832,0.50
2021-03-31T00:00:00+00:00,161809418.129412501831600923000000000000000000,171017359.250405921313708081000000,0.4861670668545917,0.5138329331454082,0.50
2021-03-30T00:00:00+00:00,160846107.669172913714916423000000000000000000,156245290.856397720532399581000000,0.5072547171480657,0.4927452828519343,0.50
2021-03-29T00:00:00+00:00,159690668.327921569418451123000000000000000000,152207191.061539199811306381000000,0.5119966794274113,0.48800332057258866,0.50
2021-03-28T00:00:00+00:00,160837298.020599813296625123000000000000000000,171481406.421334806209159481000000,0.4839850898272342,0.5160149101727658,0.50
2021-03-27T00:00:00+00:00,152219525.723462721280774313000000000000000000,166883785.206337735595709663000000,0.4770227086642467,0.5229772913357533,0.50
2021-03-26T00:00:00+00:00,153666673.505354310496415913000000000000000000,152183619.407297714117213063000000,0.5024244771583072,0.49757552284169276,0.50
2021-03-25T00:00:00+00:00,154532529.321246008459123713000000000000000000,152703340.614086414331862863000000,0.502976847572428,0.497023152427572,0.50
2021-03-24T00:00:00+00:00,158544353.616256706521068113000000000000000000,153444441.932664100237280963000000,0.508173228904935,0.49182677109506495,0.50
2021-03-23T00:00:00+00:00,178170737.915700653070886613000000000000000000,173659729.423487444743866563000000,0.5064107701165407,0.4935892298834593,0.50
2021-03-22T00:00:00+00:00,180243565.406046481156560613000000000000000000,182198347.559565276306883663000000,0.49730331663696925,0.5026966833630307,0.50
2021-03-21T00:00:00+00:00,174316858.477956050048063213000000000000000000,173244133.612573303738001163000000,0.5015432181542159,0.4984567818457842,0.50
2021-03-20T00:00:00+00:00,179560453.403524660168141413000000000000000000,197189638.152994507131905763000000,0.4766036092033369,0.5233963907966631,0.50
2021-03-19T00:00:00+00:00,174521684.117804952105967213000000000000000000,191998906.769883182936912363000000,0.4761579252481428,0.5238420747518572,0.50
2021-03-18T00:00:00+00:00,164357142.301248618778613913000000000000000000,177397618.620991663952267563000000,0.4809212953104841,0.5190787046895159,0.50
2021-03-17T00:00:00+00:00,161369647.055491426099948913000000000000000000,174439863.880592922030074963000000,0.4805392396590143,0.5194607603409856,0.50
2021-03-16T00:00:00+00:00,146228693.790565681581358713000000000000000000,166988891.323794804812603663000000,0.46685978291153535,0.5331402170884647,0.50
2021-03-15T00:00:00+00:00,145068472.591272011830189613000000000000000000,165317482.966242493486433663000000,0.46738091718969815,0.5326190828103019,0.50
2021-03-14T00:00:00+00:00,139633998.064793920671387813000000000000000000,154200407.850186736496808863000000,0.475213233215433,0.5247867667845669,0.50
2021-03-13T00:00:00+00:00,137748362.151880729538953812000000000000000000,144539255.632335942072590463000000,0.4879716766648153,0.5120283233351848,0.50
2021-03-12T00:00:00+00:00,138621022.734684783095998912000000000000000000,147141263.908074452358221563000000,0.48509208252514946,0.5149079174748505,0.50
2021-03-11T00:00:00+00:00,139219344.263308649051847135000000000000000000,135654238.176820774760712759000000,0.5064849922186764,0.4935150077813236,0.50
2021-03-10T00:00:00+00:00,140605074.954978755497770635000000000000000000,143068069.990760526987099600000000,0.49565874479191024,0.5043412552080897,0.50
2021-03-09T00:00:00+00:00,135980570.925098435608774435000000000000000000,139040622.408944668989386400000000,0.49443669877446594,0.5055633012255341,0.50
2021-03-08T00:00:00+00:00,116420591.118469137935014340000000000000000000,126665993.200854066411536315000000,0.47892643456430656,0.5210735654356934,0.50
2021-03-07T00:00:00+00:00,89852361.040141688163680440000000000000000000,96501098.658698214386256428000000,0.4821609493343956,0.5178390506656043,0.50
2021-03-06T00:00:00+00:00,103117340.315851537201420464000000000000000000,96196250.967225237699186973000000,0.5173623115816436,0.48263768841835636,0.50
2021-03-05T00:00:00+00:00,96088637.082049102553911764000000000000000000,110691421.924137641489689073000000,0.46469005543312175,0.5353099445668783,0.50
2021-03-04T00:00:00+00:00,97657454.27462523756984616300,107164371.983525082616666234000000,0.4767922250216692,0.5232077749783308,0.50
2021-03-03T00:00:00+00:00,82259307.49000334688925490700,93568037.923904654995582350000000,0.46784137755341787,0.5321586224465822,0.50
2021-03-02T00:00:00+00:00,492921.95383558952009170000,508389.7923294855560184,0.49227621240181374,0.5077237875981863,0.50
