time,lusd,crv,lusd_p,crv_p,ideal
2022-08-10T00:00:00+00:00,5422131.800234126552330532000000000000000000,46624706.386717387128058994000000000000000000,0.10417792874867643,0.8958220712513235,0.5
2022-08-09T00:00:00+00:00,4942324.949140964630296032000000000000000000,47110340.519254863503228294000000000000000000,0.09494854691239077,0.9050514530876093,0.5
2022-08-08T00:00:00+00:00,4004028.705792481686322632000000000000000000,50866797.925398890804439694000000000000000000,0.07297190422708864,0.9270280957729113,0.5
2022-08-07T00:00:00+00:00,5364364.464677252824336932000000000000000000,49485540.540170476787030994000000000000000000,0.09780079772614265,0.9021992022738573,0.5
2022-08-06T00:00:00+00:00,5903119.790130425093791532000000000000000000,48945486.055315063567098475000000000000000000,0.10762570350036724,0.8923742964996327,0.5
2022-08-05T00:00:00+00:00,6311166.931323562527633032000000000000000000,48553933.496860239977542275000000000000000000,0.11503062752221925,0.8849693724777807,0.5
2022-08-04T00:00:00+00:00,5903131.901104042284771532000000000000000000,49952620.208473475643830475000000000000000000,0.10568529968987454,0.8943147003101255,0.5
2022-08-03T00:00:00+00:00,5988988.343725942724549832000000000000000000,50249972.407579134067715475000000000000000000,0.10649180325735239,0.8935081967426476,0.5
2022-08-02T00:00:00+00:00,5895020.229385109497321832000000000000000000,50835722.951442123012183775000000000000000000,0.10391226870754966,0.8960877312924503,0.5
2022-08-01T00:00:00+00:00,5238675.284000507608975932000000000000000000,51500015.350326893254435075000000000000000000,0.09232985861029129,0.9076701413897087,0.5
2022-07-31T00:00:00+00:00,5239374.760553992155341332000000000000000000,51695822.733976048161472975000000000000000000,0.0920234756550613,0.9079765243449387,0.5
2022-07-30T00:00:00+00:00,5222778.281778762436261279000000000000000000,51759577.462021159715152197000000000000000000,0.09165606113690793,0.9083439388630921,0.5
2022-07-29T00:00:00+00:00,5241021.394554348800335367000000000000000000,50559642.797656343421870297000000000000000000,0.09392399661231902,0.906076003387681,0.5
2022-07-28T00:00:00+00:00,4383019.143694366935218967000000000000000000,51374503.731363189186556497000000000000000000,0.07860857006714438,0.9213914299328556,0.5
2022-07-27T00:00:00+00:00,4712329.498478972712411467000000000000000000,52509906.792467813312308497000000000000000000,0.08235136904680038,0.9176486309531996,0.5
2022-07-26T00:00:00+00:00,5542245.110193897584969967000000000000000000,51684754.842233436383220197000000000000000000,0.09684668276864335,0.9031533172313566,0.5
2022-07-25T00:00:00+00:00,5407418.566922654224004767000000000000000000,51839144.602722377228709697000000000000000000,0.09445839658353387,0.9055416034164662,0.5
2022-07-24T00:00:00+00:00,5363376.035444605099219091000000000000000000,51899246.790504650765460028000000000000000000,0.09366277286576062,0.9063372271342394,0.5
2022-07-23T00:00:00+00:00,6047496.927401403451485491000000000000000000,51294648.817915143560447328000000000000000000,0.10546338733575097,0.894536612664249,0.5
2022-07-22T00:00:00+00:00,6148447.421972119794772291000000000000000000,50436192.395256115141448728000000000000000000,0.10865930121375646,0.8913406987862436,0.5
2022-07-21T00:00:00+00:00,6032706.032611067226023391000000000000000000,51054579.312475784759426128000000000000000000,0.10567512531282527,0.8943248746871747,0.5
2022-07-20T00:00:00+00:00,5603490.574501789810667991000000000000000000,51499022.221837628883388328000000000000000000,0.09813036765101875,0.9018696323489812,0.5
2022-07-19T00:00:00+00:00,5614484.421305491873530791000000000000000000,51485238.618724035879544828000000000000000000,0.09832769972228203,0.9016723002777179,0.5
2022-07-18T00:00:00+00:00,5748761.335720225875409091000000000000000000,51339921.519683668622254328000000000000000000,0.10069879086684971,0.8993012091331503,0.5
2022-07-17T00:00:00+00:00,5805364.625895836583809691000000000000000000,51282905.047441712178668528000000000000000000,0.10169102442786365,0.8983089755721363,0.5
2022-07-16T00:00:00+00:00,5613874.111982690526154291000000000000000000,51532724.921158220615050328000000000000000000,0.09823636414000854,0.9017636358599914,0.5
2022-07-15T00:00:00+00:00,5633745.930495583096749882000000000000000000,51512713.907830793778789727000000000000000000,0.09858433832006515,0.9014156616799348,0.5
2022-07-14T00:00:00+00:00,5473996.558557874984859182000000000000000000,51675057.622131270388718327000000000000000000,0.09578455211613207,0.9042154478838679,0.5
2022-07-13T00:00:00+00:00,5861687.808710282002859182000000000000000000,51243839.949661327619768327000000000000000000,0.1026465919991601,0.89735340800084,0.5
2022-07-12T00:00:00+00:00,5764386.674989440609844958000000000000000000,51334293.308319675734302037000000000000000000,0.10095481500928682,0.8990451849907132,0.5
2022-07-11T00:00:00+00:00,7230061.778940353286081958000000000000000000,49849650.269434412388063137000000000000000000,0.1266660520784147,0.8733339479215853,0.5
2022-07-10T00:00:00+00:00,6045835.985797686554475058000000000000000000,51029187.145650239683957737000000000000000000,0.10592787622483633,0.8940721237751637,0.5
2022-07-09T00:00:00+00:00,6023436.567612889575845458000000000000000000,51041099.313132350939328137000000000000000000,0.10555481569500196,0.8944451843049981,0.5
2022-07-08T00:00:00+00:00,5727825.914487445288201631000000000000000000,51192209.934708744324748431000000000000000000,0.10062934481739846,0.8993706551826015,0.5
2022-07-07T00:00:00+00:00,5587581.710352543721048998000000000000000000,51289059.741677433117924966000000000000000000,0.09824035962223852,0.9017596403777615,0.5
2022-07-06T00:00:00+00:00,6526983.049102956039832139000000000000000000,50347554.823397426765707661000000000000000000,0.11476107399298696,0.885238926007013,0.5
2022-07-05T00:00:00+00:00,6616856.314739647413860839000000000000000000,50244472.567378713409209861000000000000000000,0.11636830240913527,0.8836316975908647,0.5
2022-07-04T00:00:00+00:00,6795295.052646023444894339000000000000000000,50045340.009255806655137061000000000000000000,0.11954994952546999,0.8804500504745301,0.5
2022-07-03T00:00:00+00:00,7156097.476148509898350539000000000000000000,49684785.355794741575942661000000000000000000,0.12589701495851768,0.8741029850414823,0.5
2022-07-02T00:00:00+00:00,6726541.569966209155818839000000000000000000,50133390.531352967595287661000000000000000000,0.11830020405195225,0.8816997959480477,0.5
2022-07-01T00:00:00+00:00,6487884.789903048798550739000000000000000000,50370199.558675315340931061000000000000000000,0.11410663697580706,0.885893363024193,0.5
2022-06-30T00:00:00+00:00,5335784.505989742849506739000000000000000000,51523791.448780741083353961000000000000000000,0.09384144036237882,0.9061585596376212,0.5
2022-06-29T00:00:00+00:00,7648421.497087176561783739000000000000000000,49211577.073712815860987461000000000000000000,0.13451322000234736,0.8654867799976527,0.5
2022-06-28T00:00:00+00:00,7865774.466585945557619339000000000000000000,49948329.190808225146419361000000000000000000,0.13605286545993087,0.8639471345400691,0.5
2022-06-27T00:00:00+00:00,7292826.913123834843549239000000000000000000,50514979.288516363112014161000000000000000000,0.12615643789846695,0.873843562101533,0.5
2022-06-26T00:00:00+00:00,6913886.488994326761801339000000000000000000,50895824.480592566820059261000000000000000000,0.11959731977611257,0.8804026802238875,0.5
2022-06-25T00:00:00+00:00,6075553.031376081213676339000000000000000000,51738044.103978718903818361000000000000000000,0.10508865271178038,0.8949113472882196,0.5
2022-06-24T00:00:00+00:00,5684729.257969096222027414000000000000000000,52128597.266159428614273510000000000000000000,0.09832904625539168,0.9016709537446084,0.5
2022-06-23T00:00:00+00:00,7235910.341763439917751172000000000000000000,50909710.180828985093945225000000000000000000,0.12444463188679764,0.8755553681132023,0.5
2022-06-22T00:00:00+00:00,4023209.368337561267595744000000000000000000,53667264.653734721899876618000000000000000000,0.06973784557218732,0.9302621544278127,0.5
2022-06-21T00:00:00+00:00,6867633.578353441471187044000000000000000000,50809230.697558861020666718000000000000000000,0.11907085561205838,0.8809291443879417,0.5
2022-06-20T00:00:00+00:00,7238080.255672539867231219000000000000000000,50435602.969452559779131025000000000000000000,0.1255005723740447,0.8744994276259553,0.5
2022-06-19T00:00:00+00:00,7161444.259288779022110615000000000000000000,50517342.010613764652661242000000000000000000,0.1241608002251896,0.8758391997748104,0.5
2022-06-18T00:00:00+00:00,7247172.594165953456013515000000000000000000,50408215.914148805424447442000000000000000000,0.12569809659891207,0.8743019034010879,0.5
2022-06-17T00:00:00+00:00,8025411.107300410905344815000000000000000000,49866553.571415708840200942000000000000000000,0.13862737517787058,0.8613726248221294,0.5
2022-06-16T00:00:00+00:00,8134913.717603151487269915000000000000000000,49961993.119403426189634742000000000000000000,0.14002318127582952,0.8599768187241705,0.5
2022-06-15T00:00:00+00:00,6568320.350411071784863315000000000000000000,52085702.464380036537716342000000000000000000,0.11198414081761332,0.8880158591823867,0.5
2022-06-14T00:00:00+00:00,6474375.350115845104394715000000000000000000,52691704.708420156497111142000000000000000000,0.10942714717132548,0.8905728528286745,0.5
2022-06-13T00:00:00+00:00,6272034.816381492203850781000000000000000000,53993857.752953959676530268000000000000000000,0.10407271093123799,0.895927289068762,0.5
2022-06-12T00:00:00+00:00,10171467.290912594618600581000000000000000000,56258195.478156757414762568000000000000000000,0.15311634692880877,0.8468836530711912,0.5
2022-06-11T00:00:00+00:00,10988564.549245270960008181000000000000000000,55462978.093669536648181368000000000000000000,0.16536206854208965,0.8346379314579103,0.5
2022-06-10T00:00:00+00:00,14408758.404620641056366481000000000000000000,49090340.106700521843542868000000000000000000,0.22691280258178348,0.7730871974182165,0.5
2022-06-09T00:00:00+00:00,16298662.413398066237072681000000000000000000,46639383.631953660517413468000000000000000000,0.2589635909836416,0.7410364090163584,0.5
2022-06-08T00:00:00+00:00,16412946.712276234680799481000000000000000000,46537207.261690025105323168000000000000000000,0.2607292544362003,0.7392707455637997,0.5
2022-06-07T00:00:00+00:00,17181410.530850424654799481000000000000000000,45803120.154825325006333778000000000000000000,0.27278778366380535,0.7272122163361947,0.5
2022-06-06T00:00:00+00:00,22714368.933977850994073881000000000000000000,42836981.474501395867238578000000000000000000,0.3465126010743432,0.6534873989256569,0.5
2022-06-05T00:00:00+00:00,11503089.678790119665879881000000000000000000,53846992.242253476943720278000000000000000000,0.17602257473354402,0.823977425266456,0.5
2022-06-04T00:00:00+00:00,10184976.132343599977121781000000000000000000,55147716.615066250435681778000000000000000000,0.15589402034477431,0.8441059796552257,0.5
2022-06-03T00:00:00+00:00,11772586.659833194026036181000000000000000000,62130375.759421202828815178000000000000000000,0.15929789922421309,0.8407021007757869,0.5
2022-06-02T00:00:00+00:00,12368872.705059953194281281000000000000000000,61551669.488089543182732678000000000000000000,0.16732659607313086,0.8326734039268692,0.5
2022-06-01T00:00:00+00:00,11701792.052960957909749081000000000000000000,62210717.682260704602122578000000000000000000,0.15831950633093822,0.8416804936690618,0.5
2022-05-31T00:00:00+00:00,12500089.766370895296328581000000000000000000,61358425.974889754054991978000000000000000000,0.16924371740911914,0.8307562825908809,0.5
2022-05-30T00:00:00+00:00,14588933.318664044608653003000000000000000000,59323029.025729235100332078000000000000000000,0.1973825732117193,0.8026174267882807,0.5
2022-05-29T00:00:00+00:00,14282555.333359476121357103000000000000000000,61301217.272604995198157078000000000000000000,0.18896325019151544,0.8110367498084845,0.5
2022-05-28T00:00:00+00:00,15086804.399354383606482503000000000000000000,60541497.628703578707827778000000000000000000,0.19948622400324692,0.8005137759967531,0.5
2022-05-27T00:00:00+00:00,14721473.097642123929300303000000000000000000,60911354.560133569215736559000000000000000000,0.19464396021597946,0.8053560397840205,0.5
2022-05-26T00:00:00+00:00,15870270.288493963248170203000000000000000000,63768785.650505985643192059000000000000000000,0.19927747888736777,0.8007225211126322,0.5
2022-05-25T00:00:00+00:00,17612763.107468597234147203000000000000000000,63199969.169299522610360859000000000000000000,0.21794539809826327,0.7820546019017367,0.5
2022-05-24T00:00:00+00:00,17997133.826306076741780203000000000000000000,67441673.995387368067182259000000000000000000,0.21064355045619554,0.7893564495438045,0.5
2022-05-23T00:00:00+00:00,16323534.527607889529752003000000000000000000,65084373.192334369075689559000000000000000000,0.20051534285543565,0.7994846571445643,0.5
2022-05-22T00:00:00+00:00,16917408.474921797486981203000000000000000000,64675347.029651797254263959000000000000000000,0.20733959002001728,0.7926604099799828,0.5
2022-05-21T00:00:00+00:00,18840599.253578896712419603000000000000000000,62784731.484784482468939859000000000000000000,0.2308180448783644,0.7691819551216356,0.5
2022-05-20T00:00:00+00:00,20737519.108956714958405703000000000000000000,60863338.813599989014484559000000000000000000,0.2541335916913724,0.7458664083086276,0.5
2022-05-19T00:00:00+00:00,22236828.826024946283245803000000000000000000,63522885.345735466559702859000000000000000000,0.25929224509177823,0.7407077549082218,0.5
2022-05-18T00:00:00+00:00,23177902.684202971703505703000000000000000000,62436065.088145984156369559000000000000000000,0.2707257155261623,0.7292742844738377,0.5
2022-05-17T00:00:00+00:00,25896288.769412003120126603000000000000000000,60090085.842921659559943059000000000000000000,0.3011673522248664,0.6988326477751335,0.5
2022-05-16T00:00:00+00:00,28771625.304942226092844903000000000000000000,59505841.723417754000403159000000000000000000,0.3259226422491151,0.6740773577508848,0.5
2022-05-15T00:00:00+00:00,29008992.543291031215804003000000000000000000,62282673.549220619246932259000000000000000000,0.3177616729427895,0.6822383270572105,0.5
2022-05-14T00:00:00+00:00,28441051.008663817746432603000000000000000000,62816441.924252161775657359000000000000000000,0.3116571592600186,0.6883428407399814,0.5
2022-05-13T00:00:00+00:00,32242066.810790187226724403000000000000000000,59158424.977481616717917859000000000000000000,0.3527559445246593,0.6472440554753407,0.5
2022-05-12T00:00:00+00:00,39865140.652465732100461903000000000000000000,55024835.263552644274776159000000000000000000,0.42011962030370903,0.579880379696291,0.5
2022-05-11T00:00:00+00:00,65912029.733661632008981703000000000000000000,36198938.687550147677922459000000000000000000,0.645494120296381,0.3545058797036191,0.5
2022-05-10T00:00:00+00:00,60275018.166264843688981703000000000000000000,48393999.329016974629022059000000000000000000,0.5546660819757744,0.4453339180242256,0.5
2022-05-09T00:00:00+00:00,55114906.107832885014572703000000000000000000,51788961.799010507412993859000000000000000000,0.5155557716196042,0.4844442283803958,0.5
2022-05-08T00:00:00+00:00,47041968.279159640324679403000000000000000000,67543435.275009729983031959000000000000000000,0.41054066940490297,0.589459330595097,0.5
2022-05-07T00:00:00+00:00,48749424.696525694273664103000000000000000000,63377930.569966700275020459000000000000000000,0.4347683451612966,0.5652316548387034,0.5
2022-05-06T00:00:00+00:00,50923038.337792536395251803000000000000000000,57877508.825950012871383559000000000000000000,0.4680402779698748,0.5319597220301252,0.5
2022-05-05T00:00:00+00:00,49759850.653845977806711703000000000000000000,66414573.981650958906036559000000000000000000,0.4283201815715464,0.5716798184284536,0.5
2022-05-04T00:00:00+00:00,48277197.823421850795711703000000000000000000,67312143.013611727711960120000000000000000000,0.417661329961961,0.5823386700380391,0.5
2022-05-03T00:00:00+00:00,52101506.832563178338711703000000000000000000,65592190.397578694328501320000000000000000000,0.4426873151132494,0.5573126848867507,0.5
2022-05-02T00:00:00+00:00,49959575.628771712078890203000000000000000000,61092817.501960012296814220000000000000000000,0.44987392185199393,0.5501260781480061,0.5
2022-05-01T00:00:00+00:00,52342827.673581374091941503000000000000000000,59087869.307826364364216720000000000000000000,0.4697343648699855,0.5302656351300145,0.5
2022-04-30T00:00:00+00:00,49670907.066033504961000103000000000000000000,62153801.581699857615919920000000000000000000,0.44418543689217393,0.5558145631078261,0.5
2022-04-29T00:00:00+00:00,41942349.581680303696165103000000000000000000,71530225.829658942479839220000000000000000000,0.3696254308993945,0.6303745691006055,0.5
2022-04-28T00:00:00+00:00,41604541.524180464219165103000000000000000000,71626911.041032041940098420000000000000000000,0.36742919552515224,0.6325708044748478,0.5
2022-04-27T00:00:00+00:00,45195442.281069779221477303000000000000000000,67636486.395121796411789120000000000000000000,0.40055543507346225,0.5994445649265377,0.5
2022-04-26T00:00:00+00:00,46083773.471383768171177103000000000000000000,62718365.947410652361583820000000000000000000,0.4235557657005344,0.5764442342994656,0.5
2022-04-25T00:00:00+00:00,47553113.139704284430076103000000000000000000,57882331.345358364851063220000000000000000000,0.45101638611142075,0.5489836138885792,0.5
2022-04-24T00:00:00+00:00,44543314.018301136600076103000000000000000000,57907086.792365983108674620000000000000000000,0.43477930457899483,0.5652206954210052,0.5
2022-04-23T00:00:00+00:00,44510182.136526084698244603000000000000000000,57400675.947208695115597620000000000000000000,0.43675603339493435,0.5632439666050656,0.5
2022-04-22T00:00:00+00:00,44625066.293975947757304203000000000000000000,58025165.611649197567200020000000000000000000,0.43472932759668254,0.5652706724033174,0.5
2022-04-21T00:00:00+00:00,43769116.947069024828682503000000000000000000,58569318.526236385138179320000000000000000000,0.4276899167418485,0.5723100832581515,0.5
2022-04-20T00:00:00+00:00,38978844.789776042534197103000000000000000000,63273525.091488958371749620000000000000000000,0.38120236073783037,0.6187976392621696,0.5
2022-04-19T00:00:00+00:00,40330257.010130429389205203000000000000000000,61759698.150762456535449720000000000000000000,0.39504627998484565,0.6049537200151544,0.5
2022-04-18T00:00:00+00:00,37151973.611341147728054103000000000000000000,62897193.058006761290062520000000000000000000,0.3713371619988056,0.6286628380011944,0.5
2022-04-17T00:00:00+00:00,35543990.545935822791884321000000000000000000,64386319.354162172185866051000000000000000000,0.35568778463180734,0.6443122153681926,0.5
2022-04-16T00:00:00+00:00,34521458.231109209468960021000000000000000000,64477081.460985767754457651000000000000000000,0.34870674192243406,0.6512932580775659,0.5
2022-04-15T00:00:00+00:00,34628925.299379605890453521000000000000000000,64426096.491724309675115451000000000000000000,0.3495928290481646,0.6504071709518354,0.5
2022-04-14T00:00:00+00:00,35072397.809731463304451321000000000000000000,63956080.839349713204420051000000000000000000,0.3541647644009007,0.6458352355990993,0.5
2022-04-13T00:00:00+00:00,34591038.221758458258438721000000000000000000,65094859.027284620993117951000000000000000000,0.34700031976780454,0.6529996802321955,0.5
2022-04-12T00:00:00+00:00,34651247.017083770385438721000000000000000000,64903793.805313368873259951000000000000000000,0.348061200425807,0.651938799574193,0.5
2022-04-11T00:00:00+00:00,35157990.240890614964542721000000000000000000,64475943.969389733235239751000000000000000000,0.3528716447820744,0.6471283552179257,0.5
2022-04-10T00:00:00+00:00,32202765.843393191643259221000000000000000000,67806109.493119178990015151000000000000000000,0.3219990799320212,0.6780009200679787,0.5
2022-04-09T00:00:00+00:00,32296591.965030206341259221000000000000000000,67214549.897774269997084851000000000000000000,0.3245525210589721,0.675447478941028,0.5
2022-04-08T00:00:00+00:00,31870481.086557111911044821000000000000000000,67526973.149875769073854351000000000000000000,0.3206367942859787,0.6793632057140213,0.5
2022-04-07T00:00:00+00:00,35927930.119919859746044821000000000000000000,63622847.732881525182651251000000000000000000,0.36090054638291147,0.6390994536170885,0.5
2022-04-06T00:00:00+00:00,33078307.883379664159044821000000000000000000,66309871.826498990115226951000000000000000000,0.33281933505511074,0.6671806649448893,0.5
2022-04-05T00:00:00+00:00,32017022.599649493746924521000000000000000000,67295686.317223776303949151000000000000000000,0.3223859559248191,0.6776140440751809,0.5
2022-04-04T00:00:00+00:00,34802332.472643999556924521000000000000000000,64645223.181124848640006951000000000000000000,0.34995664040059354,0.6500433595994064,0.5
2022-04-03T00:00:00+00:00,36853181.363153287107924521000000000000000000,65467441.988799329278486051000000000000000000,0.3601735423013332,0.6398264576986668,0.5
2022-04-02T00:00:00+00:00,36697299.250987202093431068000000000000000000,65617747.212227568895205935000000000000000000,0.35866962406336733,0.6413303759366327,0.5
2022-04-01T00:00:00+00:00,31471555.737147144702735768000000000000000000,70745537.074828457926196435000000000000000000,0.3078893644044236,0.6921106355955764,0.5
2022-03-31T00:00:00+00:00,29356201.863198970632021768000000000000000000,63040322.319445451717036635000000000000000000,0.3177197640591894,0.6822802359408107,0.5
2022-03-30T00:00:00+00:00,32116847.528787716306919968000000000000000000,86876579.396771534517176135000000000000000000,0.26990438344867235,0.7300956165513277,0.5
2022-03-29T00:00:00+00:00,31813860.469172230847928268000000000000000000,87382005.692733947267230935000000000000000000,0.26690405878639123,0.7330959412136088,0.5
2022-03-28T00:00:00+00:00,31150416.566628876346928268000000000000000000,88033275.091229376825097135000000000000000000,0.26136475664852427,0.7386352433514757,0.5
2022-03-27T00:00:00+00:00,30471089.459678998382291473000000000000000000,88669636.912898879319845035000000000000000000,0.2557571234238538,0.7442428765761462,0.5
2022-03-26T00:00:00+00:00,27232524.272805888387291473000000000000000000,91861085.022058024416766735000000000000000000,0.2286648665200907,0.7713351334799093,0.5
2022-03-25T00:00:00+00:00,27200608.439848545060093873000000000000000000,91893292.242296327452816835000000000000000000,0.22839631823333661,0.7716036817666634,0.5
2022-03-24T00:00:00+00:00,26422131.640373056372695273000000000000000000,92175083.827194778967935335000000000000000000,0.22278880272360677,0.7772111972763932,0.5
2022-03-23T00:00:00+00:00,31378214.265184896534503073000000000000000000,87227566.062782208384904335000000000000000000,0.26455889568297836,0.7354411043170216,0.5
2022-03-22T00:00:00+00:00,31499154.565512522629068541000000000000000000,87133974.536462290512883897000000000000000000,0.2655173542496417,0.7344826457503583,0.5
2022-03-21T00:00:00+00:00,32333353.988515074953058041000000000000000000,87262768.183617415626624297000000000000000000,0.270354534923618,0.7296454650763821,0.5
2022-03-20T00:00:00+00:00,38023343.828072001990465041000000000000000000,81522642.092436421507748497000000000000000000,0.3180645802139727,0.6819354197860273,0.5
2022-03-19T00:00:00+00:00,36488256.833669409807465041000000000000000000,83136094.275903992564061697000000000000000000,0.3050236552610173,0.6949763447389827,0.5
2022-03-18T00:00:00+00:00,35862195.493215291473170941000000000000000000,83651436.560661014364006597000000000000000000,0.3000678238700732,0.6999321761299268,0.5
2022-03-17T00:00:00+00:00,29775113.428567994907282441000000000000000000,90570084.106361827347878897000000000000000000,0.24741422207500935,0.7525857779249906,0.5
2022-03-16T00:00:00+00:00,29795479.039448354774821141000000000000000000,90575178.766771714408353297000000000000000000,0.24753108093348555,0.7524689190665145,0.5
2022-03-15T00:00:00+00:00,32323000.092231224458642341000000000000000000,88338884.577586043774937255000000000000000000,0.26788078257422243,0.7321192174257776,0.5
2022-03-14T00:00:00+00:00,31754330.133543144390642341000000000000000000,88945123.374269879541548555000000000000000000,0.2630859478704073,0.7369140521295927,0.5
2022-03-13T00:00:00+00:00,33138822.173595016778405541000000000000000000,87622394.501957679273205455000000000000000000,0.27441610051535487,0.7255838994846452,0.5
2022-03-12T00:00:00+00:00,34115148.759684615079910841000000000000000000,87270841.763238465473698555000000000000000000,0.28104683755282417,0.7189531624471759,0.5
2022-03-11T00:00:00+00:00,33574721.390414512160150441000000000000000000,88056290.777391203329189155000000000000000000,0.2760375071457421,0.723962492854258,0.5
2022-03-10T00:00:00+00:00,44559525.748518692156833941000000000000000000,76814601.259825443063101955000000000000000000,0.36712540676362887,0.6328745932363712,0.5
2022-03-09T00:00:00+00:00,31540608.824138392314176912000000000000000000,89645000.237377067235712755000000000000000000,0.2602669497508401,0.7397330502491599,0.5
2022-03-08T00:00:00+00:00,17821685.845619700884085012000000000000000000,103319210.773283694872220155000000000000000000,0.14711535363391656,0.8528846463660834,0.5
2022-03-07T00:00:00+00:00,19542761.842763835706085012000000000000000000,102123056.044343863620881755000000000000000000,0.1606265603778486,0.8393734396221514,0.5
2022-03-06T00:00:00+00:00,19480938.151197186788395989000000000000000000,102867706.268191294962881755000000000000000000,0.15922479765627923,0.8407752023437208,0.5
2022-03-05T00:00:00+00:00,20306594.777178115735997389000000000000000000,102176492.982795111491788955000000000000000000,0.16579100958797183,0.8342089904120282,0.5
2022-03-04T00:00:00+00:00,19961284.776155491159645089000000000000000000,102665522.481054085632747255000000000000000000,0.16278075913928608,0.8372192408607139,0.5
2022-03-03T00:00:00+00:00,25619074.018868746644734789000000000000000000,97086596.419294562763225255000000000000000000,0.208784760536224,0.791215239463776,0.5
2022-03-02T00:00:00+00:00,28318977.309794232426418631000000000000000000,94599757.571331614078808655000000000000000000,0.23038780326840647,0.7696121967315935,0.5
2022-03-01T00:00:00+00:00,27528525.544679738862754631000000000000000000,95395142.503690819230110755000000000000000000,0.22394812961363342,0.7760518703863666,0.5
2022-02-28T00:00:00+00:00,19946611.781630703791376331000000000000000000,101923357.733616318962355655000000000000000000,0.16367126258397238,0.8363287374160276,0.5
2022-02-27T00:00:00+00:00,20117696.573891543486591236000000000000000000,101760001.097350270901468755000000000000000000,0.1650646259183357,0.8349353740816643,0.5
2022-02-26T00:00:00+00:00,21314473.243372153924674336000000000000000000,100587456.694907982469493555000000000000000000,0.17484935024542952,0.8251506497545705,0.5
2022-02-25T00:00:00+00:00,17327221.383311347878012236000000000000000000,107493307.898892181381667855000000000000000000,0.13881707987423028,0.8611829201257697,0.5
2022-02-24T00:00:00+00:00,16573342.733796620144031136000000000000000000,108488620.011755326464960555000000000000000000,0.13252105092510297,0.867478949074897,0.5
2022-02-23T00:00:00+00:00,31760624.414321169235073311000000000000000000,93480496.333434454809647455000000000000000000,0.2535958176092123,0.7464041823907877,0.5
2022-02-22T00:00:00+00:00,18972998.753000561170595011000000000000000000,106103727.711041144676719855000000000000000000,0.15169088038497,0.84830911961503,0.5
2022-02-21T00:00:00+00:00,18788214.664344311165658311000000000000000000,106355225.201334759841500338000000000000000000,0.1501334363551967,0.8498665636448033,0.5
2022-02-20T00:00:00+00:00,20913697.440224381101131580000000000000000000,104353714.443125615673378538000000000000000000,0.16695241903536237,0.8330475809646376,0.5
2022-02-19T00:00:00+00:00,22242492.501426610408286380000000000000000000,103073060.486499728534289238000000000000000000,0.1774918752787979,0.8225081247212022,0.5
2022-02-18T00:00:00+00:00,21607306.366022796150286380000000000000000000,93352889.044895119495346438000000000000000000,0.18795467673649,0.81204532326351,0.5
2022-02-17T00:00:00+00:00,19570708.413089539820470980000000000000000000,94745697.953875584526609838000000000000000000,0.17119772248845844,0.8288022775115416,0.5
2022-02-16T00:00:00+00:00,28308298.981926018262603790000000000000000000,86228605.136990165182266238000000000000000000,0.24715439272337378,0.7528456072766262,0.5
2022-02-15T00:00:00+00:00,35096900.680256719070945790000000000000000000,79289413.027226199779440538000000000000000000,0.306827797336044,0.693172202663956,0.5
2022-02-14T00:00:00+00:00,22021928.902249454887002990000000000000000000,94831474.671373842796443238000000000000000000,0.18845774473633176,0.8115422552636683,0.5
2022-02-13T00:00:00+00:00,21472691.928145050556146890000000000000000000,95396647.774260739878712638000000000000000000,0.18373246552793718,0.8162675344720628,0.5
2022-02-12T00:00:00+00:00,22288948.089663192298130309000000000000000000,94518019.845426239621771162000000000000000000,0.19081865135005763,0.8091813486499424,0.5
2022-02-11T00:00:00+00:00,23312838.533898902215059109000000000000000000,93640256.887576004900721862000000000000000000,0.19933494235346425,0.8006650576465357,0.5
2022-02-10T00:00:00+00:00,23142790.421956866732360609000000000000000000,93810576.534659757555872562000000000000000000,0.19788049736560034,0.8021195026343997,0.5
2022-02-09T00:00:00+00:00,25448957.932625362564296209000000000000000000,91547848.045232122249781862000000000000000000,0.21751839907015724,0.7824816009298428,0.5
2022-02-08T00:00:00+00:00,28750162.095080775131557509000000000000000000,88357477.667736577909266862000000000000000000,0.24550201979400826,0.7544979802059917,0.5
2022-02-07T00:00:00+00:00,20544503.714148074122557509000000000000000000,97906609.107469446943908462000000000000000000,0.17344289323045237,0.8265571067695476,0.5
2022-02-06T00:00:00+00:00,23700187.171842489984013109000000000000000000,96760630.523937001686814280000000000000000000,0.19674602601234756,0.8032539739876524,0.5
2022-02-05T00:00:00+00:00,25376631.572843498779081943000000000000000000,95213425.130454914536720992000000000000000000,0.21043718086376345,0.7895628191362365,0.5
2022-02-04T00:00:00+00:00,22401838.967759382079704143000000000000000000,96525968.236845104285535592000000000000000000,0.18836502155647294,0.811634978443527,0.5
2022-02-03T00:00:00+00:00,19892540.535847793695135843000000000000000000,99401332.914237162982496392000000000000000000,0.16675240698065896,0.833247593019341,0.5
2022-02-02T00:00:00+00:00,17404094.397953824789135843000000000000000000,106684695.668207281605812392000000000000000000,0.14025517042010313,0.8597448295798968,0.5
2022-02-01T00:00:00+00:00,20889874.509199240408797143000000000000000000,103271119.256912382114081392000000000000000000,0.168248286966441,0.831751713033559,0.5
2022-01-31T00:00:00+00:00,19880432.631712564763528143000000000000000000,104285163.254496126863633492000000000000000000,0.1601122475982151,0.8398877524017849,0.5
2022-01-30T00:00:00+00:00,24210519.888164557839528143000000000000000000,138915825.684887234028040692000000000000000000,0.14841575591676895,0.8515842440832311,0.5
2022-01-29T00:00:00+00:00,23780361.269444718189970443000000000000000000,139384556.520680017559876392000000000000000000,0.145744327834203,0.854255672165797,0.5
2022-01-28T00:00:00+00:00,24812242.567985141533222243000000000000000000,138319723.603144305095841992000000000000000000,0.1520992062460431,0.8479007937539569,0.5
2022-01-27T00:00:00+00:00,16358979.310913302388968943000000000000000000,125413449.708616325381456392000000000000000000,0.115389003518165,0.8846109964818349,0.5
2022-01-26T00:00:00+00:00,21611062.185574623768335143000000000000000000,118532929.467525579000513292000000000000000000,0.1542061270744214,0.8457938729255786,0.5
2022-01-25T00:00:00+00:00,17274398.433444438686647343000000000000000000,121755100.385518783559850992000000000000000000,0.1242498791996527,0.8757501208003473,0.5
2022-01-24T00:00:00+00:00,18861206.185312706062092443000000000000000000,120520260.110228903737508892000000000000000000,0.13532076169524426,0.8646792383047558,0.5
2022-01-23T00:00:00+00:00,20659634.103364743259652443000000000000000000,126062717.450885518150446892000000000000000000,0.1408076812054494,0.8591923187945506,0.5
2022-01-22T00:00:00+00:00,19662012.713637780992957243000000000000000000,135381768.914562347470292692000000000000000000,0.12681587424633325,0.8731841257536668,0.5
2022-01-21T00:00:00+00:00,16275979.458422098572392491000000000000000000,142372889.234240710306490193000000000000000000,0.1025912103410721,0.8974087896589279,0.5
2022-01-20T00:00:00+00:00,78985629.357674919773606891000000000000000000,78704090.298708178721329793000000000000000000,0.5008926994720398,0.4991073005279601,0.5
2022-01-19T00:00:00+00:00,76474448.849357284521279891000000000000000000,87698777.457033365798575593000000000000000000,0.46581559350387464,0.5341844064961254,0.5
2022-01-18T00:00:00+00:00,71645887.011835952718694191000000000000000000,95776209.436424930561750093000000000000000000,0.4279356699727922,0.5720643300272078,0.5
2022-01-17T00:00:00+00:00,80196586.470684528407694191000000000000000000,92170336.576085398671750093000000000000000000,0.4652666825695092,0.5347333174304908,0.5
2022-01-16T00:00:00+00:00,86581359.851420100732881591000000000000000000,91601766.485228638708053293000000000000000000,0.4859122276698544,0.5140877723301456,0.5
2022-01-15T00:00:00+00:00,97601247.243449616449331491000000000000000000,89239899.534302587404093293000000000000000000,0.5223755523163558,0.47762444768364415,0.5
2022-01-14T00:00:00+00:00,80861895.964048315628331491000000000000000000,108697738.331826671673599300000000000000000000,0.42657761112703285,0.5734223888729671,0.5
2022-01-13T00:00:00+00:00,77036852.662607218859331491000000000000000000,112388218.769958337174599300000000000000000000,0.40668773188258756,0.5933122681174124,0.5
2022-01-12T00:00:00+00:00,86481810.411750979427183391000000000000000000,108634635.195847208542748600000000000000000000,0.44323178470397073,0.5567682152960293,0.5
2022-01-11T00:00:00+00:00,88870842.917842017012882991000000000000000000,105021013.855241128592276900000000000000000000,0.4583526322193611,0.5416473677806389,0.5
2022-01-10T00:00:00+00:00,77319747.063019132447882991000000000000000000,115867210.860844833000995000000000000000000000,0.4002327480796673,0.5997672519203328,0.5
2022-01-09T00:00:00+00:00,94404516.299173470251882991000000000000000000,98827439.015378836774995000000000000000000000,0.48855540557718435,0.5114445944228156,0.5
2022-01-08T00:00:00+00:00,92269957.626695319424277091000000000000000000,93929940.208186376779466900000000000000000000,0.49554247182519107,0.5044575281748089,0.5
2022-01-07T00:00:00+00:00,95453822.300218704411130091000000000000000000,88230140.572688447636121200000000000000000000,0.5196633435345915,0.48033665646540846,0.5
2022-01-06T00:00:00+00:00,93639511.479897392731730791000000000000000000,88657847.364447446294082700000000000000000000,0.5136635663484943,0.48633643365150575,0.5
2022-01-05T00:00:00+00:00,90654751.617451556455012691000000000000000000,92306254.561330941696994500000000000000000000,0.4954867351837101,0.5045132648162899,0.5
2022-01-04T00:00:00+00:00,92330837.599088019970940291000000000000000000,85764920.256536968598064300000000000000000000,0.5184336713619921,0.48156632863800786,0.5
2022-01-03T00:00:00+00:00,80791506.379220790801940291000000000000000000,78078029.489716163077001100000000000000000000,0.5085399534739724,0.4914600465260276,0.5
2022-01-02T00:00:00+00:00,79995078.451291686254132591000000000000000000,65429531.652380421315116100000000000000000000,0.5500793737336741,0.4499206262663259,0.5
2022-01-01T00:00:00+00:00,61394182.246726843435526491000000000000000000,66727210.105624627415342100000000000000000000,0.47918759794527044,0.5208124020547296,0.5
2021-12-31T00:00:00+00:00,74760205.646194400094948491000000000000000000,43886374.527219345853509400000000000000000000,0.6301083902875662,0.36989160971243384,0.5
2021-12-30T00:00:00+00:00,74438364.874990907680901591000000000000000000,40489311.418280782804621300000000000000000000,0.6476974674493512,0.35230253255064886,0.5
2021-12-29T00:00:00+00:00,75844929.843014386874463591000000000000000000,39039952.927441743209304600000000000000000000,0.6601819840348805,0.3398180159651195,0.5
2021-12-28T00:00:00+00:00,67159002.170031670265049491000000000000000000,47837688.524364128468919400000000000000000000,0.5840081289687458,0.41599187103125423,0.5
2021-12-27T00:00:00+00:00,65416160.686543866669026791000000000000000000,53453751.513369657168644600000000000000000000,0.5503172289429138,0.44968277105708626,0.5
2021-12-26T00:00:00+00:00,65370625.875605232628957091000000000000000000,55186420.579189375695402100000000000000000000,0.5422381171233929,0.45776188287660713,0.5
2021-12-25T00:00:00+00:00,81605450.134030514425439091000000000000000000,41456017.331243010391347300000000000000000000,0.6631275558050581,0.3368724441949419,0.5
2021-12-24T00:00:00+00:00,85159597.716775393588889691000000000000000000,37989786.591624132938499200000000000000000000,0.6915146039505372,0.30848539604946285,0.5
2021-12-23T00:00:00+00:00,86432901.815311448923244991000000000000000000,36839889.847636137895583500000000000000000000,0.7011514921446433,0.29884850785535666,0.5
2021-12-22T00:00:00+00:00,59182021.383410112212402791000000000000000000,59618311.444901749042186400000000000000000000,0.49816376751182107,0.501836232488179,0.5
2021-12-21T00:00:00+00:00,43471895.954164353719285491000000000000000000,75048515.364682647159914700000000000000000000,0.36678826432026984,0.6332117356797302,0.5
2021-12-20T00:00:00+00:00,44140311.798317555111249391000000000000000000,71051489.301645738462364900000000000000000000,0.3831897008018188,0.6168102991981812,0.5
2021-12-19T00:00:00+00:00,41041738.349466394772702891000000000000000000,74021121.153721890322257100000000000000000000,0.3566897131417907,0.6433102868582093,0.5
2021-12-18T00:00:00+00:00,39853159.316605825186358091000000000000000000,74597455.056947071793326700000000000000000000,0.34821271632959483,0.6517872836704052,0.5
2021-12-17T00:00:00+00:00,28646982.310058343913160691000000000000000000,82842842.091923701515266188000000000000000000,0.2569470573993393,0.7430529426006607,0.5
2021-12-16T00:00:00+00:00,28415748.657989068751247591000000000000000000,75458410.116821084501856963000000000000000000,0.2735593625320409,0.7264406374679591,0.5
2021-12-15T00:00:00+00:00,39338368.215743966281200391000000000000000000,60185763.279931449796921447000000000000000000,0.3952646220022862,0.6047353779977138,0.5
2021-12-14T00:00:00+00:00,41768993.068949577319454691000000000000000000,55777463.580628436537263347000000000000000000,0.4281959027891586,0.5718040972108415,0.5
2021-12-13T00:00:00+00:00,40952703.455487068321647991000000000000000000,56979700.549297429093531347000000000000000000,0.4181731661921249,0.581826833807875,0.5
2021-12-12T00:00:00+00:00,43537915.611466289497779291000000000000000000,54581229.057118712716724647000000000000000000,0.44372498107809033,0.5562750189219097,0.5
2021-12-11T00:00:00+00:00,39152480.575809502721779291000000000000000000,60197108.678790053360686806000000000000000000,0.39408799643323006,0.6059120035667699,0.5
2021-12-10T00:00:00+00:00,45051668.842047463667258091000000000000000000,53755373.014248535372891306000000000000000000,0.45595605328990796,0.544043946710092,0.5
2021-12-09T00:00:00+00:00,45387445.718829342179315891000000000000000000,54976406.336859135599200706000000000000000000,0.45222901262942156,0.5477709873705784,0.5
2021-12-08T00:00:00+00:00,43243505.450151984989560991000000000000000000,57532937.765799501528670737000000000000000000,0.4291033109541928,0.5708966890458071,0.5
2021-12-07T00:00:00+00:00,38105491.748741076717078791000000000000000000,62875354.341427906146977525000000000000000000,0.3773536588781944,0.6226463411218056,0.5
2021-12-06T00:00:00+00:00,41875934.947140935885022591000000000000000000,59064545.630448455083834725000000000000000000,0.4148576934399711,0.5851423065600289,0.5
2021-12-05T00:00:00+00:00,38805622.951293895215191791000000000000000000,62111595.393188508838526184000000000000000000,0.3845292566312156,0.6154707433687844,0.5
2021-12-04T00:00:00+00:00,50406358.770643282398592091000000000000000000,50612540.217835666992655784000000000000000000,0.4989794907227414,0.5010205092772586,0.5
2021-12-03T00:00:00+00:00,47056571.137543797497080991000000000000000000,53994394.236417537958979584000000000000000000,0.46567166343637195,0.5343283365636281,0.5
2021-12-02T00:00:00+00:00,51188927.988996604105037091000000000000000000,51609771.539977649739879584000000000000000000,0.4979530696744737,0.5020469303255263,0.5
2021-12-01T00:00:00+00:00,48996678.165648516209781991000000000000000000,53651580.248585685101788784000000000000000000,0.4773259568411164,0.5226740431588837,0.5
2021-11-30T00:00:00+00:00,45762047.588001330597849391000000000000000000,56826055.497019663091966784000000000000000000,0.4460755800316879,0.5539244199683121,0.5
2021-11-29T00:00:00+00:00,50364397.171363147755849391000000000000000000,52420012.073880990784452684000000000000000000,0.4900003564859086,0.5099996435140914,0.5
2021-11-28T00:00:00+00:00,52099691.282468759420339991000000000000000000,50715311.258542258899995484000000000000000000,0.5067323833570606,0.49326761664293933,0.5
2021-11-27T00:00:00+00:00,45238048.698292473122339991000000000000000000,57480348.809077108240003384000000000000000000,0.44040843506195515,0.5595915649380448,0.5
2021-11-26T00:00:00+00:00,49419836.158526302650247791000000000000000000,51380605.464302954281165584000000000000000000,0.49027400438822794,0.5097259956117721,0.5
2021-11-25T00:00:00+00:00,48920308.626962357493412791000000000000000000,51868377.938176922017307284000000000000000000,0.4853749988630458,0.5146250011369542,0.5
2021-11-24T00:00:00+00:00,50629647.649048072189812791000000000000000000,50493614.905622217926343684000000000000000000,0.5006726085570682,0.4993273914429318,0.5
2021-11-23T00:00:00+00:00,51022809.902584996252358591000000000000000000,49789659.076732074529109284000000000000000000,0.5061160630145162,0.49388393698548383,0.5
2021-11-22T00:00:00+00:00,44026542.693332302323358591000000000000000000,62974998.199488024428103484000000000000000000,0.41145709048650186,0.5885429095134982,0.5
2021-11-21T00:00:00+00:00,54087369.376287420701358591000000000000000000,63580415.991539795208164584000000000000000000,0.45966165851776125,0.5403383414822387,0.5
2021-11-20T00:00:00+00:00,56903645.028472961706358591000000000000000000,61043206.992479036573212541000000000000000000,0.4824515792788148,0.5175484207211852,0.5
2021-11-19T00:00:00+00:00,56507225.928446440459152591000000000000000000,61754267.185031352050988441000000000000000000,0.4778159351854702,0.5221840648145297,0.5
2021-11-18T00:00:00+00:00,56442597.944902801698832291000000000000000000,57944840.488431363383767241000000000000000000,0.49343353359379544,0.5065664664062045,0.5
2021-11-17T00:00:00+00:00,54158886.362988219733832291000000000000000000,63382814.693193789688783041000000000000000000,0.46076316640254866,0.5392368335974513,0.5
2021-11-16T00:00:00+00:00,59546912.642280843660832291000000000000000000,60320835.457667813163605441000000000000000000,0.4967717637660897,0.5032282362339103,0.5
2021-11-15T00:00:00+00:00,54869758.212563797649059291000000000000000000,62601932.584655038272755797000000000000000000,0.46708920115298835,0.5329107988470116,0.5
2021-11-14T00:00:00+00:00,58104374.201737299709064391000000000000000000,59180143.738802290418691397000000000000000000,0.4954138467891799,0.5045861532108201,0.5
2021-11-13T00:00:00+00:00,62062229.782414919718902591000000000000000000,55261207.089180418200209626000000000000000000,0.5289840754523663,0.47101592454763375,0.5
2021-11-12T00:00:00+00:00,60379734.128610289911893791000000000000000000,58871722.499412235473844326000000000000000000,0.5063228226800699,0.49367717731993016,0.5
2021-11-11T00:00:00+00:00,61407271.506017210506640905000000000000000000,52880790.191691283479713214000000000000000000,0.5373025895603971,0.4626974104396029,0.5
2021-11-10T00:00:00+00:00,60003984.778680040171640905000000000000000000,46134588.689793032181967608000000000000000000,0.5653362657686685,0.4346637342313315,0.5
2021-11-09T00:00:00+00:00,53437461.586426520541654305000000000000000000,52644223.698251481868504908000000000000000000,0.5037388069676981,0.4962611930323018,0.5
2021-11-08T00:00:00+00:00,55533728.832225312550654305000000000000000000,50995790.514591552593735508000000000000000000,0.521298971146486,0.47870102885351395,0.5
2021-11-07T00:00:00+00:00,67649161.833174860374498505000000000000000000,36375803.806423912698983008000000000000000000,0.6503165986860285,0.34968340131397146,0.5
2021-11-06T00:00:00+00:00,60169267.541624433528594005000000000000000000,44813053.390605323406182408000000000000000000,0.5731371435431122,0.4268628564568879,0.5
2021-11-05T00:00:00+00:00,67951861.606485756192791005000000000000000000,37096269.331809980367313508000000000000000000,0.6468640707791368,0.3531359292208633,0.5
2021-11-04T00:00:00+00:00,69479256.629786784072184305000000000000000000,35626034.781216539608135208000000000000000000,0.6610443270462508,0.3389556729537491,0.5
2021-11-03T00:00:00+00:00,68037893.849243548418367805000000000000000000,30242058.967494563135428008000000000000000000,0.692286594562304,0.30771340543769593,0.5
2021-11-02T00:00:00+00:00,68740807.110351956111615405000000000000000000,29587588.829345386433885608000000000000000000,0.6990941574243639,0.30090584257563613,0.5
2021-11-01T00:00:00+00:00,66121953.210464256167108905000000000000000000,32094053.405138703787021008000000000000000000,0.6732299091455819,0.32677009085441805,0.5
2021-10-31T00:00:00+00:00,72021853.881980862656367005000000000000000000,26364187.100451631337543400000000000000000000,0.7320332555595043,0.2679667444404958,0.5
2021-10-30T00:00:00+00:00,83665071.283846794510882905000000000000000000,15554512.180862846749555900000000000000000000,0.843231430351698,0.156768569648302,0.5
2021-10-29T00:00:00+00:00,63187832.203682244200882905000000000000000000,35265618.982382871059555900000000000000000000,0.6418041362944696,0.3581958637055304,0.5
2021-10-28T00:00:00+00:00,59931644.539456816910882905000000000000000000,38437960.817116908461555900000000000000000000,0.609249618540345,0.390750381459655,0.5
2021-10-27T00:00:00+00:00,60668220.895043600882882905000000000000000000,37647225.449117447207869200000000000000000000,0.6170772055763207,0.3829227944236792,0.5
2021-10-26T00:00:00+00:00,62589348.847864799006177405000000000000000000,38442158.561104983346916100000000000000000000,0.6195032663870557,0.3804967336129443,0.5
2021-10-25T00:00:00+00:00,55527564.020676957965018205000000000000000000,45475496.346570023225076400000000000000000000,0.5497612034603587,0.45023879653964133,0.5
2021-10-24T00:00:00+00:00,60706168.303517738535320805000000000000000000,40213344.472321179529333700000000000000000000,0.6015305329342748,0.3984694670657252,0.5
2021-10-23T00:00:00+00:00,58803861.368209207149640180000000000000000000,41423028.121673144326879235000000000000000000,0.5867074361730572,0.4132925638269428,0.5
2021-10-22T00:00:00+00:00,61587720.437183172086956380000000000000000000,39953428.655747371435138935000000000000000000,0.6065296777449115,0.39347032225508854,0.5
2021-10-21T00:00:00+00:00,63579801.388077294449528280000000000000000000,38888612.911624771127324735000000000000000000,0.6204819487312214,0.3795180512687786,0.5
2021-10-20T00:00:00+00:00,62794263.393573332634881680000000000000000000,41830158.854099995411904135000000000000000000,0.6001874327671116,0.3998125672328884,0.5
2021-10-19T00:00:00+00:00,69435551.642858176663828380000000000000000000,43273725.845125630390421835000000000000000000,0.6160588834424997,0.38394111655750024,0.5
2021-10-18T00:00:00+00:00,69483296.918999697726820880000000000000000000,44545374.222280464121385435000000000000000000,0.609349352435325,0.390650647564675,0.5
2021-10-17T00:00:00+00:00,72816411.534818635484056180000000000000000000,41662401.947388199682814835000000000000000000,0.6360688875076113,0.3639311124923887,0.5
2021-10-16T00:00:00+00:00,68345825.237524578200143780000000000000000000,47798976.590364935051910135000000000000000000,0.5884535869181955,0.41154641308180445,0.5
2021-10-15T00:00:00+00:00,64216760.428633264414349880000000000000000000,51910843.624387071968338435000000000000000000,0.5529844600885233,0.4470155399114767,0.5
2021-10-14T00:00:00+00:00,66596071.484138073851796980000000000000000000,49586554.683666904812730235000000000000000000,0.5732016367744346,0.42679836322556536,0.5
2021-10-13T00:00:00+00:00,58518632.640914585001329880000000000000000000,57588362.648134857453870135000000000000000000,0.5040060893422649,0.49599391065773507,0.5
2021-10-12T00:00:00+00:00,60859407.804695511689566980000000000000000000,55279098.770189796261380535000000000000000000,0.5240243705515,0.4759756294485,0.5
2021-10-11T00:00:00+00:00,67291679.489170090051238580000000000000000000,49509476.405844560290432135000000000000000000,0.5761216913782465,0.42387830862175346,0.5
2021-10-10T00:00:00+00:00,66994539.710318189066651280000000000000000000,50033603.832656102588796235000000000000000000,0.5724652009515719,0.427534799048428,0.5
2021-10-09T00:00:00+00:00,67211201.204902307526874880000000000000000000,59497876.095377007688975835000000000000000000,0.5304371449696773,0.4695628550303227,0.5
2021-10-08T00:00:00+00:00,70721500.283698243653021293000000000000000000,56410509.369919759876593575000000000000000000,0.5562839797497499,0.44371602025025014,0.5
2021-10-07T00:00:00+00:00,78884509.737795901238475493000000000000000000,53900656.481251636176374475000000000000000000,0.5940762208910065,0.40592377910899347,0.5
2021-10-06T00:00:00+00:00,79766419.363311016415475493000000000000000000,53491609.836406917720506475000000000000000000,0.5985862153473891,0.40141378465261096,0.5
2021-10-05T00:00:00+00:00,80636056.078179182184367193000000000000000000,55186588.912676746868793375000000000000000000,0.5936863921594804,0.40631360784051956,0.5
2021-10-04T00:00:00+00:00,79667434.863062554211205493000000000000000000,70717584.415326509199687102000000000000000000,0.5297564560974265,0.4702435439025735,0.5
2021-10-03T00:00:00+00:00,82140775.329540284037300193000000000000000000,70604747.497240678001352502000000000000000000,0.5377622453961609,0.4622377546038391,0.5
2021-10-02T00:00:00+00:00,81267894.909643234901762893000000000000000000,72595053.375818753689381997000000000000000000,0.5281836583481221,0.4718163416518779,0.5
2021-10-01T00:00:00+00:00,82349715.988561480244717193000000000000000000,74004356.033787813242411397000000000000000000,0.5266873764361595,0.47331262356384046,0.5
2021-09-30T00:00:00+00:00,82248532.719346229111821243000000000000000000,74817812.847751793803861469000000000000000000,0.523654716880199,0.4763452831198009,0.5
2021-09-29T00:00:00+00:00,98491290.626570627405741943000000000000000000,65977331.039525965605102277000000000000000000,0.5988454796351803,0.40115452036481963,0.5
2021-09-28T00:00:00+00:00,100634502.712148079689309843000000000000000000,69276731.889404994535019377000000000000000000,0.5922769200526322,0.40772307994736784,0.5
2021-09-27T00:00:00+00:00,96503945.844442103449438843000000000000000000,82772596.768170145240844977000000000000000000,0.5382965581446514,0.4617034418553486,0.5
2021-09-26T00:00:00+00:00,96441856.260631194480501343000000000000000000,101791402.934863401091212377000000000000000000,0.4865069396125991,0.513493060387401,0.5
2021-09-25T00:00:00+00:00,95717245.541817257123621443000000000000000000,104264620.038815069627160277000000000000000000,0.4786296260608902,0.5213703739391098,0.5
2021-09-24T00:00:00+00:00,94555042.125310242853626361000000000000000000,108156826.523923245727231323000000000000000000,0.46645044888282017,0.5335495511171798,0.5
2021-09-23T00:00:00+00:00,98755805.496983934057758361000000000000000000,116524502.678760679174706823000000000000000000,0.4587312529131294,0.5412687470868707,0.5
2021-09-22T00:00:00+00:00,107525268.549057075307552961000000000000000000,120496739.393836598845640679000000000000000000,0.47155653754257765,0.5284434624574224,0.5
2021-09-21T00:00:00+00:00,107550910.570843526505315661000000000000000000,121995468.709695270521810279000000000000000000,0.4685367327854943,0.5314632672145058,0.5
2021-09-20T00:00:00+00:00,105327834.259581919383465861000000000000000000,136605863.309397457519576179000000000000000000,0.4353582626891038,0.5646417373108962,0.5
2021-09-19T00:00:00+00:00,115840581.168921875237063861000000000000000000,129051202.084517530566670379000000000000000000,0.4730276354312714,0.5269723645687285,0.5
2021-09-18T00:00:00+00:00,119928321.837073386540471461000000000000000000,127897132.442476658821046179000000000000000000,0.4839225340500852,0.5160774659499148,0.5
2021-09-17T00:00:00+00:00,118431267.058470351862229861000000000000000000,130555795.169631135529927779000000000000000000,0.4756522929290734,0.5243477070709266,0.5
2021-09-16T00:00:00+00:00,117970979.160476723562467761000000000000000000,131120569.493943952335818679000000000000000000,0.47360490469367467,0.5263950953063253,0.5
2021-09-15T00:00:00+00:00,116847173.657066063203866761000000000000000000,125808587.804633700671301227000000000000000000,0.48153471796097846,0.5184652820390215,0.5
2021-09-14T00:00:00+00:00,115431607.007757080914903461000000000000000000,129261082.947484520194580296000000000000000000,0.4717411338641602,0.5282588661358398,0.5
2021-09-13T00:00:00+00:00,126157084.520460264493438061000000000000000000,120691584.421402426246455496000000000000000000,0.5110705480456633,0.48892945195433674,0.5
2021-09-12T00:00:00+00:00,132329941.733717061935341661000000000000000000,114917213.168946679413507596000000000000000000,0.5352132031036423,0.46478679689635777,0.5
2021-09-11T00:00:00+00:00,132342707.827191780834263561000000000000000000,114872133.733297175711981396000000000000000000,0.5353348002563589,0.46466519974364107,0.5
2021-09-10T00:00:00+00:00,122809262.878390946695936161000000000000000000,124573354.489768418559538296000000000000000000,0.4964344875356539,0.5035655124643461,0.5
2021-09-09T00:00:00+00:00,118922352.297380458333104661000000000000000000,129322164.949642707893976796000000000000000000,0.47905328833121097,0.520946711668789,0.5
2021-09-08T00:00:00+00:00,119300711.934429156666021461000000000000000000,129764124.156269662295658396000000000000000000,0.4789946015943612,0.5210053984056388,0.5
2021-09-07T00:00:00+00:00,116445810.701877455424130161000000000000000000,134508778.547001940153043496000000000000000000,0.46401148132180425,0.5359885186781957,0.5
2021-09-06T00:00:00+00:00,110989139.634014876945388461000000000000000000,141167007.341236337108003796000000000000000000,0.44016035684788724,0.5598396431521128,0.5
2021-09-05T00:00:00+00:00,109022446.141068845391085361000000000000000000,132179450.292005090772384896000000000000000000,0.4519966374780109,0.5480033625219891,0.5
2021-09-04T00:00:00+00:00,107655249.325018048200865561000000000000000000,133642576.548904789364062196000000000000000000,0.4461509296037648,0.5538490703962352,0.5
2021-09-03T00:00:00+00:00,106259798.852609559412276561000000000000000000,135461601.834522877574252721000000000000000000,0.43959615718984246,0.5604038428101575,0.5
2021-09-02T00:00:00+00:00,108941398.729715279445776061000000000000000000,133166942.025603879267259428000000000000000000,0.44996962264845813,0.5500303773515418,0.5
2021-09-01T00:00:00+00:00,107288093.472926867407686461000000000000000000,134211576.275378367278691752000000000000000000,0.44425772335317976,0.5557422766468202,0.5
2021-08-31T00:00:00+00:00,105819791.315463420916148461000000000000000000,132338441.771447248152018709000000000000000000,0.44432556432700265,0.5556744356729973,0.5
2021-08-30T00:00:00+00:00,98987612.714621784189717361000000000000000000,142983704.114202503219315509000000000000000000,0.4090882093461009,0.5909117906538991,0.5
2021-08-29T00:00:00+00:00,92182478.051380775577962661000000000000000000,150976457.545286209968701009000000000000000000,0.37910380642678027,0.6208961935732197,0.5
2021-08-28T00:00:00+00:00,90347138.945724699098201961000000000000000000,153166566.018794091555284109000000000000000000,0.37101459631969685,0.6289854036803031,0.5
2021-08-27T00:00:00+00:00,85320074.936491493135669461000000000000000000,157531122.123154143282426609000000000000000000,0.35132655704199145,0.6486734429580086,0.5
2021-08-26T00:00:00+00:00,84427517.920396598129447461000000000000000000,159537285.316275043964807322000000000000000000,0.346064337151507,0.653935662848493,0.5
2021-08-25T00:00:00+00:00,82947916.538479322998614661000000000000000000,164154828.055280075649171122000000000000000000,0.33568189084604033,0.6643181091539597,0.5
2021-08-24T00:00:00+00:00,83046217.874148697456154461000000000000000000,164545948.543507366888983222000000000000000000,0.33541536905517616,0.6645846309448239,0.5
2021-08-23T00:00:00+00:00,78788391.477963357100595161000000000000000000,166812595.648899919032400022000000000000000000,0.3207983502007092,0.6792016497992908,0.5
2021-08-22T00:00:00+00:00,68247505.796279566096987261000000000000000000,176954311.443389613060320622000000000000000000,0.27833197390038905,0.721668026099611,0.5
2021-08-21T00:00:00+00:00,73865707.700478102935014661000000000000000000,171275799.813538927618494309000000000000000000,0.301318648357641,0.698681351642359,0.5
2021-08-20T00:00:00+00:00,74706780.026203127050314049000000000000000000,169037539.736912342793161109000000000000000000,0.30649649640577226,0.6935035035942277,0.5
2021-08-19T00:00:00+00:00,69911511.327817688912712075000000000000000000,170026073.705055386601764185000000000000000000,0.2913737392090503,0.7086262607909497,0.5
2021-08-18T00:00:00+00:00,68836976.803550151698306475000000000000000000,171467821.830738583929315285000000000000000000,0.2864569380002714,0.7135430619997286,0.5
2021-08-17T00:00:00+00:00,68096263.379274083848794275000000000000000000,161634132.336213571545490285000000000000000000,0.296418169512095,0.703581830487905,0.5
2021-08-16T00:00:00+00:00,70727098.386345525141249375000000000000000000,155256104.857690786097949782000000000000000000,0.3129750236789424,0.6870249763210575,0.5
2021-08-15T00:00:00+00:00,66532455.808566990822896975000000000000000000,159000894.922120213043560837000000000000000000,0.2950005202911848,0.7049994797088152,0.5
2021-08-14T00:00:00+00:00,57790277.826156620826637375000000000000000000,156879596.719474875911142714000000000000000000,0.2692053458757315,0.7307946541242685,0.5
2021-08-13T00:00:00+00:00,61339435.853449470689225075000000000000000000,153542858.800954990261537584000000000000000000,0.2854559792936956,0.7145440207063044,0.5
2021-08-12T00:00:00+00:00,61420473.810441555736100875000000000000000000,153473184.464189370386814284000000000000000000,0.2858179915758477,0.7141820084241522,0.5
2021-08-11T00:00:00+00:00,73260920.731034976625149175000000000000000000,150587538.855062511715170484000000000000000000,0.3272790925901238,0.6727209074098762,0.5
2021-08-10T00:00:00+00:00,69757745.096803632173410375000000000000000000,154524332.596932646669732354000000000000000000,0.3110268364468242,0.6889731635531758,0.5
2021-08-09T00:00:00+00:00,71838523.966580648412400275000000000000000000,153083663.223832579588205534000000000000000000,0.3193927858515978,0.6806072141484022,0.5
2021-08-08T00:00:00+00:00,83932505.954835722166245975000000000000000000,141103503.778178554668730243000000000000000000,0.3729736678783736,0.6270263321216264,0.5
2021-08-07T00:00:00+00:00,82326228.961883009987651175000000000000000000,143343750.682155829732947456000000000000000000,0.3648080665923776,0.6351919334076225,0.5
2021-08-06T00:00:00+00:00,72899342.536260428976154075000000000000000000,153071572.519537762019735400000000000000000000,0.322604980018157,0.677395019981843,0.5
2021-08-05T00:00:00+00:00,67637451.101698608753135475000000000000000000,160504376.408665192163839769000000000000000000,0.2964710673172198,0.7035289326827803,0.5
2021-08-04T00:00:00+00:00,67604998.498132805740178475000000000000000000,162257644.345608998504270169000000000000000000,0.2941104203003964,0.7058895796996036,0.5
2021-08-03T00:00:00+00:00,71494572.101883563145411775000000000000000000,159864620.507822222705692550000000000000000000,0.3090198029109317,0.6909801970890683,0.5
2021-08-02T00:00:00+00:00,78224332.805423837126655575000000000000000000,154688558.728302491674376664000000000000000000,0.3358523106656669,0.6641476893343331,0.5
2021-08-01T00:00:00+00:00,77933024.811759474587589079000000000000000000,155783463.880693236238163738000000000000000000,0.3334511195498554,0.6665488804501446,0.5
2021-07-31T00:00:00+00:00,84721767.311028137544019079000000000000000000,149355215.355065849528741500000000000000000000,0.36193976163765745,0.6380602383623425,0.5
2021-07-30T00:00:00+00:00,101106673.287501549857825679000000000000000000,184804531.842492473718968838000000000000000000,0.35362962861680014,0.6463703713831999,0.5
2021-07-29T00:00:00+00:00,98161244.077294814504895979000000000000000000,187748046.829094822375666590000000000000000000,0.3433300252891539,0.6566699747108461,0.5
2021-07-28T00:00:00+00:00,102752125.781293795669091779000000000000000000,183710814.468781665945325097000000000000000000,0.3586925613888958,0.6413074386111042,0.5
2021-07-27T00:00:00+00:00,101179099.670365888037600479000000000000000000,188489222.277341498526496499000000000000000000,0.3492929395594432,0.6507070604405568,0.5
2021-07-26T00:00:00+00:00,103868200.081791867097360879000000000000000000,189308168.350121661537429495000000000000000000,0.35428571762909306,0.645714282370907,0.5
2021-07-25T00:00:00+00:00,104748634.057537135028420979000000000000000000,187927146.024038522539567584000000000000000000,0.35789990558269363,0.6421000944173063,0.5
2021-07-24T00:00:00+00:00,102917085.691432103376301437000000000000000000,190641126.308295128607868849000000000000000000,0.3505849316575335,0.6494150683424665,0.5
2021-07-23T00:00:00+00:00,90498512.217236102218272765000000000000000000,168843826.278838237829915834000000000000000000,0.34895386824240415,0.6510461317575958,0.5
2021-07-22T00:00:00+00:00,89010394.601631035668223221000000000000000000,169475261.097156944558380228000000000000000000,0.3443533234407189,0.6556466765592811,0.5
2021-07-21T00:00:00+00:00,88457846.814662229222518421000000000000000000,167561326.803221321371579226000000000000000000,0.3455125862826519,0.6544874137173481,0.5
2021-07-20T00:00:00+00:00,87998594.404014035857258921000000000000000000,170853941.143529868806317962000000000000000000,0.33995647065180545,0.6600435293481945,0.5
2021-07-19T00:00:00+00:00,89724266.973944995141024549000000000000000000,170494891.338414683127329549000000000000000000,0.34480269460499346,0.6551973053950065,0.5
2021-07-18T00:00:00+00:00,87068071.828446029427369649000000000000000000,174283815.020650191552462256000000000000000000,0.33314499037352985,0.6668550096264702,0.5
2021-07-17T00:00:00+00:00,86998371.100704166536870649000000000000000000,173725025.665164099609842526000000000000000000,0.3336807213310028,0.6663192786689972,0.5
2021-07-16T00:00:00+00:00,88220491.555375553655061649000000000000000000,171647709.512175789726190226000000000000000000,0.3394816726054263,0.6605183273945737,0.5
2021-07-15T00:00:00+00:00,91546077.867733888695358249000000000000000000,170838890.588737187268403164000000000000000000,0.3488998565972392,0.6511001434027608,0.5
2021-07-14T00:00:00+00:00,91397390.933031046317157749000000000000000000,169905529.060172473771602064000000000000000000,0.3497756203237541,0.6502243796762459,0.5
2021-07-13T00:00:00+00:00,91847702.929898726562433549000000000000000000,172450842.651539933739469664000000000000000000,0.34751497677688725,0.6524850232231127,0.5
2021-07-12T00:00:00+00:00,90484957.597501335520169049000000000000000000,171231840.013694025549386761000000000000000000,0.34573614847574724,0.6542638515242527,0.5
2021-07-11T00:00:00+00:00,90476982.531782176381446349000000000000000000,171542633.220351190740175008000000000000000000,0.34530614157289674,0.6546938584271033,0.5
2021-07-10T00:00:00+00:00,90201310.264073543434971549000000000000000000,171439720.290331223511445308000000000000000000,0.34475215937248566,0.6552478406275143,0.5
2021-07-09T00:00:00+00:00,89865096.331659534617630059000000000000000000,177216739.134451963382904404000000000000000000,0.3364702664066498,0.6635297335933502,0.5
2021-07-08T00:00:00+00:00,86670167.320695365609103257000000000000000000,180729070.370758457816590344000000000000000000,0.3241227165378167,0.6758772834621832,0.5
2021-07-07T00:00:00+00:00,89704555.280709246752195157000000000000000000,177306991.290566655003409244000000000000000000,0.33595758847366386,0.6640424115263361,0.5
2021-07-06T00:00:00+00:00,91939077.156250075665159907000000000000000000,170009477.129500180131657144000000000000000000,0.35098142613131983,0.6490185738686801,0.5
2021-07-05T00:00:00+00:00,88707898.834040323767457807000000000000000000,194880500.655691633906764330000000000000000000,0.31280510413562324,0.6871948958643768,0.5
2021-07-04T00:00:00+00:00,90085846.007373930775902407000000000000000000,193300495.854223352918118036000000000000000000,0.3178905709272709,0.6821094290727291,0.5
2021-07-03T00:00:00+00:00,88283221.820121872361503107000000000000000000,192417387.193119038158325475000000000000000000,0.31451026105881186,0.6854897389411881,0.5
2021-07-02T00:00:00+00:00,82563303.877759142134148007000000000000000000,195921348.503988735972855355000000000000000000,0.29647344358704925,0.7035265564129508,0.5
2021-07-01T00:00:00+00:00,81081199.595782362827780707000000000000000000,196652328.002634526259302061000000000000000000,0.29193882458807807,0.7080611754119219,0.5
2021-06-30T00:00:00+00:00,75190651.402025789458255807000000000000000000,196169681.347691534689083822000000000000000000,0.2770878508296055,0.7229121491703945,0.5
2021-06-29T00:00:00+00:00,67728276.877128277528617184000000000000000000,173367054.299371280438602132000000000000000000,0.2809190727444912,0.7190809272555088,0.5
2021-06-28T00:00:00+00:00,67018869.099371416379266097000000000000000000,165390251.965732683536555644000000000000000000,0.28836591607176043,0.7116340839282396,0.5
2021-06-27T00:00:00+00:00,59542846.513095112116595397000000000000000000,168747397.036047697547340944000000000000000000,0.2608208112068427,0.7391791887931574,0.5
2021-06-26T00:00:00+00:00,61435703.871897200144721797000000000000000000,169516455.708077981660646044000000000000000000,0.2660105191639178,0.7339894808360822,0.5
2021-06-25T00:00:00+00:00,60613378.761568723020680697000000000000000000,167048232.330363467132743144000000000000000000,0.26624330061993806,0.7337566993800619,0.5
2021-06-24T00:00:00+00:00,56231611.713021083419155997000000000000000000,171653306.066912632788040844000000000000000000,0.24675442438592365,0.7532455756140763,0.5
2021-06-23T00:00:00+00:00,56363558.215368625827943897000000000000000000,171207492.099771445609850044000000000000000000,0.2476745532321288,0.7523254467678712,0.5
2021-06-22T00:00:00+00:00,53153177.287392649980100697000000000000000000,175656154.963966796274969060000000000000000000,0.23230336264869217,0.7676966373513079,0.5
2021-06-21T00:00:00+00:00,84620782.253923184789636897000000000000000000,182364194.507043044908037860000000000000000000,0.3169496024852546,0.6830503975147454,0.5
2021-06-20T00:00:00+00:00,92848007.532457869594094971000000000000000000,179595468.289410769770546193000000000000000000,0.3407973241141754,0.6592026758858246,0.5
2021-06-19T00:00:00+00:00,90374922.585525295267423871000000000000000000,179039011.247994580871238393000000000000000000,0.3354500685973097,0.6645499314026904,0.5
2021-06-18T00:00:00+00:00,84618269.671359435728431471000000000000000000,189367450.541638143405792093000000000000000000,0.3088418973279953,0.6911581026720047,0.5
2021-06-17T00:00:00+00:00,101925683.120909450451514971000000000000000000,191972798.377652919376313593000000000000000000,0.34680574939074,0.6531942506092601,0.5
2021-06-16T00:00:00+00:00,100591652.672126925563245355000000000000000000,159120842.421331478394223793000000000000000000,0.3873192648506522,0.6126807351493478,0.5
2021-06-15T00:00:00+00:00,95802091.344592614847286355000000000000000000,156264243.837423160523964393000000000000000000,0.38006698227041874,0.6199330177295813,0.5
2021-06-14T00:00:00+00:00,87708382.705831433591044655000000000000000000,158802005.429675584646586886000000000000000000,0.3557999456705169,0.6442000543294831,0.5
2021-06-13T00:00:00+00:00,83894640.276972850863507255000000000000000000,150558438.274982766854322386000000000000000000,0.35783125900981294,0.6421687409901871,0.5
2021-06-12T00:00:00+00:00,82276500.290710424348413655000000000000000000,154626386.101767699195538086000000000000000000,0.347300539658274,0.652699460341726,0.5
2021-06-11T00:00:00+00:00,75613501.836236658504675746000000000000000000,148769502.784400284265483190000000000000000000,0.3369840864912027,0.6630159135087973,0.5
2021-06-10T00:00:00+00:00,74340002.684754940299148746000000000000000000,150959602.595420000424146890000000000000000000,0.329960643261262,0.670039356738738,0.5
2021-06-09T00:00:00+00:00,63190584.312205909884989926000000000000000000,142974425.286841646644810925000000000000000000,0.3065048935078741,0.6934951064921259,0.5
2021-06-08T00:00:00+00:00,57878724.083254256933761926000000000000000000,126569861.208660815503075225000000000000000000,0.313793266517351,0.6862067334826489,0.5
2021-06-07T00:00:00+00:00,57947963.222090905669118289000000000000000000,131480743.499641173226865690000000000000000000,0.30590908962502494,0.6940909103749751,0.5
2021-06-06T00:00:00+00:00,50548002.878004228785246189000000000000000000,130809122.853758469259405949000000000000000000,0.27872079839182906,0.7212792016081709,0.5
2021-06-05T00:00:00+00:00,58473369.633348075416365178000000000000000000,120970929.827569084944202520000000000000000000,0.325858050709956,0.674141949290044,0.5
2021-06-04T00:00:00+00:00,46626688.992710054010008878000000000000000000,132314313.781141834697520589000000000000000000,0.2605701782706421,0.7394298217293579,0.5
2021-06-03T00:00:00+00:00,47417114.045510028928622078000000000000000000,129016903.355319855685869183000000000000000000,0.26875267447878787,0.7312473255212121,0.5
2021-06-02T00:00:00+00:00,46990034.780865252639186678000000000000000000,137631730.200699502126693075000000000000000000,0.25452055875187524,0.7454794412481248,0.5
2021-06-01T00:00:00+00:00,42695306.236248401382484108000000000000000000,136300222.471559157859884923000000000000000000,0.23852722212935415,0.7614727778706458,0.5
2021-05-31T00:00:00+00:00,45819351.710352308219626708000000000000000000,130546501.909102203606988423000000000000000000,0.2597971816540913,0.7402028183459086,0.5
2021-05-30T00:00:00+00:00,41927264.890573923489993019000000000000000000,128459922.015969977197342160000000000000000000,0.24607052708470806,0.753929472915292,0.5
2021-05-29T00:00:00+00:00,47772864.211748712903327819000000000000000000,120425197.486691330187613163000000000000000000,0.28402743604382324,0.7159725639561768,0.5
2021-05-28T00:00:00+00:00,44993530.713961291161287419000000000000000000,118140349.787066610366312663000000000000000000,0.2758073955929577,0.7241926044070423,0.5
2021-05-27T00:00:00+00:00,50894269.213560325886909619000000,114655972.31149589679374676300000000000000,0.30742491671845384,0.6925750832815462,0.5
2021-05-26T00:00:00+00:00,52562755.095584053135633419000000,108695576.92082624922922616300000000000000,0.32595373174413744,0.6740462682558626,0.5
2021-05-25T00:00:00+00:00,60533500.039491337607699619000000,101290549.11543451176016176300000000000000,0.37406986387751456,0.6259301361224855,0.5
2021-05-24T00:00:00+00:00,70099987.540813994788781519000000,85112291.44639328713438593700000000000000,0.45163944501189685,0.5483605549881032,0.5
2021-05-23T00:00:00+00:00,67711285.054783499192621271000000,93056170.30147099039680430400000000000000,0.42117532372915834,0.5788246762708417,0.5
2021-05-22T00:00:00+00:00,90846565.961988463046212304000000,77208223.34723285626847269300000000000000,0.5405770721287241,0.4594229278712759,0.5
2021-05-21T00:00:00+00:00,98355854.391204504576431804000000,74389816.61571903869882285700000000000000,0.569367983683148,0.43063201631685194,0.5
2021-05-20T00:00:00+00:00,114770056.690763946108852304000000,57023737.15823576002519987800000000000000,0.6680687009662439,0.331931299033756,0.5
2021-05-19T00:00:00+00:00,122476581.911679905776110204000000,42339238.05924902197458353400000000000000,0.7431118076728493,0.2568881923271506,0.5
2021-05-18T00:00:00+00:00,144365042.725483040557729917000000,78006626.65543366693323393400000000000000,0.649206093237487,0.35079390676251304,0.5
2021-05-17T00:00:00+00:00,165643588.630695068313607917000000,75121429.66341276755794833400000000000000,0.6879886031796871,0.31201139682031287,0.5
2021-05-16T00:00:00+00:00,151975593.565326918694309117000000,83347635.55784781448474463400000000000000,0.6458163698143826,0.3541836301856173,0.5
2021-05-15T00:00:00+00:00,143440047.502207387486828817000000,101504780.25927599426416033400000000000000,0.5856014548789863,0.41439854512101365,0.5
2021-05-14T00:00:00+00:00,149680743.007117821392708217000000,96493961.82822247080891046900000000000000,0.6080264952779584,0.3919735047220417,0.5
2021-05-13T00:00:00+00:00,153072495.257646602092465452000000,88026222.19427317782819716900000000000000,0.634895518629926,0.365104481370074,0.5
2021-05-12T00:00:00+00:00,136195383.969963894177581207000000,114977262.02966507420245100200000000000000,0.5422381224194496,0.45776187758055037,0.5
2021-05-11T00:00:00+00:00,133090733.432189738253299507000000,119100352.64111646201278880200000000000000,0.5277376591871423,0.4722623408128577,0.5
2021-05-10T00:00:00+00:00,129174475.081478574674712607000000,104656948.06607368645012120200000000000000,0.5524256464023953,0.4475743535976047,0.5
2021-05-09T00:00:00+00:00,127554804.401858529240950507000000,101934707.10074468704869700200000000000000,0.5558197564964167,0.4441802435035833,0.5
2021-05-08T00:00:00+00:00,120253935.073465033605420207000000,101482883.29742436828250760200000000000000,0.5423273228008602,0.45767267719913984,0.5
2021-05-07T00:00:00+00:00,109823599.642618077285915007000000,103475376.321026979517782447000000,0.5148810450048131,0.4851189549951869,0.5
2021-05-06T00:00:00+00:00,98326333.875351232453031807000000,85174162.565548892926159147000000,0.5358368820926821,0.4641631179073179,0.5
2021-05-05T00:00:00+00:00,97022176.615350564652435207000000,95934025.856405615571076047000000,0.5028196832882431,0.49718031671175683,0.5
2021-05-04T00:00:00+00:00,102993036.624321492358502979000000,93581573.393697529817020252000000,0.5239386542080925,0.47606134579190756,0.5
2021-05-03T00:00:00+00:00,97407623.957240769474959279000000,102096988.941282647825917163000000,0.48824747729911616,0.5117525227008839,0.5
2021-05-02T00:00:00+00:00,82501463.742665102743872879000000,80877070.417737414426968563000000,0.5049712568829051,0.49502874311709494,0.5
2021-05-01T00:00:00+00:00,81664030.161024834939772211000000,82175351.853395637149172187000000,0.49843956414482266,0.5015604358551774,0.5
2021-04-30T00:00:00+00:00,75369925.490015746339772911000000,82208707.944948653531888487000000,0.47830041324176287,0.5216995867582371,0.5
2021-04-29T00:00:00+00:00,73158945.107861541132334463000000,80280236.707825999584915458000000,0.47679441614685286,0.5232055838531472,0.5
2021-04-28T00:00:00+00:00,61561372.917930530620003063000000,61314004.290303439896439458000000,0.5010065833906165,0.4989934166093835,0.5
2021-04-27T00:00:00+00:00,58471321.739077341715930063000000,61026228.845006939324120758000000,0.48930979298972394,0.5106902070102761,0.5
2021-04-26T00:00:00+00:00,54526733.687730116320028163000000,57783780.546970751565983427000000,0.48549981325686825,0.5145001867431317,0.5
2021-04-25T00:00:00+00:00,56521165.624089671109241763000000,62087055.715144596183137827000000,0.4765366598191546,0.5234633401808454,0.5
2021-04-24T00:00:00+00:00,52913583.161707104637643363000000,59626253.029086003332168002000000,0.470176472196038,0.529823527803962,0.5
2021-04-23T00:00:00+00:00,41704496.394224461112846863000000,45972514.673029037535503300000000,0.4756605624048318,0.5243394375951682,0.5
2021-04-22T00:00:00+00:00,38962389.488731527817888963000000,42727239.828908189635061300000000,0.47695637517500833,0.5230436248249917,0.5
2021-04-21T00:00:00+00:00,24377209.30478368728451856400,24353528.5779005329383804,0.5002429752545525,0.4997570247454475,0.5
2021-04-20T00:00:00+00:00,294635.7807561756750172,242110.4862719681810578,0.5489293523875158,0.4510706476124841,0.5
2021-04-19T00:00:00+00:00,287806.2885933015510172,248670.7085836189640578,0.5364746114144913,0.46352538858550874,0.5
2021-04-18T00:00:00+00:00,294806.2146844432348573,241838.6279637713066354,0.5493506901690227,0.45064930983097734,0.5
2021-04-17T00:00:00+00:00,267847.1563867861570129,268059.6811783995859254,0.4998017147975019,0.5001982852024981,0.5
2021-04-16T00:00:00+00:00,235901.4981199615200129,299896.8447724750489254,0.440280380201399,0.559719619798601,0.5
2021-04-15T00:00:00+00:00,217398.5517436001538089,318675.9651216816525785,0.40553793344784844,0.5944620665521516,0.5
2021-04-06T00:00:00+00:00,20000.000000000000,19702.760262423840,0.5037433132559486,0.49625668674405143,0.5
