date_time,frax,am3crv,frax_percent,am3crv_percent,ideal
2022-08-10T00:00:00+00:00,7089.742793148487826840000000000000000000,5941.2693050198554125290000000000,0.5440669335381119,0.45593306646188814,0.5
2022-08-09T00:00:00+00:00,7146.181239653211046640000000000000000000,5888.0761242796803764290000000000,0.5482614805065471,0.4517385194934529,0.5
2022-08-08T00:00:00+00:00,7033.810045835468354740000000000000000000,5992.9159118432822285770000000000,0.5399522542108371,0.4600477457891628,0.5
2022-08-07T00:00:00+00:00,6599.774661042252948240000000000000000000,5599.6936411973475182770000000000,0.5409887134040632,0.45901128659593676,0.5
2022-08-06T00:00:00+00:00,6561.405491309842037440000000000000000000,5635.6805190619066138770000000000,0.5379486121300099,0.46205138786999006,0.5
2022-08-05T00:00:00+00:00,6560.907584003086366940000000000000000000,5635.8433526363708322770000000000,0.5379225679105979,0.46207743208940216,0.5
2022-08-04T00:00:00+00:00,6566.138258667241010840000000000000000000,5630.8879319204407782770000000000,0.5383392768094785,0.4616607231905215,0.5
2022-08-03T00:00:00+00:00,10168230.580970300606944540000000000000000000,7823780.2206960177405343770000000000,0.5651525387050443,0.4348474612949556,0.5
2022-08-02T00:00:00+00:00,10145649.979860896436435540000000000000000000,7845084.0186102231199526660000000000,0.5639375236565162,0.43606247634348383,0.5
2022-08-01T00:00:00+00:00,10138067.965730469548443740000000000000000000,7852234.4385874749578494660000000000,0.5635296026651103,0.43647039733488974,0.5
2022-07-31T00:00:00+00:00,10139652.752138756603961559000000000000000000,7850735.6180309561679985520000000000,0.5636150006050761,0.4363849993949239,0.5
2022-07-30T00:00:00+00:00,10139688.543600036883465559000000000000000000,7850701.8337853589824589520000000000,0.563616927198312,0.43638307280168803,0.5
2022-07-29T00:00:00+00:00,10136089.486929363904524859000000000000000000,7854096.5512033905143234520000000000,0.5634232723021587,0.43657672769784134,0.5
2022-07-28T00:00:00+00:00,10173168.740274399565090559000000000000000000,7819092.9557236310817183500000000000,0.5654191180721426,0.4345808819278574,0.5
2022-07-27T00:00:00+00:00,10264743.656195978375834733000000000000000000,7732646.1541266897950173620000000000,0.5703462426706168,0.4296537573293832,0.5
2022-07-26T00:00:00+00:00,10241367.182255700874203733000000000000000000,7754715.4395767883932265610000000000,0.5690886954381438,0.4309113045618563,0.5
2022-07-25T00:00:00+00:00,10238738.099823161062726333000000000000000000,7757195.3878562534650010610000000000,0.568947318394621,0.4310526816053791,0.5
2022-07-24T00:00:00+00:00,10239589.989929169956651333000000000000000000,7756391.0554012515734514610000000000,0.5689931526453862,0.43100684735461375,0.5
2022-07-23T00:00:00+00:00,10114315.375561177288275922000000000000000000,7874577.8775686014306715210000000000,0.5622533433957339,0.43774665660426615,0.5
2022-07-22T00:00:00+00:00,10116986.246643690191170522000000000000000000,7872055.8283521013208267210000000000,0.5623971640327634,0.43760283596723665,0.5
2022-07-21T00:00:00+00:00,10122957.049703985855536297000000000000000000,7866421.3950454852173445750000000000,0.5627185553294397,0.43728144467056024,0.5
2022-07-20T00:00:00+00:00,10173154.940327659176155707000000000000000000,7819029.3390799381568147030000000000,0.5654207839551216,0.43457921604487837,0.5
2022-07-19T00:00:00+00:00,10371392.509007902984004165000000000000000000,7631843.0652397955841789100000000000,0.5760849190821796,0.4239150809178204,0.5
2022-07-18T00:00:00+00:00,10479705.260466774427224700000000000000000000,7529572.0534934418154322940000000000,0.581905929803371,0.41809407019662903,0.5
2022-07-17T00:00:00+00:00,10502493.065798514285681100000000000000000000,7508061.8884534857916837790000000000,0.5831298975781446,0.41687010242185535,0.5
2022-07-16T00:00:00+00:00,10510168.8391322338767874520000000000,7501044.0963488202008992250000000000,0.583534761194667,0.41646523880533304,0.5
2022-07-15T00:00:00+00:00,10493781.980200534243050580000000,7515655.018913000895077312000000,0.5826824003835912,0.4173175996164088,0.5
2022-07-14T00:00:00+00:00,10472839.829747489421203980000000,7535408.949304526441233412000000,0.5815579270500725,0.4184420729499275,0.5
2022-07-13T00:00:00+00:00,10456602.036300306640810180000000,7550724.913337345113492012000000,0.5806859655264224,0.41931403447357757,0.5
2022-07-12T00:00:00+00:00,10457493.953542355421080780000000,7549881.652186942698667012000000,0.5807339271701067,0.41926607282989325,0.5
2022-07-11T00:00:00+00:00,10471330.960815185036999480000000,7536814.737799735160410812000000,0.5814774678117235,0.41852253218827645,0.5
2022-07-10T00:00:00+00:00,10482142.492605862369979280000000,7526603.722440077042615312000000,0.5820584269130433,0.4179415730869567,0.5
2022-07-09T00:00:00+00:00,10511932.187523233511384680000000,7498466.050922137175940012000000,0.5836590645221961,0.41634093547780393,0.5
2022-07-08T00:00:00+00:00,10572479.967107973490790180000000,7441289.744939175484093912000000,0.5869110206309215,0.41308897936907846,0.5
2022-07-07T00:00:00+00:00,10638968.324588146085632180000000,7378488.928942394732372312000000,0.5904811192213834,0.4095188807786166,0.5
2022-07-06T00:00:00+00:00,10729574.809268395936590080000000,7292935.905822666181429469000000,0.5953429563109671,0.4046570436890328,0.5
2022-07-05T00:00:00+00:00,10983176.805606267355750980000000,7053519.688125210243522169000000,0.6089350568948915,0.3910649431051085,0.5
2022-07-04T00:00:00+00:00,10975111.416326807697540280000000,7061121.262242615866881769000000,0.6085035390659708,0.39149646093402923,0.5
2022-07-03T00:00:00+00:00,10965120.453222237302275480000000,7070543.799214231834927369000000,0.6079687612138234,0.3920312387861767,0.5
2022-07-02T00:00:00+00:00,10964977.096488577495177880000000,7070677.268360629772426669000000,0.6079611459986112,0.3920388540013888,0.5
2022-07-01T00:00:00+00:00,10948335.067702796626897280000000,7086375.742411912660865069000000,0.6070701761162955,0.3929298238837044,0.5
2022-06-30T00:00:00+00:00,11060120.501353514112914480000000,6980834.457319109561222769000000,0.6130562670706469,0.3869437329293532,0.5
2022-06-29T00:00:00+00:00,10891393.85928432199796290600,7139998.80940147930715629800,0.6040239963382779,0.3959760036617222,0.5
2022-06-28T00:00:00+00:00,10925441.01561076447036223500,7107850.06242126386127658000,0.6058484260213615,0.3941515739786386,0.5
2022-06-27T00:00:00+00:00,10958349.21589406440405873500,7076777.52735442271773348000,0.6076114336150347,0.39238856638496533,0.5
2022-06-26T00:00:00+00:00,11036466.86804354183731403500,7003020.08482426993189508000,0.6117949416676193,0.3882050583323807,0.5
2022-06-25T00:00:00+00:00,11044651.01072981715330926400,6995292.53403751283374109400,0.6122331249719144,0.3877668750280856,0.5
2022-06-24T00:00:00+00:00,11047855.74286778972013622400,6992266.24816342543472854400,0.6124047136909782,0.38759528630902185,0.5
2022-06-23T00:00:00+00:00,11023789.55464699542571310800,7014956.98458540171911933500,0.6111172708520185,0.38888272914798155,0.5
2022-06-22T00:00:00+00:00,10996405.10212701161063520800,7040752.66940893560606233500,0.6096528755478429,0.39034712445215713,0.5
2022-06-21T00:00:00+00:00,11000603.86407948720478680800,7036778.65352903809285713500,0.6098780603749149,0.39012193962508507,0.5
2022-06-20T00:00:00+00:00,10999438.66216064742030360800,7037867.33866124238286433500,0.6098160480095778,0.3901839519904222,0.5
2022-06-19T00:00:00+00:00,10935162.74354877571615480800,7098437.59526352395414090800,0.6063771259260906,0.3936228740739094,0.5
2022-06-18T00:00:00+00:00,10952480.98226454962765970800,7082065.71650975046467510800,0.6073055877256357,0.3926944122743643,0.5
2022-06-17T00:00:00+00:00,10934865.95649413229968235900,7098660.76922398577918910300,0.6063631436495233,0.39363685635047674,0.5
2022-06-16T00:00:00+00:00,10207600.47134957805957585900,7785489.86319539166504240300,0.5673066872649434,0.4326933127350566,0.5
2022-06-15T00:00:00+00:00,10186691.85853048564901555900,7805217.41491870705716110300,0.5661818155988075,0.43381818440119246,0.5
2022-06-14T00:00:00+00:00,9884555.85704181282004035900,8090822.00642786925226140300,0.5498941903819237,0.4501058096180764,0.5
2022-06-13T00:00:00+00:00,9684862.68563248348372585900,8279659.00119855759466020300,0.5391105232004039,0.4608894767995962,0.5
2022-06-12T00:00:00+00:00,9572504.85656089787247195900,8385914.46615966450595320300,0.5330371612634077,0.4669628387365923,0.5
2022-06-11T00:00:00+00:00,9582378.48980193849863065900,8376553.91973073957447500300,0.5335717219312864,0.4664282780687135,0.5
2022-06-10T00:00:00+00:00,9626968.77736052971955538000,8334328.15043474256182705200,0.535984055943238,0.464015944056762,0.5
2022-06-09T00:00:00+00:00,9550869.94595593618122329600,8406325.35185309057429601900,0.5318686903806881,0.468131309619312,0.5
2022-06-08T00:00:00+00:00,9575957.09768908331305819600,8382561.95838234509812931900,0.5332264351971516,0.46677356480284843,0.5
2022-06-07T00:00:00+00:00,9567962.55333280006054969600,8390092.32459850840378291900,0.5327950392384027,0.46720496076159734,0.5
2022-06-06T00:00:00+00:00,9628483.68417377311655904700,8332755.23668758159018226100,0.5360701300504735,0.46392986994952645,0.5
2022-06-05T00:00:00+00:00,9690027.54365372448178353900,8274453.88892071612442823800,0.5393992350974905,0.46060076490250945,0.5
2022-06-04T00:00:00+00:00,9697437.74046327348579333900,8267422.93957700001193173800,0.5398003309448172,0.4601996690551828,0.5
2022-06-03T00:00:00+00:00,10082765.26062954628102463900,7902405.99349753712334483800,0.560615471388177,0.4393845286118229,0.5
2022-06-02T00:00:00+00:00,10051962.02411210936516043900,7931548.57038272500637443800,0.5589543805306426,0.44104561946935733,0.5
2022-06-01T00:00:00+00:00,9941316.56965108826464372700,8036253.59253273239263257500,0.5529844400531306,0.4470155599468694,0.5
2022-05-31T00:00:00+00:00,9765171.90467968610484382700,8202980.37939641925557817500,0.5434711232570009,0.4565288767429992,0.5
2022-05-30T00:00:00+00:00,9742270.92855039243408142700,8224659.43712817268463107500,0.5422334661662975,0.4577665338337024,0.5
2022-05-29T00:00:00+00:00,9926810.28290579972765802700,8049828.67712724112366677500,0.5522061329137109,0.44779386708628904,0.5
2022-05-28T00:00:00+00:00,10004411.94555617730760372700,7976315.68001141659929077500,0.5563963902845879,0.4436036097154122,0.5
2022-05-27T00:00:00+00:00,10238337.40826231673281042700,7754744.39303700592026417500,0.5690152204789611,0.4309847795210389,0.5
2022-05-26T00:00:00+00:00,10531112.27161370298660822700,7477480.63574205250876507500,0.584782627148631,0.4152173728513689,0.5
2022-05-25T00:00:00+00:00,10600528.41587972307802352700,7411753.73015712076767527500,0.5885166760066606,0.41148332399333937,0.5
2022-05-23T00:00:00+00:00,10617438.17225598133832052700,7395743.11271650443113987500,0.5894260433116048,0.4105739566883952,0.5
2022-05-22T00:00:00+00:00,10692978.72560836886950412700,7324192.31015708716517777500,0.5934882176775694,0.4065117823224305,0.5
2022-05-21T00:00:00+00:00,11494646.55368137455850412700,6565447.00626220749917777500,0.6364666116224308,0.36353338837756927,0.5
2022-05-20T00:00:00+00:00,11467526.14242150246467142700,6591081.22889820806207827500,0.6350171918923261,0.3649828081076739,0.5
2022-05-19T00:00:00+00:00,11467555.06363755081981832700,6591053.86641177826061307500,0.6350187386003837,0.36498126139961623,0.5
2022-05-18T00:00:00+00:00,11462480.26958427365220293200,6595850.57703383862748096200,0.6347474950449763,0.36525250495502365,0.5
2022-05-17T00:00:00+00:00,11466526.84771258500444253200,6592010.97759873719655196200,0.634964301021138,0.365035698978862,0.5
2022-05-16T00:00:00+00:00,11460983.22377686081940593200,6597251.88423046297753306200,0.6346679592567088,0.3653320407432912,0.5
2022-05-15T00:00:00+00:00,11458974.11408570122621593200,6599151.62372703826474006200,0.6345605452337298,0.3654394547662702,0.5
2022-05-14T00:00:00+00:00,11474243.26051870616945214800,6584700.47833877967161040400,0.635377319207742,0.364622680792258,0.5
2022-05-13T00:00:00+00:00,11464403.06201281490815034800,6594005.63290719321650840400,0.6348512349949115,0.3651487650050885,0.5
2022-05-12T00:00:00+00:00,11452701.45686044474207514800,6605066.74335857991937420400,0.6342257431747038,0.3657742568252962,0.5
2022-05-11T00:00:00+00:00,12005295.17634293863215134800,6082111.42810029445935970400,0.6637377839116967,0.3362622160883033,0.5
2022-05-10T00:00:00+00:00,11955250.35740259277667414800,6129327.49828584413517660400,0.6610743392963476,0.3389256607036524,0.5
2022-05-09T00:00:00+00:00,11669616.81765268511984824800,6399300.96554056911240410400,0.6458392781280538,0.3541607218719462,0.5
2022-05-08T00:00:00+00:00,11049351.45629537002697334800,6986406.02618384146001990400,0.6126358411632687,0.38736415883673125,0.5
2022-05-07T00:00:00+00:00,11036254.16063459086492854800,6998792.25136460027617460400,0.6119337820662264,0.3880662179337736,0.5
2022-05-06T00:00:00+00:00,10750023.46701283436349484800,7269969.69654823848054730400,0.5965609070679824,0.40343909293201763,0.5
2022-05-05T00:00:00+00:00,10790306.81469333197275974800,7231754.33725430075512580400,0.5987276773571057,0.40127232264289425,0.5
2022-05-04T00:00:00+00:00,10772681.99629925085826634800,7248441.48329735763249490400,0.5977808214063906,0.4022191785936095,0.5
2022-05-03T00:00:00+00:00,10841785.46879487150502394800,7182893.69561024683657670400,0.6014967240140993,0.3985032759859007,0.5
2022-05-02T00:00:00+00:00,10769871.07984585064489324800,7251043.09737744029393960400,0.5976317834895377,0.4023682165104623,0.5
2022-05-01T00:00:00+00:00,10820304.72842988564329514800,7203147.09136170488142620400,0.6003458625249624,0.3996541374750376,0.5
2022-04-30T00:00:00+00:00,10940683.01601808829629674800,7088920.45572961033500410400,0.606817728030574,0.39318227196942596,0.5
2022-04-29T00:00:00+00:00,10841512.91384478186982904800,7182891.94376232678972390400,0.6014907565322012,0.3985092434677988,0.5
2022-04-28T00:00:00+00:00,10307358.63411187808130734800,7689487.13063219183925870400,0.5727313979821984,0.4272686020178016,0.5
2022-04-27T00:00:00+00:00,10246982.52680153442430704800,7746773.42255946898103750400,0.5694743529721724,0.43052564702782764,0.5
2022-04-26T00:00:00+00:00,10232438.72344122312757794800,7760574.89047393094544300400,0.5686895448980165,0.43131045510198357,0.5
2022-04-25T00:00:00+00:00,10174396.53504251354367394800,7815646.87684211785454610400,0.5655570863337148,0.4344429136662852,0.5
2022-04-24T00:00:00+00:00,10079452.33336435134039204800,7905746.56473046590475900400,0.5604304067180527,0.43956959328194734,0.5
2022-04-23T00:00:00+00:00,10087554.61681978952093134800,7898048.53953960525540430400,0.5608682972221039,0.4391317027778962,0.5
2022-04-22T00:00:00+00:00,9999885.55839929546848934800,7981285.80007245952334190400,0.556130930462875,0.44386906953712496,0.5
2022-04-20T00:00:00+00:00,10048999.74315970719848934800,7934610.41307589824995040400,0.5587865648697536,0.44121343513024636,0.5
2022-04-19T00:00:00+00:00,9986972.26159907192731294800,7993432.55726347590146390400,0.5554364521938975,0.44456354780610247,0.5
2022-04-18T00:00:00+00:00,10020793.79110718820438804800,7961283.70857060180327350400,0.5572656324769341,0.44273436752306594,0.5
2022-04-17T00:00:00+00:00,10168249.45404935262552452800,7821121.12227771044046573000,0.5652365329240681,0.434763467075932,0.5
2022-04-16T00:00:00+00:00,10198555.41617489220429102800,7792306.06707501383945973000,0.5668742114250664,0.43312578857493356,0.5
2022-04-15T00:00:00+00:00,10227135.06376453222029102800,7765100.12712376833245973000,0.5684193739832725,0.43158062601672753,0.5
2022-04-14T00:00:00+00:00,10544251.11976826335061352800,7463684.63943392478882153000,0.5855335814589451,0.414466418541055,0.5
2022-04-13T00:00:00+00:00,10604133.71851535407935382500,7406756.08728265222975875400,0.5887623450509206,0.4112376549490794,0.5
2022-04-12T00:00:00+00:00,9847406.15338421871161293300,8125538.38917714973606231900,0.5479016601906702,0.45209833980932984,0.5
2022-04-11T00:00:00+00:00,9868918.64660553334800736800,8105062.63262893551030936500,0.5490669258684051,0.4509330741315949,0.5
2022-04-10T00:00:00+00:00,9787316.00678102175177436800,8182627.06355874133614446500,0.5446492494979268,0.45535075050207324,0.5
2022-04-09T00:00:00+00:00,10011004.88427189693101899500,7969751.90887776844897915500,0.5567621540871908,0.4432378459128092,0.5
2022-04-08T00:00:00+00:00,10036049.50732204152375419500,7945922.84193570692019685500,0.5581172805961024,0.4418827194038976,0.5
2022-04-07T00:00:00+00:00,10051584.53109694146592069500,7931131.16126403122547425500,0.5589580963773363,0.44104190362266377,0.5
2022-04-06T00:00:00+00:00,9864633.06046993936289699500,8108870.43003056177921295500,0.5488430825789571,0.45115691742104297,0.5
2022-04-05T00:00:00+00:00,10237049.53939095102664269500,7754234.69155517532798898500,0.5690004897917509,0.43099951020824906,0.5
2022-04-04T00:00:00+00:00,10362992.28477357162023525100,7634404.43019530873736608900,0.5758050705274732,0.42419492947252674,0.5
2022-04-03T00:00:00+00:00,10412302.76156886911417815100,7587493.42126129639044388900,0.5784678146245381,0.4215321853754619,0.5
2022-04-02T00:00:00+00:00,10416576.44148312886851735100,7583413.35661262642866508900,0.5786990191841728,0.4213009808158273,0.5
2022-04-01T00:00:00+00:00,10393344.75397290693514034900,7605435.56917495616843071700,0.5774471696066116,0.4225528303933884,0.5
2022-03-31T00:00:00+00:00,10393179.15512765559218224900,7605593.03698181040368271700,0.577438229907924,0.42256177009207596,0.5
2022-03-30T00:00:00+00:00,10379356.59474771187667094900,7618732.67767854073937221700,0.57669213868437,0.42330786131563003,0.5
2022-03-29T00:00:00+00:00,10379081.35159992371344024900,7618994.47833806376639651700,0.5766772764861545,0.4233227235138455,0.5
2022-03-28T00:00:00+00:00,9885364.23387505557362984900,8088708.35211648726330711700,0.5499790983140579,0.4500209016859421,0.5
2022-03-27T00:00:00+00:00,9885128.52648419584181044900,8088932.69420728192334541700,0.5499663323225238,0.45003366767747627,0.5
2022-03-25T00:00:00+00:00,9947636.42081313047081044900,8029386.89160549156134541700,0.5533528130845361,0.44664718691546385,0.5
2022-03-24T00:00:00+00:00,9969386.75586102707312487900,8008665.51485591358275015600,0.5545309695255136,0.4454690304744864,0.5
2022-03-23T00:00:00+00:00,9857263.20300971425507417900,8115369.69346749925500055600,0.5484596085497201,0.4515403914502799,0.5
2022-03-22T00:00:00+00:00,9723490.26560366848247657900,8242757.59795193862600935600,0.5412087342581804,0.45879126574181955,0.5
2022-03-21T00:00:00+00:00,9649839.67652053282997877900,8312903.12264024723435145600,0.5372141540083385,0.4627858459916615,0.5
2022-03-20T00:00:00+00:00,9557851.96545586427597877900,8400531.85516064225235145600,0.5322222790718673,0.46777772092813275,0.5
2022-03-19T00:00:00+00:00,9495647.79096862524416007900,8459800.44196690198756195600,0.5288449315094701,0.4711550684905299,0.5
2022-03-18T00:00:00+00:00,9502409.77360922025601477900,8453349.33652064397859145600,0.5292123666466638,0.4707876333533362,0.5
2022-03-17T00:00:00+00:00,9381961.88589652824209937900,8568145.16438815492725795600,0.5226688542644504,0.47733114573554963,0.5
2022-03-16T00:00:00+00:00,9425660.90612687065262327900,8526455.28750569077935715600,0.5250445576700344,0.47495544232996556,0.5
2022-03-15T00:00:00+00:00,9692580.48579360465598157900,8271846.36182334519567805600,0.539542985034302,0.460457014965698,0.5
2022-03-14T00:00:00+00:00,9709591.21500450804316277900,8255620.60332125765893275600,0.5404662807871851,0.459533719212815,0.5
2022-03-13T00:00:00+00:00,9940961.47929482610418977900,8034947.03782593906881685600,0.5530158027799692,0.4469841972200308,0.5
2022-03-12T00:00:00+00:00,10014387.31470686508116247900,7964919.22060391206084135600,0.5569951930592502,0.4430048069407498,0.5
2022-03-11T00:00:00+00:00,10200974.21356672825174157900,7786942.19919161729251185600,0.5671014907725195,0.4328985092274805,0.5
2022-03-10T00:00:00+00:00,10111560.58547197541892707900,7872121.24180912989151005600,0.5622630939862835,0.43773690601371645,0.5
2022-03-08T00:00:00+00:00,9841652.42622395088371127900,8129386.48026156242737345600,0.5476395926488271,0.45236040735117283,0.5
2022-03-07T00:00:00+00:00,9808937.81359265733378517900,8160582.51375116073938655600,0.5458653116447753,0.45413468835522475,0.5
2022-03-06T00:00:00+00:00,9660543.49197314017678517900,8302110.84404740950138655600,0.5378126924482888,0.4621873075517113,0.5
2022-03-05T00:00:00+00:00,9485165.82671167872380507900,8469410.73514304271985305600,0.5282868016427258,0.4717131983572742,0.5
2022-03-04T00:00:00+00:00,9445160.00198047826338747900,8507570.00070246816232625600,0.5261127416592878,0.4738872583407122,0.5
2022-03-03T00:00:00+00:00,9260313.62727162130863752800,8683964.86676686517256027400,0.5160594019061907,0.48394059809380935,0.5
2022-03-02T00:00:00+00:00,9197021.51734401026207872800,8744312.46183107128641617400,0.5126163711137202,0.4873836288862799,0.5
2022-03-01T00:00:00+00:00,9219065.96599569018818252800,8723245.03865698680923017400,0.5138170865283221,0.4861829134716779,0.5
2022-02-28T00:00:00+00:00,8865647.20721252311168044200,9060669.44529973316101944800,0.494560448700434,0.505439551299566,0.5
2022-02-27T00:00:00+00:00,8937466.02750482252783064200,8992023.29182381454130394800,0.4984785605616726,0.5015214394383274,0.5
2022-02-26T00:00:00+00:00,9053238.31559039975825884200,8881365.10967003060447064800,0.5047916645226258,0.49520833547737414,0.5
2022-02-25T00:00:00+00:00,9389613.75443510196111024200,8559921.43673771513792534800,0.5231118050930202,0.4768881949069798,0.5
2022-02-24T00:00:00+00:00,9340766.50577992424228434200,8606354.70043582220471204800,0.520460434765709,0.4795395652342909,0.5
2022-02-23T00:00:00+00:00,9545500.08466152073055704200,8410716.27927419487107254800,0.5315986336538718,0.46840136634612817,0.5
2022-02-22T00:00:00+00:00,9733523.51888808036532008500,8231087.17104592751527593000,0.5418165573909153,0.45818344260908467,0.5
2022-02-21T00:00:00+00:00,9873269.28647210260722143500,8097591.47320673877403014100,0.5494043617890982,0.45059563821090176,0.5
2022-02-20T00:00:00+00:00,9883619.08626716351181213500,8087703.56708526114066320200,0.5499661475625136,0.4500338524374864,0.5
2022-02-19T00:00:00+00:00,9977724.10301070708019993500,7997804.41124550966143330200,0.55507264195862,0.4449273580413799,0.5
2022-02-18T00:00:00+00:00,10006463.99540751124656693500,7970348.38626027843612700200,0.556631719960086,0.443368280039914,0.5
2022-02-17T00:00:00+00:00,10057556.19674717832377343500,7921533.81563011793329100200,0.5594029614303773,0.4405970385696227,0.5
2022-02-16T00:00:00+00:00,10057814.37431433456016403500,7921287.17637930028628330200,0.5594169622967786,0.44058303770322144,0.5
2022-02-15T00:00:00+00:00,10079547.61936516690942573500,7900522.92225402849509800200,0.5605955547300903,0.43940444526990974,0.5
2022-02-14T00:00:00+00:00,10096146.59019120056501333500,7884663.26769106472742490200,0.5614956539771951,0.4385043460228048,0.5
2022-02-13T00:00:00+00:00,10191352.69711750015847053500,7793699.63562825255999370200,0.5666568274901206,0.43334317250987947,0.5
2022-02-12T00:00:00+00:00,10218743.21499631170770973500,7767525.54196658447735690200,0.5681413612281537,0.4318586387718463,0.5
2022-02-11T00:00:00+00:00,10208643.40040334093908723500,7777104.10740512269412730200,0.5675962812205212,0.4324037187794788,0.5
2022-02-10T00:00:00+00:00,10490670.61884956737034893500,7507604.00136043220473370200,0.5828709051405264,0.4171290948594735,0.5
2022-02-09T00:00:00+00:00,10515243.31156270938859443500,7484121.69121795447538610200,0.5842007931912178,0.41579920680878224,0.5
2022-02-08T00:00:00+00:00,10409828.52961413116083132900,7584409.37628039140625299200,0.5785089973832177,0.4214910026167823,0.5
2022-02-07T00:00:00+00:00,10096984.37373006070273712900,7883174.91322941972874823200,0.5615625653023624,0.43843743469763763,0.5
2022-02-06T00:00:00+00:00,10118317.68138071824710752900,7862763.74189689550586283200,0.5627201970334184,0.4372798029665816,0.5
2022-02-05T00:00:00+00:00,10101077.05246639594083282900,7879223.41493603370719073200,0.5617857760930773,0.4382142239069226,0.5
2022-02-04T00:00:00+00:00,10087292.10855694601684312900,7892374.35205841326202393200,0.5610388897176297,0.4389611102823703,0.5
2022-02-03T00:00:00+00:00,10116608.34944184044218012900,7864333.87238823768354348000,0.5626294898584121,0.43737051014158784,0.5
2022-02-02T00:00:00+00:00,10161780.19663825443096762900,7821069.72241019055495858000,0.5650817441274604,0.4349182558725396,0.5
2022-02-01T00:00:00+00:00,10070032.34644817082695842900,7908756.07901139177358058000,0.5601062823670648,0.43989371763293517,0.5
2022-01-31T00:00:00+00:00,9976473.45257316801341512900,7998188.61871171137612898000,0.5550298199213946,0.4449701800786054,0.5
2022-01-30T00:00:00+00:00,9803090.56245143821998752900,8163980.27053860002871788000,0.5456142881371404,0.4543857118628596,0.5
2022-01-29T00:00:00+00:00,9778410.92507610246128014300,8187581.02964261418172800400,0.5442733665762235,0.4557266334237765,0.5
2022-01-28T00:00:00+00:00,9688699.70206601181619782900,8273393.60230445925534203100,0.5393970256077332,0.46060297439226683,0.5
2022-01-27T00:00:00+00:00,9617918.21866059638591722900,8341091.70505882827445863100,0.5355483548097881,0.46445164519021187,0.5
2022-01-26T00:00:00+00:00,9500421.41631264958086862900,8453509.81900666846102544700,0.5291554975783375,0.4708445024216625,0.5
2022-01-25T00:00:00+00:00,9545729.52528975903867242900,8410021.81324713257067468200,0.531625179326391,0.4683748206736091,0.5
2022-01-24T00:00:00+00:00,9638571.42853428539386162900,8321049.86870865048062668200,0.5366801041631065,0.4633198958368935,0.5
2022-01-23T00:00:00+00:00,9485870.27383129094132272900,8467213.14756541134350058200,0.5283699769659576,0.4716300230340424,0.5
2022-01-22T00:00:00+00:00,9524320.81533722140223722900,8430365.19590581440905878200,0.5304643483808735,0.4695356516191265,0.5
2022-01-21T00:00:00+00:00,8928725.59855971554539520700,9000718.18045536580371732300,0.4979923364387937,0.5020076635612063,0.5
2022-01-20T00:00:00+00:00,8131350.13630599401174420700,9765101.05842569207748882300,0.45435545001791644,0.5456445499820836,0.5
2022-01-19T00:00:00+00:00,8284600.47447022054817531700,9617862.58854345296725761000,0.4627631653426578,0.5372368346573422,0.5
2022-01-18T00:00:00+00:00,8307662.88078871629152201700,9595722.53059577839598759500,0.46402748362362783,0.5359725163763721,0.5
2022-01-17T00:00:00+00:00,8765979.06838321253424298100,9155632.47958042349303837900,0.4891289516527467,0.5108710483472533,0.5
2022-01-16T00:00:00+00:00,8750551.50685046598398288100,9170395.20637469577690339000,0.4882862299006113,0.5117137700993887,0.5
2022-01-15T00:00:00+00:00,8657515.00201402882814818100,9259627.77044396566731469000,0.48319729947803125,0.5168027005219687,0.5
2022-01-14T00:00:00+00:00,8656131.43392371380505248100,9260954.92415508366765189000,0.48312160029416124,0.5168783997058388,0.5
2022-01-13T00:00:00+00:00,8719761.40608259888485458100,9206960.70589972822803729000,0.48641136687527825,0.5135886331247217,0.5
2022-01-12T00:00:00+00:00,9269118.62217118948084844600,8680510.11438655366071619500,0.5163961192853483,0.4836038807146516,0.5
2022-01-11T00:00:00+00:00,9305336.71551241763304394600,8637501.25432895482595319500,0.5186100844890305,0.48138991551096955,0.5
2022-01-10T00:00:00+00:00,9688843.68283712483219571300,8269451.38961112834027413100,0.5395191271637929,0.4604808728362071,0.5
2022-01-09T00:00:00+00:00,9826185.36942622783603481300,8137662.52622070228084403100,0.5469978050642116,0.45300219493578836,0.5
2022-01-08T00:00:00+00:00,9367014.79012432357036867400,8577938.09585147534129651200,0.521986034159207,0.478013965840793,0.5
2022-01-07T00:00:00+00:00,9574633.91470957138019527000,8378575.03875368491730615800,0.5333104482618178,0.4666895517381821,0.5
2022-01-06T00:00:00+00:00,10115688.16498213218052337000,7859055.94189031854012695800,0.5627723045645199,0.43722769543548007,0.5
2022-01-05T00:00:00+00:00,10841736.54583190087993177000,7162527.07310782879828605800,0.6021760609207504,0.39782393907924957,0.5
2022-01-04T00:00:00+00:00,8817183.11823724798691777000,9104429.18424012186739965800,0.49198604285276365,0.5080139571472363,0.5
2022-01-03T00:00:00+00:00,9147633.48715963020975307000,8786728.25197067587058985800,0.5100618366139429,0.48993816338605717,0.5
2022-01-02T00:00:00+00:00,6090925.75233097674299347000,8841190.36115517043436125800,0.4079077410086487,0.5920922589913513,0.5
2022-01-01T00:00:00+00:00,6273894.83201936205630847000,8664831.54925211490806145800,0.4199752155501608,0.5800247844498392,0.5
2021-12-31T00:00:00+00:00,7496682.59153097683244107000,7487566.49489767208910935800,0.5003041893050737,0.49969581069492625,0.5
2021-12-30T00:00:00+00:00,7793385.99857556284280367000,7202096.14824890753746935800,0.5197155998232398,0.4802844001767602,0.5
2021-12-29T00:00:00+00:00,8087163.20327606359978437000,6919650.87902987935719565800,0.5388994065576771,0.46110059344232296,0.5
2021-12-28T00:00:00+00:00,8002605.06109480952922817000,7000848.31103345614586769100,0.5333842057963237,0.4666157942036763,0.5
2021-12-27T00:00:00+00:00,7960669.56290719169767097000,7041119.03347363018711999100,0.5306480298507673,0.46935197014923263,0.5
2021-12-26T00:00:00+00:00,7921157.93682396230283877000,7079020.49719432374425076200,0.528070914067255,0.47192908593274496,0.5
2021-12-25T00:00:00+00:00,7876133.73205030073258547000,7122267.33941874601533736200,0.5251315586587962,0.4748684413412037,0.5
2021-12-24T00:00:00+00:00,7843248.04981676715403737000,7153870.29925269144168876200,0.5229836737471253,0.47701632625287477,0.5
2021-12-23T00:00:00+00:00,7854448.52009514752692927000,7143050.59032053158320646200,0.5237172186021519,0.4762827813978481,0.5
2021-12-22T00:00:00+00:00,7862152.34282954248473707000,7135599.97064344433196216200,0.5242220419766971,0.47577795802330286,0.5
2021-12-21T00:00:00+00:00,7875377.32711542193814257000,7122857.60961807999988226200,0.5250869425859666,0.47491305741403345,0.5
2021-12-20T00:00:00+00:00,7839443.70591239664975977000,7157400.27332133480897266200,0.5227395655224357,0.4772604344775643,0.5
2021-12-19T00:00:00+00:00,7872405.36017826420394497000,7125642.41438028590990346200,0.5248953382807836,0.4751046617192164,0.5
2021-12-18T00:00:00+00:00,7895670.27024536935388947000,7103243.89685611338279596200,0.5264161246794571,0.4735838753205429,0.5
2021-12-17T00:00:00+00:00,8026739.15841108155321837000,6977067.81031248971081576200,0.5349801670431612,0.46501983295683885,0.5
2021-12-16T00:00:00+00:00,8004160.66327597720650427000,6998747.52505264591248436200,0.5335072749097233,0.4664927250902767,0.5
2021-12-15T00:00:00+00:00,8072210.27587775513478037000,6933232.46519027774793006200,0.5379521561056722,0.46204784389432785,0.5
2021-12-14T00:00:00+00:00,8104625.87907796035957097000,6902020.36770610517923686200,0.5400690964388387,0.4599309035611613,0.5
2021-12-13T00:00:00+00:00,8090967.22739630626014657000,6915143.50330193118597206200,0.5391781636559889,0.460821836344011,0.5
2021-12-12T00:00:00+00:00,8065052.65687983508966002600,6940072.42665879797001933000,0.5374865328998555,0.46251346710014446,0.5
2021-12-11T00:00:00+00:00,8078465.80496936581350692600,6927142.17262048910904073000,0.5383631117802199,0.46163688821978016,0.5
2021-12-10T00:00:00+00:00,8157165.52443049707604822600,6851331.84094765782403903000,0.5435031453080426,0.45649685469195744,0.5
2021-12-09T00:00:00+00:00,8534144.88272870952035652600,6488150.39677412460857365100,0.5680985977138341,0.4319014022861659,0.5
2021-12-08T00:00:00+00:00,8684618.90892662188857582600,6343258.62531940249807495100,0.5779005644100988,0.42209943558990115,0.5
2021-12-07T00:00:00+00:00,5675204.83707655812610724100,6352260.02414017216644726200,0.47185378652625215,0.5281462134737478,0.5
2021-12-06T00:00:00+00:00,5383071.04675908398737661600,6633927.86729937437595116500,0.44795469195403953,0.5520453080459605,0.5
2021-12-05T00:00:00+00:00,5483407.85221430441558822300,6536983.46985464037865132100,0.4561754859134239,0.5438245140865762,0.5
2021-12-04T00:00:00+00:00,5477891.61131450638260126200,6542218.50301658915840975100,0.4557272403672439,0.5442727596327561,0.5
2021-12-03T00:00:00+00:00,5559330.24156294926500775100,6463490.05659131263563414000,0.4623981814330549,0.5376018185669451,0.5
2021-12-02T00:00:00+00:00,6272221.74355529668579237400,5775300.71311629108673933500,0.5206233701670265,0.47937662983297347,0.5
2021-12-01T00:00:00+00:00,6593680.11824820520754380900,5465150.76835788951350053300,0.5467926518126972,0.4532073481873028,0.5
2021-11-30T00:00:00+00:00,6634940.52047346614792278000,5425317.04915510187150052500,0.5501491557843908,0.44985084421560917,0.5
2021-11-29T00:00:00+00:00,7006127.72437785550982516100,5067285.09157672677544468700,0.5802938929678201,0.4197061070321799,0.5
2021-11-28T00:00:00+00:00,4549932.68061400332335276100,5027068.54494469497404458700,0.4750894954958692,0.5249105045041308,0.5
2021-11-27T00:00:00+00:00,4478005.91415457562164556100,5096509.91406377553679928700,0.46770050773291727,0.5322994922670827,0.5
2021-11-26T00:00:00+00:00,4895632.54581361227270326600,4692898.67475325664112582600,0.5105716854019051,0.48942831459809494,0.5
2021-11-25T00:00:00+00:00,4878175.74456229239362196600,4709750.73884218123156542600,0.5087831819534513,0.49121681804654876,0.5
2021-11-24T00:00:00+00:00,4951786.58317505887529996600,4638618.55162934199102832600,0.5163271533967425,0.4836728466032575,0.5
2021-11-23T00:00:00+00:00,4946478.82663283816251996600,4643732.65831853115904112600,0.5157841236759672,0.4842158763240328,0.5
2021-11-22T00:00:00+00:00,4914732.52707004623051996600,4674361.77684591114104112600,0.5125335481436434,0.48746645185635656,0.5
2021-11-21T00:00:00+00:00,3764574.61427004623051996600,3611800.17774657742918532600,0.5103556584928964,0.4896443415071035,0.5
2021-11-20T00:00:00+00:00,2021.46117134181323632800,305.52283388326327099600,0.8687043687463113,0.1312956312536887,0.5
2021-11-19T00:00:00+00:00,1682.32421564531970358800,593.38128712149188468700,0.7392539208610004,0.26074607913899955,0.5
2021-11-09T00:00:00+00:00,1182.32421564531970358800,1075.16836807777420627500,0.5237333775402314,0.47626662245976853,0.5
2021-11-08T00:00:00+00:00,1192.21046937135478748800,1065.58637972390898397500,0.5280415152714439,0.47195848472855606,0.5
2021-10-30T00:00:00+00:00,1193.2100000000000000,1064.6174323259907288,0.5284770584839459,0.4715229415160541,0.5
2021-10-29T00:00:00+00:00,1193.2100000000000000,1064.3455177455239273,0.5285407116771961,0.471459288322804,0.5
2021-10-18T00:00:00+00:00,1093.2100000000000000,1064.3455177455239273,0.5066891632722937,0.49331083672770626,0.5
