date_time,am3crv,amwbtc_in_usd,amweth_in_usd,stablecoin_percent,btc_percent,weth_percent,ideal
2022-08-10T00:00:00+00:00,12634419.95660726042626788200000000000000,12819792.595965277,12222322.712892834,0.3353392202225154,0.34025932866804787,0.32440145110943674,0.33
2022-08-09T00:00:00+00:00,12033641.32316775736296364700000000000000,13210612.135368275,13437676.913329901,0.3110920579061908,0.3415189471768604,0.34738899491694875,0.33
2022-08-08T00:00:00+00:00,12508393.74644360400393041400000000000000,12741351.978356216,12478583.03338776,0.3315385058960266,0.33771312956954563,0.3307483645344278,0.33
2022-08-07T00:00:00+00:00,12223014.78321274254076793200000000000000,12710879.137442335,12726630.35565872,0.3245577436345007,0.33751200711341967,0.3379302492520797,0.33
2022-08-06T00:00:00+00:00,12123570.83438698879595455900000000000000,13031218.736506637,12984039.023154998,0.3178800000238815,0.3416785259770693,0.34044147399904917,0.33
2022-08-05T00:00:00+00:00,12304128.86497241450817456600000000000000,12721543.47908076,11937644.14280609,0.33287405012336013,0.34416672225836026,0.32295922761827967,0.33
2022-08-04T00:00:00+00:00,11734135.40303571286364724700000000000000,12804782.268911336,12578404.293814745,0.3161363692633767,0.3449813076687719,0.3388823230678514,0.33
2022-08-03T00:00:00+00:00,11778555.64580454110183662000000000000000,12677833.278652227,12684549.633041482,0.3171313408671686,0.34134391243305684,0.3415247466997747,0.33
2022-08-02T00:00:00+00:00,11845868.68184903123275306200000000000000,12754778.655078553,12712800.783129133,0.3174691506326279,0.3418279279373971,0.340702921429975,0.33
2022-08-01T00:00:00+00:00,11954008.92767542126341347600000000000000,12666493.89571326,13135177.878047617,0.3166148432657094,0.33548577751457154,0.34789937921971914,0.33
2022-07-31T00:00:00+00:00,12025521.15793758981223697900000000000000,13116678.742390232,12968667.139053622,0.3155404768280698,0.34417161721448786,0.34028790595744235,0.33
2022-07-30T00:00:00+00:00,12164283.04023572991885959700000000000000,13127607.631239917,13165795.346767172,0.31630304107390833,0.3413519894309994,0.3423449694950922,0.33
2022-07-29T00:00:00+00:00,12216674.63678596889334675100000000000000,13006749.111228563,13103780.505703468,0.31874682421170514,0.33936075861747256,0.34189241717082225,0.33
2022-07-28T00:00:00+00:00,12393373.02165797070770066400000000000000,12558271.242048204,12321876.009250423,0.3324980557484357,0.3369220602208513,0.33057988403071303,0.33
2022-07-27T00:00:00+00:00,12088491.83658134135058506900000000000000,11770994.066910125,11180436.316723643,0.3449919711753039,0.33593094165372445,0.3190770871709716,0.33
2022-07-26T00:00:00+00:00,11422104.79122205904654174000000000000000,12026797.944927191,11861713.510301253,0.32347509064983343,0.34060005809545024,0.3359248512547162,0.33
2022-07-25T00:00:00+00:00,11286805.85159723514094892400000000000000,12724740.881041324,13361180.968018826,0.302006477611178,0.3404819948643325,0.35751152752448956,0.33
2022-07-24T00:00:00+00:00,11882210.52975377761033009100000000000000,12736311.177584756,12355686.363390354,0.32136484186555125,0.3444647456200048,0.3341704125144439,0.33
2022-07-23T00:00:00+00:00,11884246.56012671361002660600000000000000,12627334.619471857,12274379.4848964,0.32306473299736704,0.34326504980090117,0.3336702172017318,0.33
2022-07-22T00:00:00+00:00,11721652.19836372201499988000000000000000,12718363.94424298,12871646.374442076,0.31415518386530644,0.340868326047696,0.3449764900869976,0.33
2022-07-21T00:00:00+00:00,12015093.43511189073576103800000000000000,12654200.304474534,12142931.241268406,0.3263886777112945,0.34374994478208487,0.32986137750662065,0.33
2022-07-20T00:00:00+00:00,11711497.52733989233821804600000000000000,12608490.181116465,12731520.953779254,0.31608692736651556,0.34029626960824794,0.34361680302523634,0.33
2022-07-19T00:00:00+00:00,11868008.78358454852996795600000000000000,11928771.106744964,12881387.706925685,0.32357147483214754,0.32522810947724806,0.3512004156906045,0.33
2022-07-18T00:00:00+00:00,11868778.52991971004655323600000000000000,11465534.419022083,10497793.316200975,0.3508140591928832,0.3388950817654243,0.31029085904169246,0.33
2022-07-17T00:00:00+00:00,10849410.12090160049247140000000000000000,11746843.090202013,11710798.168663159,0.31624431959489946,0.3424031683798373,0.3413525120252631,0.33
2022-07-16T00:00:00+00:00,11017316.51815537011850597800000000000000,11348145.834100729,10494180.520051964,0.3352841222580674,0.34535207452495464,0.31936380321697794,0.33
2022-07-15T00:00:00+00:00,10646020.76253667930702259600000000000000,11151455.676020462,10750393.580985334,0.32708809381826115,0.3426170643217168,0.33029484186002206,0.33
2022-07-14T00:00:00+00:00,10452602.73990715934932476400000000000000,10996327.241127525,10220271.919181595,0.3300557675195401,0.34722464038642,0.32271959209404005,0.33
2022-07-13T00:00:00+00:00,10604110.37964619803392350400000000000000,10690160.617723605,10312794.059507247,0.3354981033691061,0.33822060347857713,0.32628129315231674,0.33
2022-07-12T00:00:00+00:00,10068775.81411281757477305400000000000000,11013684.696890205,11326101.278826406,0.3106825868858098,0.3398387366990953,0.34947867641509484,0.33
2022-07-11T00:00:00+00:00,10497528.55757244122142061200000000000000,11585501.43540011,11921380.35931288,0.30871079512387145,0.340705847134957,0.35058335774117155,0.33
2022-07-10T00:00:00+00:00,10844809.21297539259007185600000000000000,12012667.202208642,12080187.811394218,0.3104045291249145,0.3438314343026459,0.34576403657243965,0.33
2022-07-09T00:00:00+00:00,11095690.63809122727789227400000000000000,11980744.578925656,11832213.328572765,0.3178493324827682,0.3432027614383055,0.3389479060789262,0.33
2022-07-08T00:00:00+00:00,11106745.75899043315874766100000000000000,11906954.660183813,12089800.873306228,0.31639994160268026,0.33919564208070613,0.34440441631661356,0.33
2022-07-07T00:00:00+00:00,11339897.58471786604815092000000000000000,11191061.795534182,11369906.11837855,0.33450171309567106,0.33011138892563785,0.3353868979786911,0.33
2022-07-06T00:00:00+00:00,10965517.06773186884098314200000000000000,11329011.988817139,10945796.631350212,0.32988596955064575,0.3408213293451978,0.3292927011041565,0.33
2022-07-05T00:00:00+00:00,10761049.95072204077755754600000000000000,11266645.613915926,11415364.216174766,0.32177229061127866,0.3368903948310355,0.3413373145576858,0.33
2022-07-04T00:00:00+00:00,10826628.94332033973001694600000000000000,10861244.142762838,10561272.230540201,0.33571832174229954,0.33679168970609036,0.3274899885516101,0.33
2022-07-03T00:00:00+00:00,10443225.61249858606122846100000000000000,11029019.253978398,10815891.284095595,0.3234384779535623,0.34158116784894743,0.3349803541974904,0.33
2022-07-02T00:00:00+00:00,10389309.20453834845596618800000000000000,10936884.934613293,10751193.407144776,0.323882647536173,0.34095310657167405,0.3351642458921529,0.33
2022-07-01T00:00:00+00:00,10240824.60696556345202819900000000000000,11057666.283969505,10877221.712312728,0.3182780979319122,0.3436650003783708,0.33805690168971697,0.33
2022-06-30T00:00:00+00:00,10545000.96462959557139634200000000000000,11118317.604173208,11327558.998956889,0.3196338425060475,0.337011877945271,0.34335427954868153,0.33
2022-06-29T00:00:00+00:00,10545484.96965274027075800600000000000000,11251298.045943523,11736305.40581539,0.314479979807622,0.33552823720105984,0.3499917829913181,0.33
2022-06-28T00:00:00+00:00,10748003.10578614115525424000000000000000,11650438.735905403,11989180.680402327,0.3125544110785967,0.33879744749495416,0.34864814142644895,0.33
2022-06-27T00:00:00+00:00,10998578.74467136639244702200000000000000,11932197.369213453,11824823.39609596,0.31645487057453575,0.34331726505787585,0.3402278643675883,0.33
2022-06-26T00:00:00+00:00,11118719.06006918022424574400000000000000,12127191.185345203,12329840.403825521,0.3125364569168054,0.34088363461149646,0.3465799084716981,0.33
2022-06-25T00:00:00+00:00,11480315.63912581045390274800000000000000,11973327.817016581,11839976.72480908,0.3252801945582765,0.3392490698213717,0.3354707356203517,0.33
2022-06-24T00:00:00+00:00,11400506.59719547875818420400000000000000,11854259.226446964,11111569.012407178,0.3317347238680969,0.3449381286366353,0.3233271474952679,0.33
2022-06-23T00:00:00+00:00,11210243.77512442807583351700000000000000,11056841.140876494,10752952.522698928,0.33949821516513173,0.3348524713638802,0.32564931347098797,0.33
2022-06-22T00:00:00+00:00,10570334.73594568870521750600000000000000,11655007.948960481,12082713.529230045,0.3081006592145641,0.33971635921938875,0.3521829815660472,0.33
2022-06-21T00:00:00+00:00,10972830.03879559997009387600000000000000,11726683.11703804,11749434.910823038,0.3185243862182329,0.34040758209358385,0.3410680316881832,0.33
2022-06-20T00:00:00+00:00,11171070.66520746780320751200000000000000,11622956.007196814,11600064.333398255,0.32479621756315136,0.33793467619876727,0.3372691062380814,0.33
2022-06-19T00:00:00+00:00,11223712.76240787565405507500000000000000,10912767.859140487,10341338.651747834,0.34558086144768346,0.33600679181416426,0.3184123467381523,0.33
2022-06-18T00:00:00+00:00,10472988.91897266829496649900000000000000,11943973.473611008,11964722.098833986,0.3046095348116795,0.3473934930847398,0.3479969721035807,0.33
2022-06-17T00:00:00+00:00,11181563.18571982814922581800000000000000,11774069.492923629,11465910.053494483,0.324842011664982,0.3420552525651524,0.33310273576986565,0.33
2022-06-16T00:00:00+00:00,10996835.82412778491956630800000000000000,13023803.844324809,13587511.048386052,0.2924056518206855,0.3463026922643538,0.36129165591496076,0.33
2022-06-15T00:00:00+00:00,12126516.86097673877024833200000000000000,12398189.670140525,12425662.368646739,0.3281839186469987,0.3355362893337639,0.33627979201923747,0.33
2022-06-14T00:00:00+00:00,12179400.76229349803640887400000000000000,13009231.91984813,12653369.121611565,0.3218487442988689,0.34377758310232587,0.3343736725988051,0.33
2022-06-13T00:00:00+00:00,12472295.20785866478222445600000000000000,15805495.001931636,15811636.748258585,0.2828863078607499,0.35848719505859244,0.3586264970806576,0.33
2022-06-12T00:00:00+00:00,14228878.94329494372555749700000000000000,16338725.143513892,16141509.347334482,0.304627467685866,0.34979737233827796,0.34557515997585597,0.33
2022-06-11T00:00:00+00:00,14912888.50395132113653379000000000000000,16273492.253293792,17311362.277204603,0.3074965466611127,0.33555153776401797,0.3569519155748694,0.33
2022-06-10T00:00:00+00:00,21526889.40985837542888864200000000000000,23626679.03011947,24720058.397145055,0.3080831836600964,0.33813443068003074,0.35378238565987286,0.33
2022-06-09T00:00:00+00:00,22274519.89716210345352986900000000000000,23995405.719766267,23893426.116868842,0.31746658827920016,0.3419934357013883,0.3405399760194116,0.33
2022-06-08T00:00:00+00:00,22341312.13109379081516993800000000000000,24486332.125773005,24196303.206056755,0.3145602705729158,0.3447616332301938,0.3406780961968903,0.33
2022-06-07T00:00:00+00:00,22894910.00648547658789764500000000000000,24430041.843887508,24567907.46702249,0.3184587485303389,0.3398117987772997,0.3417294526923614,0.33
2022-06-06T00:00:00+00:00,23267550.23146979392246529700000000000000,23220845.697200254,23708420.45379496,0.33146161650262496,0.33079627957316826,0.33774210392420684,0.33
2022-06-05T00:00:00+00:00,22803762.19824466431882902200000000000000,23712352.668489948,23703859.5688359,0.32474751495627474,0.33768671747733164,0.33756576756639367,0.33
2022-06-04T00:00:00+00:00,22753040.86195042126648345100000000000000,23929024.25323975,23339979.16155342,0.3249411110024873,0.3417355848490601,0.3333233041484526,0.33
2022-06-03T00:00:00+00:00,22313194.19764288153292360200000000000000,24507175.81096358,24599163.774467397,0.3124242488814876,0.34314387833166843,0.34443187278684395,0.33
2022-06-02T00:00:00+00:00,19918627.37594522480624944600000000000000,20400192.349817917,20631487.834435485,0.32680109704569166,0.33470204116147095,0.3384968617928374,0.33
2022-06-01T00:00:00+00:00,19421016.62592375736482404100000000000000,22281137.888612404,22081340.69911977,0.30448341786333705,0.3493245049362245,0.34619207720043843,0.33
2022-05-31T00:00:00+00:00,20670020.49503939224199765700000000000000,21526319.021700136,22315874.487571884,0.320404760773797,0.33367819340786403,0.34591704581833904,0.33
2022-05-30T00:00:00+00:00,23422684.99577893909655792600000000000000,22779961.359487936,22268482.203311,0.3420811879234698,0.33269440476652,0.3252244073100101,0.33
2022-05-29T00:00:00+00:00,22141068.47909292656509416500000000000000,22893187.495132413,22835976.128024302,0.32622650303797956,0.33730822462258214,0.33646527233943807,0.33
2022-05-28T00:00:00+00:00,22216870.32623978931478352100000000000000,23076636.571860947,22212697.122903038,0.32910857081116973,0.34184467793035617,0.3290467512584742,0.33
2022-05-27T00:00:00+00:00,21564830.90313920955370228400000000000000,23597336.722073514,24129094.638072215,0.31122006150212206,0.34055284824241006,0.3482270902554677,0.33
2022-05-26T00:00:00+00:00,22259388.43549501675566094800000000000000,23869179.848726906,25724913.965563226,0.30978858280124033,0.3321923879172645,0.35801902928149526,0.33
2022-05-25T00:00:00+00:00,23144636.15838492050979524400000000000000,24737526.515314583,25146226.90520707,0.3169265581760821,0.3387384913997849,0.3443349504241331,0.33
2022-05-24T00:00:00+00:00,23830465.16322977292617621000000000000000,24396256.341017213,25032276.428534966,0.32529062416462723,0.33301378710369134,0.3416955887316815,0.33
2022-05-23T00:00:00+00:00,17063551.62446425572948122500000000000000,18972756.96652176,18844639.438847978,0.3109194034911403,0.34570752961861967,0.3433730668902401,0.33
2022-05-22T00:00:00+00:00,17702881.36751363918901733600000000000000,17906576.588514328,17827673.349684704,0.3312842762130294,0.33509614290615997,0.3336195808808106,0.33
2022-05-21T00:00:00+00:00,17306344.72713494855566080900000000000000,18091035.9836494,18031371.729799043,0.3239144456232783,0.3386011306134825,0.3374844237632391,0.33
2022-05-20T00:00:00+00:00,16977650.53825814755532063700000000000000,18693981.37447895,18662900.281626344,0.3124652012743265,0.3440534153787787,0.3434813833468947,0.33
2022-05-19T00:00:00+00:00,17942635.98527107757943493300000000000000,18054567.70024202,17893748.31732862,0.33294338508484594,0.33502038893820224,0.3320362259769519,0.33
2022-05-18T00:00:00+00:00,17221267.14580280955469381300000000000000,19529398.302178707,20072429.87876918,0.30306809311909355,0.34368768878003764,0.35324421810086876,0.33
2022-05-17T00:00:00+00:00,18406205.48443142652329285500000000000000,18911964.97746613,18515640.85822263,0.32966055960071267,0.3387188610327062,0.33162057936658107,0.33
2022-05-16T00:00:00+00:00,15458207.73475324771585169100000000000000,16895056.379726175,17151933.793462798,0.31225423567639665,0.341278433249444,0.34646733107415933,0.33
2022-05-15T00:00:00+00:00,15909379.90810206046118164400000000000000,16134211.352234816,15944088.795254773,0.331530507198342,0.3362156981446911,0.33225379465696686,0.33
2022-05-14T00:00:00+00:00,15086315.91920224084633446900000000000000,15744238.348860541,15552353.340521472,0.3252559336407397,0.3394405215326927,0.33530354482656755,0.33
2022-05-13T00:00:00+00:00,14602552.06229082367309879000000000000000,15073409.419158868,15174580.099779602,0.32558251355435663,0.33608087857443714,0.3383366078712061,0.33
2022-05-12T00:00:00+00:00,15566908.62171745577867745400000000000000,16279145.67094452,17817490.88207821,0.31344739017211926,0.327788634775602,0.3587639750522789,0.33
2022-05-11T00:00:00+00:00,30938509.38447120437280987400000000000000,35639216.5115138,37006350.370884016,0.2986801688008755,0.34406076489686155,0.3572590663022629,0.33
2022-05-10T00:00:00+00:00,34008214.84102398664914994500000000000000,36082517.125185326,34758343.684296004,0.32435397861192383,0.34413767504693704,0.33150834634113896,0.33
2022-05-09T00:00:00+00:00,32994621.69429659633557998600000000000000,40022628.73713859,39300544.535107195,0.2937613020637126,0.3563338182436779,0.3499048796926095,0.33
2022-05-08T00:00:00+00:00,38512368.27418576799835143600000000000000,42237973.71999952,42657321.6963462,0.31207436493379337,0.3422637821417589,0.3456618529244477,0.33
2022-05-07T00:00:00+00:00,39768084.53665264517031485700000000000000,43125819.40133331,43327350.93043092,0.3150664646624697,0.3416684412327473,0.343265094104783,0.33
2022-05-06T00:00:00+00:00,40322175.24856809312437239200000000000000,43699475.30717176,43760240.77414017,0.31555469111403983,0.34198488418329775,0.3424604247026624,0.33
2022-05-05T00:00:00+00:00,40885960.43158487335025325300000000000000,47341767.721749745,46380066.81070324,0.3037414025131907,0.3517015321021913,0.34455706538461794,0.33
2022-05-04T00:00:00+00:00,40277707.33360832259134330700000000000000,40033829.33440903,39711546.84296913,0.3355830074963992,0.3335510817029166,0.3308659108006842,0.33
2022-05-03T00:00:00+00:00,38413740.47289007780981443400000000000000,41915321.48312233,41721120.559993885,0.3147372636485185,0.3434269463515578,0.3418357899999237,0.33
2022-05-02T00:00:00+00:00,39365443.65442215522529898100000000000000,41323113.18225653,40561848.42660012,0.3246623676757652,0.3408080417754398,0.334529590548795,0.33
2022-05-01T00:00:00+00:00,38952342.79297248287678827000000000000000,40219645.34541953,39666004.813037194,0.3277768483425403,0.33844096779603033,0.3337821838614294,0.33
2022-04-30T00:00:00+00:00,37740385.90990565732378956400000000000000,41093369.548899114,41433417.98226349,0.3138045472432983,0.3416840054783124,0.3445114472783893,0.33
2022-04-29T00:00:00+00:00,38403936.33002166435725388200000000000000,42044683.76674284,42620511.75187646,0.31205173672024855,0.341634682354405,0.3463135809253465,0.33
2022-04-28T00:00:00+00:00,39708921.32894839052663552500000000000000,40904820.57163104,40513157.269002005,0.3278290916483767,0.33770220200521284,0.3344687063464105,0.33
2022-04-27T00:00:00+00:00,42518836.71570664490201253600000000000000,42769564.19062603,42841310.72767615,0.33184213226950776,0.33379895767496537,0.33435891005552687,0.33
2022-04-26T00:00:00+00:00,41099276.74304853472556718900000000000000,46267145.84100087,46752825.580749914,0.3064383174333613,0.3449702147461341,0.3485914678205046,0.33
2022-04-25T00:00:00+00:00,43444282.27731216733870069400000000000000,44233763.64875307,43823507.909114644,0.3303708664291825,0.3363744561086658,0.33325467746215165,0.33
2022-04-24T00:00:00+00:00,42249416.75158432950392849200000000000000,45216706.64900637,45219426.43328814,0.3184176182295678,0.3407809419007367,0.3408014398696955,0.33
2022-04-23T00:00:00+00:00,42261427.64041121118695430300000000000000,44921900.162341654,45374538.582180314,0.31881493564243685,0.3388852083051299,0.3422998560524333,0.33
2022-04-22T00:00:00+00:00,42493104.66223428079146595100000000000000,46170159.225088626,45395039.35458735,0.3169748059958273,0.34440357746266465,0.33862161654150813,0.33
2022-04-21T00:00:00+00:00,41802127.78255798966583248200000000000000,45431571.1399749,46094814.184852526,0.31352729291213,0.34074910220729315,0.34572360488057685,0.33
2022-04-20T00:00:00+00:00,43192318.07815134431988249000000000000000,45022350.22938527,45225986.73743896,0.3236818499099361,0.3373960523066279,0.33892209778343596,0.33
2022-04-19T00:00:00+00:00,43335287.91893174721850238500000000000000,44708078.89291495,44421807.09582837,0.32714476296339867,0.3375081734620706,0.33534706357453065,0.33
2022-04-18T00:00:00+00:00,42973054.37657128299180176400000000000000,43723567.37850549,43720120.40355764,0.32950565751980176,0.3352603864718661,0.33523395600833217,0.33
2022-04-17T00:00:00+00:00,41750089.59505208224145303600000000000000,45442635.107572615,45478719.81371364,0.3146878346523966,0.3425200899352264,0.34279207541237694,0.33
2022-04-16T00:00:00+00:00,42968916.40170824507156661400000000000000,44729577.87479084,44240989.342642464,0.3256714004258418,0.3390158627868205,0.3353127367873377,0.33
2022-04-15T00:00:00+00:00,43010720.56353346611961072400000000000000,44338231.81436076,44336369.6562049,0.326617423256907,0.3366983588564232,0.33668421788666975,0.33
2022-04-14T00:00:00+00:00,42116363.93491652471764636500000000000000,46739366.41455653,46189904.68795145,0.3118676432840279,0.3461005341017049,0.34203182261426723,0.33
2022-04-13T00:00:00+00:00,43652650.88015570798022995000000000000000,43922581.2079786,44066159.45415368,0.33160277606251903,0.33365327343770196,0.33474395049977906,0.33
2022-04-12T00:00:00+00:00,42310643.56051713480165601900000000000000,44805122.57361039,44303771.82771518,0.3219509383209208,0.34093197456392993,0.33711708711514915,0.33
2022-04-11T00:00:00+00:00,42139447.32968937879072453900000000000000,47685319.62934716,48067473.0948764,0.30559694521761155,0.3458158313383205,0.3485872234440679,0.33
2022-04-10T00:00:00+00:00,44270119.21828401047710881400000000000000,47708442.05966396,47977610.50921326,0.3163141621621941,0.3408813019851437,0.3428045358526622,0.33
2022-04-09T00:00:00+00:00,45620685.34593814421602794100000000000000,46895412.50320823,46305459.72288996,0.32862824869447943,0.3378107357632375,0.3335610155422831,0.33
2022-04-08T00:00:00+00:00,44165282.64531601054632736500000000000000,48803107.41595181,47476620.79299265,0.31446672528044617,0.3474890786016935,0.33804419611786035,0.33
2022-04-07T00:00:00+00:00,45072368.80460351780465536300000000000000,47670677.78546864,46819210.121407606,0.32295528796000095,0.3415728500580162,0.3354718619819829,0.33
2022-04-06T00:00:00+00:00,42948985.93563707543787522700000000000000,48080080.96265556,49001505.760107026,0.30671149249964025,0.3433541693780362,0.3499343381223236,0.33
2022-04-05T00:00:00+00:00,44735268.01542864029253085100000000000000,48766692.01168269,48999112.72563934,0.31392934208325196,0.3422198238205288,0.3438508340962193,0.33
2022-04-04T00:00:00+00:00,46279190.27640930200393029300000000000000,48331018.31780713,47555194.67863126,0.32553060879086754,0.339963290682255,0.3345061005268774,0.33
2022-04-03T00:00:00+00:00,46140465.64810269645008636900000000000000,48294458.91864676,47063715.67084207,0.3260841628628223,0.34130687643043883,0.33260896070673895,0.33
2022-04-02T00:00:00+00:00,45471171.96444479978474786400000000000000,48736170.34733034,48373352.287312314,0.31891534889980694,0.34181465088501717,0.3392700002151757,0.33
2022-04-01T00:00:00+00:00,46135180.55240318633997277800000000000000,47674236.93734301,45537902.92101185,0.33108050026659436,0.3421252507533859,0.32679424898001974,0.33
2022-03-31T00:00:00+00:00,44622704.27319522247237176000000000000000,48887469.71492504,48719231.36957304,0.3137375436603521,0.34372266123153467,0.34253979510811317,0.33
2022-03-30T00:00:00+00:00,46122838.62741077187002693400000000000000,48359943.853620805,47925938.56870738,0.3238765034010908,0.3395855499378453,0.3365379466610639,0.33
2022-03-29T00:00:00+00:00,46331454.80359181919491097000000000000000,48385554.73610375,47037094.99202771,0.3268438325411824,0.34133441776478163,0.3318217496940361,0.33
2022-03-28T00:00:00+00:00,45868653.08060648548110196200000000000000,47222045.2544151,46911371.16062004,0.3276283932505327,0.33729533730846145,0.3350762694410059,0.33
2022-03-27T00:00:00+00:00,45506224.21682023203026932100000000000000,44995967.78972106,45197664.77511587,0.3353446738712506,0.3315844898946368,0.33307083623411265,0.33
2022-03-26T00:00:00+00:00,44246815.79913168467873487200000000000000,45706034.3830403,45164021.00246983,0.32747069563701564,0.33827037276922617,0.33425893159375825,0.33
2022-03-25T00:00:00+00:00,44253454.54288823468085212100000000000000,45465121.12054912,46072977.03900284,0.32589254384520333,0.3348155331884065,0.3392919229663901,0.33
2022-03-24T00:00:00+00:00,44190620.62034105624126792600000000000000,44310857.76941433,44616304.99304459,0.33196631958079076,0.33286955839695637,0.3351641220222528,0.33
2022-03-23T00:00:00+00:00,43669884.76036913419401805400000000000000,45076381.453449234,44266299.42945283,0.32831397957910374,0.33888814365358827,0.33279787676730793,0.33
2022-03-22T00:00:00+00:00,43204931.22094334813088502900000000000000,43299023.53598628,43727177.73634537,0.3317557821527383,0.3324782846238567,0.33576593322340487,0.33
2022-03-21T00:00:00+00:00,41843469.62795420370933300000000000000000,44647040.38955521,43937224.10889568,0.32081727025481616,0.3423124743260906,0.3368702554190934,0.33
2022-03-20T00:00:00+00:00,41829198.60859735557964911700000000000000,44872214.339579776,45717058.093260475,0.3158864339666615,0.3388667304996895,0.34524683553364904,0.33
2022-03-19T00:00:00+00:00,42477246.53718060215624223500000000000000,43605966.30255186,43994561.99396744,0.326552684280511,0.3352299526825442,0.3382173630369448,0.33
2022-03-18T00:00:00+00:00,42384861.28209280956633544400000000000000,43249960.63640397,42024899.99096489,0.33201436324726474,0.33879096702934647,0.32919466972338873,0.33
2022-03-17T00:00:00+00:00,39460594.81561219340497898500000000000000,41415580.113586605,40193246.00904181,0.32593362146946797,0.3420812604258951,0.3319851181046369,0.33
2022-03-16T00:00:00+00:00,39415441.00695145043501793900000000000000,39082536.28646756,38591575.485495396,0.33662645446579437,0.3337832911554649,0.32959025437874084,0.33
2022-03-15T00:00:00+00:00,37924088.67206421934293769900000000000000,39371077.05507037,38753548.865880035,0.32679456041426075,0.3392633618833745,0.3339420777023647,0.33
2022-03-14T00:00:00+00:00,37938487.59096595259172703500000000000000,37802090.55406898,38387302.95314634,0.33242085304579033,0.3312257284576134,0.3363534184965962,0.33
2022-03-13T00:00:00+00:00,23623993.33339779616073918900000000000000,25969886.949485585,25488639.80679022,0.31464038907035696,0.34588459362404017,0.3394750173056029,0.33
2022-03-12T00:00:00+00:00,24023670.95398844592013090300000000000000,25537520.752733145,25357874.202535246,0.3206616455027122,0.34086811471547973,0.3384702397818081,0.33
2022-03-11T00:00:00+00:00,23958913.28318520734703607900000000000000,25902560.212776765,25912601.882304884,0.3161887910024829,0.34183934391109716,0.3419718650864199,0.33
2022-03-10T00:00:00+00:00,24171456.37059905848477767100000000000000,27388725.29309045,26614361.928714477,0.30919856080807023,0.3503535042800268,0.34044793491190306,0.33
2022-03-09T00:00:00+00:00,25387304.96957770254087019500000000000000,24189319.228292838,24896826.27329648,0.3408906772676875,0.324804599159239,0.3343047235730736,0.33
2022-03-08T00:00:00+00:00,24228158.10042310630230516300000000000000,24219572.83828776,24297027.94613573,0.33305709540911066,0.33293907643060344,0.33400382816028584,0.33
2022-03-07T00:00:00+00:00,23390661.55720927154771673000000000000000,25068111.61047599,25407725.859078575,0.3166612993088274,0.33937051221817255,0.343968188473,0.33
2022-03-06T00:00:00+00:00,23965385.82359778630391153500000000000000,26039694.881264187,26494305.853039984,0.31327552941171,0.3403908979264153,0.3463335726618748,0.33
2022-03-05T00:00:00+00:00,24441816.11631414763082588400000000000000,25719846.19769488,25230008.985061202,0.3241978284226679,0.34114970200975064,0.33465246956758143,0.33
2022-03-04T00:00:00+00:00,24677780.08527012312842856300000000000000,28465219.48511851,28120467.810390063,0.3036761890756728,0.3502831026362457,0.3460407082880814,0.33
2022-03-03T00:00:00+00:00,25840994.18360003591819962000000000000000,28547032.258728553,28445648.00345097,0.31196242779879063,0.34463076097649853,0.3434068112247108,0.33
2022-03-02T00:00:00+00:00,26495510.46626674394520025700000000000000,28027885.9330513,28314651.192163456,0.3198471141778982,0.3383455640006356,0.3418073218214663,0.33
2022-03-01T00:00:00+00:00,27259376.49978970553548119500000000000000,27714395.045585193,27709160.37055701,0.3296856541989313,0.33518882801306416,0.3351255177880046,0.33
2022-02-28T00:00:00+00:00,27146541.01864548463578946900000000000000,24434541.950816482,25424003.838973276,0.35252919182050474,0.31731075132220865,0.3301600568572867,0.33
2022-02-27T00:00:00+00:00,25149855.20902332333634478100000000000000,27280561.64067415,28277715.874248903,0.3116148814276963,0.33801502673819034,0.3503700918341134,0.33
2022-02-26T00:00:00+00:00,26230325.59518921828581093100000000000000,27741180.70280333,27017716.443990383,0.3238742724912216,0.34252928678154787,0.3335964407272306,0.33
2022-02-25T00:00:00+00:00,26247194.93800727235956963900000000000000,26361677.313793134,25538536.332841754,0.3358677582965365,0.33733271251394814,0.32679952918951544,0.33
2022-02-24T00:00:00+00:00,25484672.32910973390359844700000000000000,25886599.824398387,26328552.360966425,0.3279888016267301,0.33316162534673455,0.3388495730265354,0.33
2022-02-23T00:00:00+00:00,25076350.66002912659483739100000000000000,26941619.908259008,27074483.428631116,0.3170511141430241,0.340634517539542,0.34231436831743395,0.33
2022-02-22T00:00:00+00:00,26776736.36303434143766106700000000000000,27357643.19623318,26977813.818859726,0.3301197421478553,0.33728151165507075,0.33259874619707397,0.33
2022-02-21T00:00:00+00:00,28967466.00981621784674422900000000000000,32107747.604437742,31384637.992556613,0.3132977774288628,0.34726150914644877,0.3394407134246885,0.33
2022-02-20T00:00:00+00:00,29697366.02617304631622859500000000000000,32497493.124755554,33135484.306894556,0.31152060245447455,0.3408934862291078,0.34758591131641764,0.33
2022-02-19T00:00:00+00:00,30980029.39349465945679246400000000000000,32612791.09192791,33100896.097290203,0.32039340805556926,0.33727932118557674,0.342327270758854,0.33
2022-02-18T00:00:00+00:00,30988851.24521150282693035500000000000000,33481834.528553065,33967675.620853975,0.31480462297603434,0.34012994582804446,0.34506543119592126,0.33
2022-02-17T00:00:00+00:00,30138962.13316391300178872800000000000000,34510137.867075495,34391081.27728811,0.3043104500052296,0.3484458269555484,0.3472437230392221,0.33
2022-02-16T00:00:00+00:00,34142242.79335128991615735700000000000000,35794712.35287487,35790609.42348714,0.3229265984920991,0.33855610406378933,0.33851729744411146,0.33
2022-02-15T00:00:00+00:00,34257757.60308056691945631300000000000000,34418810.04158652,32690645.242140196,0.3379569845856848,0.339545786663984,0.32249722875033104,0.33
2022-02-14T00:00:00+00:00,32452683.11616446106025175800000000000000,33400605.123752307,32908344.630210597,0.32859605671809916,0.338194136256075,0.3332098070258258,0.33
2022-02-13T00:00:00+00:00,31659615.06178967694798408100000000000000,33421405.09710263,34074600.33399368,0.3192921884247714,0.33706011753010495,0.34364769404512374,0.33
2022-02-12T00:00:00+00:00,31731715.36523528520381267900000000000000,33620700.127198376,33767348.73678804,0.32013509729354656,0.3391926967203841,0.34067220598606934,0.33
2022-02-11T00:00:00+00:00,31805534.80427037967082423600000000000000,34888597.72350888,35510658.63440047,0.3111941665611448,0.34135970854974157,0.3474461248891136,0.33
2022-02-10T00:00:00+00:00,32645672.67647592571929825500000000000000,35512189.83088256,36425959.15718463,0.31214840074584627,0.3395572017323038,0.3482943975218498,0.33
2022-02-09T00:00:00+00:00,34085403.46348580676721963700000000000000,35041633.90649556,33972301.2943873,0.3306073919101266,0.339882237465855,0.3295103706240183,0.33
2022-02-08T00:00:00+00:00,33716978.10028437903367486400000000000000,34770462.40780664,35094201.78549947,0.3255111364687326,0.33568170611983233,0.33880715741143497,0.33
2022-02-07T00:00:00+00:00,32632027.32877249732031191300000000000000,32148859.778149176,32865702.31890561,0.33418501885885027,0.3292368936507462,0.3365780874904036,0.33
2022-02-06T00:00:00+00:00,31732085.73719780008476042700000000000000,32161177.234038506,32441257.813967507,0.3293947535998081,0.3338489356868031,0.3367563107133888,0.33
2022-02-05T00:00:00+00:00,31246835.93871054515843789900000000000000,31759148.518889744,32111950.128798448,0.32850624936907163,0.3338923270042399,0.33760142362668855,0.33
2022-02-04T00:00:00+00:00,30989494.54073204895140225600000000000000,28595225.575186137,28799455.246347323,0.35062265856657654,0.3235333186962618,0.3258440227371616,0.33
2022-02-03T00:00:00+00:00,28782020.20290431320453453000000000000000,29740565.349806495,29668374.86792794,0.3263602081848816,0.3372291809495535,0.33641061086556495,0.33
2022-02-02T00:00:00+00:00,28260921.81775653714781548300000000000000,31531164.464399412,30863862.34981668,0.3117381952781138,0.3478113123321173,0.34045049238976893,0.33
2022-02-01T00:00:00+00:00,29500868.71378598830020314700000000000000,30568456.686763864,29325834.501734313,0.3300052122064855,0.34194755868413407,0.32804722910938044,0.33
2022-01-31T00:00:00+00:00,28920244.03237460052393887800000000000000,29688522.251817323,28278822.30523818,0.33284666431510057,0.34168887333384856,0.32546446235105103,0.33
2022-01-30T00:00:00+00:00,28465037.09313569965476654500000000000000,29762160.290420283,29326183.997145373,0.32511636494498664,0.33993159168813675,0.33495204336687673,0.33
2022-01-29T00:00:00+00:00,27262744.09725126918365823500000000000000,28084931.599030524,27681576.33401138,0.3283510742371192,0.33825345781488864,0.3333954679479923,0.33
2022-01-28T00:00:00+00:00,26918807.89375853674430464000000000000000,27214908.083044473,26298792.774831004,0.33467572144094876,0.3383570711076645,0.32696720745138685,0.33
2022-01-27T00:00:00+00:00,26351768.19301522819518484700000000000000,26882727.658522144,28072339.165445525,0.3241027422542155,0.33063305997468767,0.34526419777109685,0.33
2022-01-26T00:00:00+00:00,26114797.64795354445607574600000000000000,27395732.941093266,27459803.835876115,0.32252303060656906,0.3383428404447935,0.3391341289486376,0.33
2022-01-25T00:00:00+00:00,26150802.59643968774448635400000000000000,26693287.298935372,26820228.262812845,0.32826242916574705,0.3350720613202391,0.336665509514014,0.33
2022-01-24T00:00:00+00:00,25710209.62344784791952463700000000000000,26031207.650983334,27593893.492524642,0.32407019490943345,0.32811628768240314,0.3478135174081634,0.33
2022-01-23T00:00:00+00:00,26594064.43812970487967570500000000000000,26501835.156621143,26087998.234772783,0.33585192402860137,0.3346871760932683,0.32946089987813026,0.33
2022-01-22T00:00:00+00:00,25792835.23201500020460441300000000000000,27718287.025351346,28464936.19670587,0.31463863618748705,0.3381266134048242,0.3472347504076888,0.33
2022-01-21T00:00:00+00:00,30094943.37407991633537678300000000000000,34972754.9399935,36389382.071883544,0.2966273350227952,0.34470492159790367,0.3586677433793012,0.33
2022-01-20T00:00:00+00:00,33869319.20664566672169033200000000000000,37021844.40308177,36764764.01160693,0.3146071001847345,0.3438904407874433,0.34150245902782217,0.33
2022-01-19T00:00:00+00:00,34426835.93096454988229530700000000000000,36845600.211225055,37223468.06822039,0.31731000521641217,0.3396036051256742,0.3430863896579136,0.33
2022-01-18T00:00:00+00:00,35172809.99835115254358627900000000000000,35949290.70731715,37159082.17626341,0.3248284610697603,0.3319994273290841,0.34317211160115557,0.33
2022-01-17T00:00:00+00:00,33926662.55358141346512350000000000000000,36679138.884378314,37394403.43398864,0.3141351684823833,0.33962101208851725,0.3462438194290995,0.33
2022-01-16T00:00:00+00:00,35157311.63205533557325891100000000000000,36848317.478526324,36074705.68568282,0.32528870028324947,0.34093452382421646,0.333776775892534,0.33
2022-01-15T00:00:00+00:00,34726096.81374930753250544200000000000000,36665646.75326119,36417994.60765463,0.3221053812178704,0.34009587050344475,0.3377987482786849,0.33
2022-01-14T00:00:00+00:00,34735586.39592569597731505900000000000000,35802524.2128432,35295053.66689405,0.328210789440729,0.3382921077516742,0.3334971028075968,0.33
2022-01-13T00:00:00+00:00,34172235.61918483745589828400000000000000,37101694.60250926,37376163.46604087,0.3145163934915446,0.3414787170744751,0.34400488943398033,0.33
2022-01-12T00:00:00+00:00,35003105.32880505542625260900000000000000,35291362.09533346,34816014.72895741,0.33301250847486547,0.33575492541201307,0.33123256611312135,0.33
2022-01-11T00:00:00+00:00,34082459.39516848908291278400000000000000,34459513.95603752,33588219.49921336,0.33371580375928506,0.33740770475688003,0.32887649148383485,0.33
2022-01-10T00:00:00+00:00,33105444.13816247287338721800000000000000,34581885.15511584,34795405.36495881,0.3230343554801072,0.33744108478799556,0.33952455973189727,0.33
2022-01-09T00:00:00+00:00,32089900.62679030013921429400000000000000,33580756.95285949,32456858.135909263,0.32702245025553156,0.34221550100381215,0.33076204874065634,0.33
2022-01-08T00:00:00+00:00,31731321.24187360338809363200000000000000,33135571.038751658,34460049.48047997,0.31946338706563354,0.33360103967005444,0.3469355732643119,0.33
2022-01-07T00:00:00+00:00,30269390.09181391602394065600000000000000,32911456.490706295,33627304.760838024,0.31267398118630246,0.3399657573666111,0.34736026144708637,0.33
2022-01-06T00:00:00+00:00,31531144.25434850148369527300000000000000,33390002.87501692,34349486.55320941,0.3176281150291803,0.33635327625472716,0.3460186087160924,0.33
2022-01-05T00:00:00+00:00,31839050.07625198406658527200000000000000,35451738.87596617,35818541.58867812,0.30878922314041846,0.34382668076682876,0.34738409609275284,0.33
2022-01-04T00:00:00+00:00,33370192.41030873899713750700000000000000,35415873.73875286,34719776.24825876,0.3223991190971907,0.3421630404475577,0.3354378404552516,0.33
2022-01-03T00:00:00+00:00,29608687.29431846174863188000000000000000,32061745.387487862,31546457.688430414,0.31763221425558547,0.343947810961573,0.33841997478284147,0.33
2022-01-02T00:00:00+00:00,29857518.92895323906007146400000000000000,31170682.861884777,30318784.653272793,0.3268582806201394,0.34123383896146436,0.33190788041839625,0.33
2022-01-01T00:00:00+00:00,28228073.32755952922103876900000000000000,28353324.572209127,28449983.134292666,0.33197241987933973,0.3334454201190915,0.33458216000156876,0.33
2021-12-31T00:00:00+00:00,26332373.41080787661599621400000000000000,28314707.917785,27828479.44890494,0.31927486351802115,0.343310280656015,0.33741485582596376,0.33
2021-12-30T00:00:00+00:00,26480808.69125749585073257500000000000000,27593881.765471846,27278134.946256366,0.325505703828765,0.339187749519258,0.335306546651977,0.33
2021-12-29T00:00:00+00:00,26310765.97502807235024259000000000000000,28428801.81144649,28961037.818726085,0.31434379458531997,0.3396486991448972,0.3460075062697828,0.33
2021-12-28T00:00:00+00:00,26908835.56053244080834047200000000000000,30313000.584599998,30008512.399033763,0.30848020224186123,0.3475052099471093,0.34401458781102934,0.33
2021-12-27T00:00:00+00:00,27934351.73564400867241648400000000000000,29256388.756050657,29564246.61240367,0.3219913075674284,0.33723005135077216,0.34077864108179945,0.33
2021-12-26T00:00:00+00:00,30116528.84818226502816102000000000000000,31119593.150030997,31441442.58366803,0.32496029631393797,0.335783458385299,0.3392562453007631,0.33
2021-12-25T00:00:00+00:00,29862647.28472209266696169600000000000000,31567031.740926277,30563876.38148681,0.3246167316021128,0.3431439474343643,0.3322393209635228,0.33
2021-12-24T00:00:00+00:00,29361844.33183466836506713300000000000000,30684008.287263133,31386856.51856347,0.3211306392291999,0.33559115306389126,0.34327820770690887,0.33
2021-12-23T00:00:00+00:00,29778637.06907026043014780800000000000000,29635302.813927494,29872124.050405495,0.3335194290934537,0.33191409172244274,0.33456647918410354,0.33
2021-12-22T00:00:00+00:00,28845717.65558143531882810200000000000000,30519941.606688682,30593555.504227236,0.32065328416277117,0.33926420640628946,0.3400825094309393,0.33
2021-12-21T00:00:00+00:00,25418914.71844501998995561300000000000000,24991539.26561657,25850392.055183306,0.3333154041506974,0.32771127732775973,0.33897331852154294,0.33
2021-12-20T00:00:00+00:00,25004042.52003713152285224400000000000000,26131770.365054548,25725081.995216954,0.3253155269526148,0.33998784955272976,0.33469662349465557,0.33
2021-12-19T00:00:00+00:00,24438160.07728622019075592200000000000000,25645112.28387976,25894895.92230939,0.32164713403075446,0.33753264738098937,0.34082021858825623,0.33
2021-12-18T00:00:00+00:00,24315278.10649070579818570800000000000000,25177448.81260941,24899075.799551364,0.3268542664364603,0.33844385930302145,0.3347018742605182,0.33
2021-12-17T00:00:00+00:00,23494697.94460649552536899700000000000000,25366851.728700463,25068785.955727264,0.3177950937825793,0.3431183087817376,0.3390865974356831,0.33
2021-12-16T00:00:00+00:00,23799624.05189390525769059500000000000000,25230491.175121386,25328955.20699237,0.32006349612742463,0.3393061670601839,0.34063033681239147,0.33
2021-12-15T00:00:00+00:00,24303648.72942430258590825500000000000000,24902819.132570516,24166048.39226385,0.3312364079923956,0.3394025502175021,0.3293610417901023,0.33
2021-12-14T00:00:00+00:00,24034083.66657465454153407200000000000000,24089968.639493264,24281813.34421647,0.3319355890675724,0.3327074184272065,0.33535699250522116,0.33
2021-12-13T00:00:00+00:00,23276449.28036807098863674800000000000000,26422646.91046432,26627898.113362197,0.3049569748233739,0.34617696073762794,0.3488660644389982,0.33
2021-12-12T00:00:00+00:00,24762337.30932954046431047000000000000000,24981280.774849392,25202533.568879656,0.3304017186093767,0.3333230622766725,0.3362752191139507,0.33
2021-12-11T00:00:00+00:00,24666662.53808434728432731600000000000000,24363220.714817915,24618981.59316879,0.3349225081695233,0.3308023927556518,0.33427509907482494,0.33
2021-12-10T00:00:00+00:00,23734292.29635114587178083200000000000000,25337810.4904487,26366014.34779247,0.31461936217212044,0.3358754360907821,0.3495052017370973,0.33
2021-12-09T00:00:00+00:00,24386340.68812949251467873000000000000000,26768476.451272015,27500184.621627457,0.3100418300443309,0.3403277077356183,0.3496304622200506,0.33
2021-12-08T00:00:00+00:00,25733263.00670272471322101600000000000000,26605600.648891937,25770025.113409285,0.32945370766706505,0.3406219326403972,0.3299243596925378,0.33
2021-12-07T00:00:00+00:00,25479589.37130048338197293300000000000000,26357240.09929575,26504040.66907444,0.3252400608504091,0.33644303480807053,0.33831690434152045,0.33
2021-12-06T00:00:00+00:00,25486533.67777194018699790400000000000000,25524739.396584943,25411080.855614115,0.33349579497546383,0.33399572355458107,0.33250848146995515,0.33
2021-12-05T00:00:00+00:00,25023255.28007770079409568300000000000000,25690046.323202297,25293335.036345445,0.329224609670888,0.3379974099499754,0.3327779803791367,0.33
2021-12-04T00:00:00+00:00,24919322.77538032776342069400000000000000,28040596.1203718,26299717.843431704,0.314401173164359,0.3537815371605063,0.3318172896751346,0.33
2021-12-03T00:00:00+00:00,25121027.78797531876286081900000000000000,27625922.227423366,27406531.303622644,0.31341156210034526,0.34466278660397276,0.341925651295682,0.33
2021-12-02T00:00:00+00:00,25691684.10006237997308403200000000000000,27055508.85882889,27314776.632178195,0.32089747768243976,0.3379320918161225,0.34117043050143786,0.33
2021-12-01T00:00:00+00:00,26101250.30080447234669039500000000000000,26968639.304495394,27454764.14206308,0.32413986383219,0.33491158358912626,0.3409485525786838,0.33
2021-11-30T00:00:00+00:00,23128092.08952359624077018700000000000000,24677905.602493938,23166462.786784973,0.3258741761733245,0.347711005593001,0.3264148182336746,0.33
2021-11-29T00:00:00+00:00,22866812.73401988573477767100000000000000,23106477.243208155,22639479.780725863,0.3332734243886002,0.33676642591052874,0.32996014970087095,0.33
2021-11-28T00:00:00+00:00,22408162.21540654092381642300000000000000,22106023.059751175,22143853.761832736,0.33616593795943517,0.33163326403112325,0.3322007980094416,0.33
2021-11-27T00:00:00+00:00,21553481.52770115824276891900000000000000,21959236.744094416,21967955.672592428,0.32915790613282764,0.3353544705838573,0.3354876232833151,0.33
2021-11-26T00:00:00+00:00,20848007.81532730088424002500000000000000,23954314.76059848,24365744.17309854,0.3014108792569568,0.3463204320501899,0.35226868869285316,0.33
2021-11-25T00:00:00+00:00,22442456.65920483448939844500000000000000,22246634.95167559,21737635.115442645,0.3378528156545686,0.3349048801295197,0.32724230421591166,0.33
2021-11-24T00:00:00+00:00,21618123.19248620411746347500000000000000,22301812.51843054,22557759.24053915,0.3251936338688103,0.3354781259295471,0.3393282402016426,0.33
2021-11-23T00:00:00+00:00,21716311.18090020502963194100000000000000,21994617.87612382,21025094.574043512,0.33545945461003424,0.3397585554755692,0.32478198991439655,0.33
2021-11-22T00:00:00+00:00,20861167.13998135098477689400000000000000,22725445.66734428,23010946.810322788,0.3132422157771247,0.34123541159490195,0.3455223726279733,0.33
2021-11-21T00:00:00+00:00,21538749.13232530623554656500000000000000,22857651.25574611,23335612.152174745,0.3179995444477166,0.3374719043253611,0.34452855122692233,0.33
2021-11-20T00:00:00+00:00,22206060.62429963462908407500000000000000,22214595.104467146,22304404.92402558,0.3327994071050775,0.3329273122742001,0.3342732806207223,0.33
2021-11-19T00:00:00+00:00,21951007.85830261378999132000000000000000,21833375.19920601,20941446.357618157,0.33913830161244013,0.33732090259014014,0.3235407957974197,0.33
2021-11-18T00:00:00+00:00,21022707.51748881387437676700000000000000,23304619.457646273,23539810.632223625,0.309762696035811,0.3433859195959282,0.3468513843682608,0.33
2021-11-17T00:00:00+00:00,21878140.00036107997976011600000000000000,22597537.145841587,22117558.918999724,0.32853396670706736,0.3393368227925733,0.3321292105003593,0.33
2021-11-16T00:00:00+00:00,21983260.19071752954440329600000000000000,24418557.67842001,24895030.552789923,0.30833424867005116,0.3424914034616717,0.34917434786827706,0.33
2021-11-15T00:00:00+00:00,23369372.92322319571434577100000000000000,24553624.968673028,24840658.61871437,0.3211682046217044,0.33744352807630756,0.341388267301988,0.33
2021-11-14T00:00:00+00:00,24208496.92033285583259419100000000000000,24466156.24863575,25171246.954509895,0.32782452214481206,0.33131367087036157,0.3408618069848264,0.33
2021-11-13T00:00:00+00:00,24004977.85086920297792227200000000000000,25174974.460410297,24877067.85546984,0.32414182742998254,0.3399404189329446,0.3359177536370728,0.33
2021-11-12T00:00:00+00:00,24165078.06258518920938083100000000000000,25174237.076016285,25219359.295891386,0.32410820398660106,0.3376433026332078,0.3382484933801912,0.33
2021-11-11T00:00:00+00:00,24429020.88114078214299518600000000000000,25681551.55919201,25024069.25100379,0.32513658588402605,0.3418070676998148,0.3330563464161591,0.33
2021-11-10T00:00:00+00:00,24770047.65745570385140009300000000000000,26477066.09094524,25942971.554470606,0.32089675196322437,0.343011229836797,0.3360920181999786,0.33
2021-11-09T00:00:00+00:00,25210718.83564725351536920200000000000000,26142119.69066928,26639691.018388826,0.32324530288758563,0.3351874832535673,0.3415672138588471,0.33
2021-11-08T00:00:00+00:00,25652725.58684556928057551200000000000000,24463975.67031447,25376472.745725907,0.3398019215070348,0.3240554658541614,0.3361426126388039,0.33
2021-11-07T00:00:00+00:00,27824047.84973740535189137300000000000000,27699145.38321736,27991448.561492134,0.333163709403439,0.3316681337314812,0.3351681568650799,0.33
2021-11-06T00:00:00+00:00,27500187.40067214107755799600000000000000,28131345.75753882,27999677.997793697,0.3288268461086091,0.3363737696571552,0.3347993842342356,0.33
2021-11-05T00:00:00+00:00,27203463.33779470424236177300000000000000,28305644.294148184,28325026.33928604,0.32449149349035644,0.3376386556800648,0.33786985082957877,0.33
2021-11-04T00:00:00+00:00,27445403.08942827708553836800000000000000,28830956.55432498,28476800.004645664,0.32382749154469725,0.34017559550500637,0.3359969129502964,0.33
2021-11-03T00:00:00+00:00,27933714.17533855895093627400000000000000,28653119.949730616,28197131.938489377,0.329469302655622,0.3379544656857727,0.3325762316586053,0.33
2021-11-02T00:00:00+00:00,27592909.02414213487534552300000000000000,27532432.367315404,26638203.080155727,0.3374720262246197,0.33673237315285587,0.32579560062252433,0.33
2021-11-01T00:00:00+00:00,24222504.34213067448079007700000000000000,25353976.146442365,24735792.755124867,0.3259556367317141,0.3411815443096073,0.33286281895867853,0.33
2021-10-31T00:00:00+00:00,24168005.89251625011169079600000000000000,24725009.266834285,25232639.55290217,0.3260410445794196,0.33355535762637023,0.34040359779421014,0.33
2021-10-30T00:00:00+00:00,24064587.06523870694705343300000000000000,24963644.514831457,25123250.95819194,0.32453278399149205,0.3366573891756006,0.3388098268329074,0.33
2021-10-29T00:00:00+00:00,23735863.96960577131767436900000000000000,23805287.616293173,23807953.272384465,0.3326722040416757,0.33364521760400834,0.3336825783543161,0.33
2021-10-28T00:00:00+00:00,23752390.45023105133291584000000000000000,23517146.109582633,22317806.71683502,0.3413320487865442,0.337951486609983,0.32071646460347286,0.33
2021-10-27T00:00:00+00:00,21975930.70358799373426701500000000000000,23416276.7813834,24097431.368629515,0.31624758836186145,0.3369750824395022,0.3467773291986364,0.33
2021-10-26T00:00:00+00:00,22526133.75370071389244622800000000000000,24647712.100180477,23890164.936881363,0.31698370951824795,0.34683817907142916,0.3361781114103229,0.33
2021-10-25T00:00:00+00:00,23035551.38822713946024281700000000000000,22812947.16795863,22834088.268950894,0.33539143548676764,0.33215037788310964,0.3324581866301228,0.33
2021-10-24T00:00:00+00:00,22295895.48000769485540493900000000000000,23123205.22205364,23324676.525774866,0.32433329064989885,0.3363679761939301,0.33929873315617115,0.33
2021-10-23T00:00:00+00:00,21740874.08880025964779205000000000000000,22375289.403912447,21197209.042948708,0.33287018025182574,0.34258358641173264,0.3245462333364416,0.33
2021-10-22T00:00:00+00:00,21419639.08524332620224676600000000000000,23036056.556779712,22679552.989569157,0.31905205569111084,0.3431290868257768,0.33781885748311236,0.33
2021-10-21T00:00:00+00:00,21985387.37366659157160041600000000000000,24185161.889186654,23390963.10419437,0.3160567765930491,0.34768021950948186,0.33626300389746894,0.33
2021-10-20T00:00:00+00:00,22967345.96068594457432682200000000000000,22961411.45232098,21976307.63748486,0.3382272875168921,0.33813989332382927,0.3236328191592786,0.33
2021-10-19T00:00:00+00:00,21733577.32735596397245210600000000000000,21260899.924550023,21500011.774863172,0.3369834796014152,0.32965452157819947,0.33336199882038525,0.33
2021-10-18T00:00:00+00:00,20971928.82022480404142939800000000000000,21266506.11338432,22105089.668653447,0.3259368980773451,0.3305150944845273,0.3435480074381276,0.33
2021-10-17T00:00:00+00:00,21814141.16714245664951173300000000000000,22073238.225023787,22189740.27627537,0.3301315383691108,0.33405266960457347,0.33581579202631584,0.33
2021-10-16T00:00:00+00:00,21141227.21900579498725594300000000000000,22071535.240039438,22159795.51227214,0.32339605294750196,0.3376269175473211,0.33897702950517694,0.33
2021-10-15T00:00:00+00:00,20904735.55981326862065769800000000000000,19815387.257058997,20882284.360935718,0.3393493293123148,0.321665794647671,0.33898487604001415,0.33
2021-10-14T00:00:00+00:00,20153672.72240948469852698500000000000000,20739243.477859233,19582070.28319023,0.3332563410811492,0.3429391998877388,0.32380445903111194,0.33
2021-10-13T00:00:00+00:00,19472000.60991801815431976500000000000000,19897051.871962365,19249819.12084579,0.3321797243366322,0.33943082369120553,0.3283894519721622,0.33
2021-10-12T00:00:00+00:00,19121120.95709617633199808300000000000000,18670459.848462623,19824421.032547176,0.3318717083289504,0.3240499037216148,0.3440783879494348,0.33
2021-10-11T00:00:00+00:00,19470942.26471752407470951400000000000000,19032435.33007378,19327011.875748042,0.33669049167715953,0.32910785322947744,0.334201655093363,0.33
2021-10-10T00:00:00+00:00,18854215.60271898459206949100000000000000,19477686.844785113,20336119.79966401,0.3213712492861317,0.33199835444811326,0.346630396265755,0.33
2021-10-09T00:00:00+00:00,19172707.70405300796064563600000000000000,19265106.504881334,19732169.82856641,0.3295979536747481,0.3311863811491094,0.33921566517614254,0.33
2021-10-08T00:00:00+00:00,18921604.86168321023480536000000000000000,19553504.429938365,19772600.74210801,0.32484718885474206,0.33569567659596383,0.3394571345492941,0.33
2021-10-07T00:00:00+00:00,20227728.55999714669912794600000000000000,21505027.331347696,20823356.66683378,0.3233533500213091,0.3437717986607228,0.332874851317968,0.33
2021-10-06T00:00:00+00:00,21895261.47440775635116959900000000000000,20578015.114489175,21993590.042294774,0.3396358876827113,0.3192029671957516,0.34116114512153717,0.33
2021-10-05T00:00:00+00:00,22086800.58476385669092895400000000000000,21205760.327344514,21593137.68952375,0.3403955118117244,0.3268171690273072,0.3327873191609684,0.33
2021-10-04T00:00:00+00:00,21814310.27058221504350861500000000000000,21671452.213089935,22600987.097539037,0.3300859916521623,0.3279243169080182,0.34198969143981955,0.33
2021-10-03T00:00:00+00:00,21413841.41141187365705130300000000000000,21682744.920544144,21725222.076147527,0.33034933670154865,0.3344976860879051,0.3351529772105463,0.33
2021-10-02T00:00:00+00:00,21204951.26040204332369487200000000000000,21825689.867244136,21072753.68676222,0.33079295288173793,0.3404763496603212,0.3287306974579408,0.33
2021-10-01T00:00:00+00:00,19003870.08232041811103677300000000000000,17627026.69384408,17660171.862572305,0.3500367658771983,0.3246763627206843,0.3252868714021173,0.33
2021-09-30T00:00:00+00:00,17344027.75728281706378129500000000000000,16703626.073816137,16708798.514866948,0.3417107964729791,0.32909364823138065,0.32919555529564026,0.33
2021-09-29T00:00:00+00:00,16627848.67910426496214578400000000000000,17443041.10800123,16787705.081465345,0.32694274629635517,0.34297135328016176,0.3300859004234832,0.33
2021-09-28T00:00:00+00:00,16635000.36195000135063241500000000000000,18214223.891993087,17914498.340075076,0.31527344061648743,0.34520354130695924,0.3395230180765534,0.33
2021-09-27T00:00:00+00:00,17291706.50788956841141335300000000000000,18169777.90752616,18732128.755531486,0.31907277437555165,0.33527526297631766,0.3456519626481306,0.33
2021-09-26T00:00:00+00:00,18149926.95170859767084195300000000000000,18530176.164927058,17647154.801475115,0.334085091853275,0.34108432626690255,0.3248305818798225,0.33
2021-09-25T00:00:00+00:00,17682173.44722811654513739500000000000000,18496071.50373391,18247021.882205375,0.32488905385489797,0.33984346940238036,0.3352674767427217,0.33
2021-09-24T00:00:00+00:00,17911579.42231563672007327600000000000000,18907912.52383008,19582133.36890804,0.31757204375340914,0.3352370152138772,0.3471909410327137,0.33
2021-09-23T00:00:00+00:00,18660958.00123422685103992200000000000000,18574130.782341953,18453230.583808895,0.3350964477510049,0.33353728382078357,0.33136626842821154,0.33
2021-09-22T00:00:00+00:00,18998796.42879558969332047600000000000000,17915481.186368812,17373745.523890924,0.34996294449940424,0.3300079861165591,0.32002906938403664,0.33
2021-09-21T00:00:00+00:00,17216262.11189246851074726400000000000000,19082246.814032834,19239212.630850736,0.30999222923274483,0.34359073939547763,0.34641703137177765,0.33
2021-09-20T00:00:00+00:00,18426721.35947912989646774300000000000000,20898651.25835737,21496852.18256315,0.30296033102948994,0.3436022165736372,0.35343745239687285,0.33
2021-09-19T00:00:00+00:00,19743817.42866386375271072800000000000000,20725519.199218217,21233687.549354937,0.31998135734727234,0.33589146521709884,0.3441271774356288,0.33
2021-09-18T00:00:00+00:00,19925293.68464036076381909700000000000000,19918505.077641204,20535804.10114828,0.3300004097361913,0.32988797761214256,0.3401116126516661,0.33
2021-09-17T00:00:00+00:00,19460817.40073733979797524900000000000000,20333816.35888461,21202714.700546075,0.3190436616018725,0.333355742047752,0.3476005963503757,0.33
2021-09-16T00:00:00+00:00,20480981.21232192123997865600000000000000,21039476.765214063,20929269.56134706,0.3279594966938784,0.3369026190244667,0.33513788428165486,0.33
2021-09-15T00:00:00+00:00,21041021.61814499612322020500000000000000,21214307.927951302,20278368.31293036,0.3364749301341333,0.3392460170159127,0.324279052849954,0.33
2021-09-14T00:00:00+00:00,20795642.45377813944112113600000000000000,20435552.60829554,20253424.44569298,0.3382251141873174,0.33236853007952905,0.3294063557331536,0.33
2021-09-13T00:00:00+00:00,20063915.76166032807318684700000000000000,20962039.09890794,21120535.22057873,0.322848735873291,0.3373004504604688,0.33985081366624015,0.33
2021-09-12T00:00:00+00:00,20625550.44583813877413938600000000000000,20476457.191957455,20106531.480547145,0.3369717811098215,0.3345359566966229,0.32849226219355554,0.33
2021-09-11T00:00:00+00:00,22069780.89297575462118533900000000000000,22223526.131903365,22443628.198476624,0.33069814817106036,0.333001898536777,0.3362999532921627,0.33
2021-09-10T00:00:00+00:00,21884380.74382385650135018800000000000000,23312727.419596903,24181653.29192457,0.3154334307035653,0.3360210953693922,0.34854547392704255,0.33
2021-09-09T00:00:00+00:00,22725152.18049149660369681900000000000000,23109399.49761165,23971530.352181442,0.3255468795775194,0.3310513758326373,0.3434017445898434,0.33
2021-09-08T00:00:00+00:00,22914270.27230162293765512900000000000000,24050271.505254354,23034114.738422584,0.3273530009403965,0.3435819014578431,0.32906509760176034,0.33
2021-09-07T00:00:00+00:00,23010878.40759350105058570200000000000000,26359759.38280899,27156696.669159845,0.300688356259849,0.3444489419233294,0.3548627018168216,0.33
2021-09-06T00:00:00+00:00,26147261.03083783286714615600000000000000,26133094.75211526,26824020.71765711,0.3305412694914059,0.330362186116386,0.3390965443922081,0.33
2021-09-05T00:00:00+00:00,26428409.41575237232348180400000000000000,25962311.490459565,26398172.491629798,0.3354331845010572,0.3295174024004093,0.33504941309853353,0.33
2021-09-04T00:00:00+00:00,25783839.25838014646721696100000000000000,26184809.830185916,26548177.66794165,0.3283861603110839,0.33349297102121667,0.3381208686676994,0.33
2021-09-03T00:00:00+00:00,26042625.72653564470874018000000000000000,26260668.692665383,25477423.68002525,0.33482110171974233,0.3376244053078061,0.32755449297245154,0.33
2021-09-02T00:00:00+00:00,25234374.51665201553920850800000000000000,29830750.977580704,26186816.26733514,0.31056949495067776,0.3671389302315805,0.3222915748177417,0.33
2021-09-01T00:00:00+00:00,25632311.10816616745545846400000000000000,27708708.603602216,23320734.330841556,0.3343559174750852,0.3614410986239793,0.30420298390093564,0.33
2021-08-31T00:00:00+00:00,24496874.98366737484482450600000000000000,26184887.25852387,23399484.874714844,0.33067579093274935,0.3534617501403836,0.3158624589268672,0.33
2021-08-30T00:00:00+00:00,22928004.83653917255308009000000000000000,24581775.178337116,23188872.94441545,0.3243061059415249,0.3476979284526297,0.3279959656058453,0.33
2021-08-29T00:00:00+00:00,22390814.130925907147118349000000,22689771.762200035,22777979.47841189,0.329962975319802,0.33436857437184914,0.33566845030834885,0.33
2021-08-28T00:00:00+00:00,21095746.686039042474123714000000,21619048.66723184,21804004.98291005,0.3269705353496622,0.3350813802269086,0.3379480844234293,0.33
2021-08-27T00:00:00+00:00,17862712.702431691517502207000000,17343979.89203931,17258798.570780087,0.34046593876667086,0.3305788148901685,0.3289552463431606,0.33
2021-08-26T00:00:00+00:00,1167739.97809062180527252900,1209805.3278235337,1210298.3581669885,0.3254712544420976,0.33719566433042114,0.3373330812274813,0.33
