time,fei,crv,fei_p,crv_p,ideal
2022-08-09T00:00:00+00:00,1010609.178171364287256281000000000000000000,1013628.065311659622084788000000000000000000,0.499254314890704,0.500745685109296,0.5
2022-08-08T00:00:00+00:00,1010109.178171364287256281000000000000000000,1014117.303895498470445188000000000000000000,0.49900996114821067,0.5009900388517894,0.5
2022-08-05T00:00:00+00:00,1034073.645154766740256281000000000000000000,990655.072996309995445188000000000000000000,0.5107220714975844,0.4892779285024155,0.5
2022-08-04T00:00:00+00:00,1050987.565481476836332981000000000000000000,974101.854464723518496088000000000000000000,0.5189832879129841,0.4810167120870159,0.5
2022-08-03T00:00:00+00:00,1051716.741565510834825681000000000000000000,973388.358419859629646688000000000000000000,0.5193393377820779,0.48066066221792214,0.5
2022-08-02T00:00:00+00:00,1049438.701460687816642781000000000000000000,975614.508511856908778888000000000000000000,0.5182277168286931,0.48177228317130694,0.5
2022-08-01T00:00:00+00:00,1028503.287237322271647981000000000000000000,996088.331599127720757588000000000000000000,0.5080053071781517,0.49199469282184827,0.5
2022-07-31T00:00:00+00:00,1044498.887317651715647981000000000000000000,980432.001533138374757588000000000000000000,0.5158195240482685,0.4841804759517316,0.5
2022-07-30T00:00:00+00:00,1030809.776155083555503181000000000000000000,993819.578217023574835488000000000000000000,0.5091350542404666,0.49086494575953343,0.5
2022-07-29T00:00:00+00:00,993386.298568376463775481000000000000000000,1030432.248445988158421788000000000000000000,0.49084751201330185,0.5091524879866981,0.5
2022-07-28T00:00:00+00:00,1000467.798543137944646381000000000000000000,1023495.599831433124416788000000000000000000,0.4943112110360324,0.5056887889639676,0.5
2022-07-27T00:00:00+00:00,1029201.923451520356646381000000000000000000,1000891.050107301162386088000000000000000000,0.506972802160531,0.4930271978394691,0.5
2022-07-25T00:00:00+00:00,1033634.583916353665464581000000000000000000,996551.332560707228451288000000000000000000,0.5091329693144547,0.4908670306855452,0.5
2022-07-22T00:00:00+00:00,1009904.907303216188715081000000000000000000,1019766.807018792957163590000000000000000000,0.4975705677804967,0.5024294322195033,0.5
2022-07-21T00:00:00+00:00,1017802.832362557934912581000000000000000000,1012032.349450764835400890000000000000000000,0.5014214166163575,0.49857858338364247,0.5
2022-07-20T00:00:00+00:00,1054672.709147245246987981000000000000000000,975941.120496657841609190000000000000000000,0.5193861549402513,0.48061384505974875,0.5
2022-07-19T00:00:00+00:00,1092146.080636746821699781000000000000000000,1086418.834697473440833590000000000000000000,0.5013144538175018,0.49868554618249816,0.5
2022-07-18T00:00:00+00:00,1120236.320072958402699781000000000000000000,1117171.166389453837833590000000000000000000,0.5006849788655063,0.4993150211344937,0.5
2022-07-17T00:00:00+00:00,1112146.330725580407954781000000000000000000,1125087.734351341918278490000000000000000000,0.4971077224712926,0.5028922775287075,0.5
2022-07-14T00:00:00+00:00,1153915.125917658385951481000000000000000000,1084149.312062353105129290000000000000000000,0.515586194184443,0.48441380581555704,0.5
2022-07-13T00:00:00+00:00,1163694.154481786198503581000000000000000000,1074579.226243852481162090000000000000000000,0.5199070696647974,0.4800929303352026,0.5
2022-07-11T00:00:00+00:00,1161760.314852473738635381000000000000000000,1076464.209933551154597790000000000000000000,0.5190544120963639,0.48094558790363606,0.5
2022-07-10T00:00:00+00:00,1161230.061443712814034681000000000000000000,1076982.700634731433560690000000000000000000,0.5188202306403498,0.4811797693596502,0.5
2022-07-09T00:00:00+00:00,1145510.073455626477130381000000000000000000,1106899.283047325853789290000000000000000000,0.5085709976068131,0.4914290023931869,0.5
2022-07-08T00:00:00+00:00,1171806.944554685495151581000000000000000000,1081160.328579698483793090000000000000000000,0.5201171621656264,0.4798828378343736,0.5
2022-07-07T00:00:00+00:00,1134134.542410607168782681000000000000000000,1117840.824378254738367990000000000000000000,0.5036176501467656,0.49638234985323443,0.5
2022-07-06T00:00:00+00:00,1144133.735076918991151581000000000000000000,1108050.378276068386710890000000000000000000,0.5080107475643123,0.4919892524356877,0.5
2022-07-05T00:00:00+00:00,1178967.404133295633151581000000000000000000,1073957.150593723986710890000000000000000000,0.5233053195943118,0.4766946804056882,0.5
2022-07-04T00:00:00+00:00,1181985.313288171059385081000000000000000000,1072295.886275116023454290000000000000000000,0.5243291358314803,0.4756708641685197,0.5
2022-07-03T00:00:00+00:00,1412099.999110470989607981000000000000000000,1269752.921665799207873590000000000000000000,0.5265389418528346,0.4734610581471655,0.5
2022-07-02T00:00:00+00:00,1411987.087559440417971581000000000000000000,1269863.298889092256295390000000000000000000,0.5264973373213703,0.47350266267862967,0.5
2022-07-01T00:00:00+00:00,1531488.456557912242825581000000000000000000,1348706.991693498298283890000000000000000000,0.5317307398314552,0.4682692601685448,0.5
2022-06-30T00:00:00+00:00,1511923.682508230509213381000000000000000000,1367809.504239149082356290000000000000000000,0.5250221407546191,0.4749778592453809,0.5
2022-06-29T00:00:00+00:00,1515292.034112999125713781000000000000000000,1364505.967665878209363190000000000000000000,0.5261799727539881,0.47382002724601185,0.5
2022-06-28T00:00:00+00:00,1514029.275465165174144681000000000000000000,1365740.447848151257453390000000000000000000,0.525746646757297,0.47425335324270296,0.5
2022-06-27T00:00:00+00:00,1471913.337412871719297581000000000000000000,1406819.091122910379657290000000000000000000,0.5113060605502454,0.48869393944975453,0.5
2022-06-26T00:00:00+00:00,1501900.671535968779645281000000000000000000,1377468.360439912932193490000000000000000000,0.5216075657052316,0.4783924342947684,0.5
2022-06-25T00:00:00+00:00,1501900.671535968779645281000000000000000000,1377468.360439912932193490000000000000000000,0.5216075657052316,0.4783924342947684,0.5
2022-06-24T00:00:00+00:00,1471476.041396730341645281000000000000000000,1421828.197210109131193490000000000000000000,0.5085797828524468,0.4914202171475532,0.5
2022-06-23T00:00:00+00:00,1477794.030887676622544481000000000000000000,1415642.597054995456245390000000000000000000,0.5107400717251708,0.4892599282748292,0.5
2022-06-22T00:00:00+00:00,1497147.740163868256544481000000000000000000,1396697.359771041975245390000000000000000000,0.5173558668352853,0.4826441331647147,0.5
2022-06-20T00:00:00+00:00,1521165.302977584412329881000000000000000000,1393292.199620223007608390000000000000000000,0.5219377196688203,0.47806228033117976,0.5
2022-06-19T00:00:00+00:00,1397282.497278067948476881000000000000000000,1514527.499196973524931490000000000000000000,0.47986733302295836,0.5201326669770416,0.5
2022-06-18T00:00:00+00:00,1395852.864077514323487681000000000000000000,1515868.544396893945441590000000000000000000,0.4793909403609012,0.5206090596390988,0.5
2022-06-17T00:00:00+00:00,1485366.301888472598950581000000000000000000,1439767.941058048294148290000000000000000000,0.5077942338783898,0.4922057661216101,0.5
2022-06-16T00:00:00+00:00,1544057.577299884341626481000000000000000000,1420462.199937211519394490000000000000000000,0.5208457670466046,0.4791542329533955,0.5
2022-06-15T00:00:00+00:00,1497832.112656932062672681000000000000000000,1478783.046168000441627590000000000000000000,0.5031997865818253,0.4968002134181747,0.5
2022-06-14T00:00:00+00:00,1498746.006052978310211181000000000000000000,1485415.755648349095758190000000000000000000,0.5022334999690213,0.49776650003097866,0.5
2022-06-13T00:00:00+00:00,21849177.058820474251787681000000000000000000,23459766.544699501044259590000000000000000000,0.48222658312261,0.51777341687739,0.5
2022-06-12T00:00:00+00:00,25911192.980158853988787681000000000000000000,27550558.569699326399122315000000000000000000,0.4846678649500325,0.5153321350499676,0.5
2022-06-11T00:00:00+00:00,28336327.187135499482468781000000000000000000,25306133.875201940692226715000000000000000000,0.5282443539308552,0.4717556460691448,0.5
2022-06-10T00:00:00+00:00,31458083.986356949210840981000000000000000000,29558002.997349296578029515000000000000000000,0.5155703281129372,0.48442967188706276,0.5
2022-06-08T00:00:00+00:00,32363817.645079308283070181000000000000000000,31313989.265047985973660115000000000000000000,0.5082432831073549,0.49175671689264505,0.5
2022-06-07T00:00:00+00:00,31750839.710309729913070181000000000000000000,32410841.498338680006170315000000000000000000,0.49485672931572133,0.5051432706842787,0.5
2022-06-06T00:00:00+00:00,31941906.870005305022070181000000000000000000,33266106.991438845153615615000000000000000000,0.48984633909992076,0.5101536609000792,0.5
2022-06-04T00:00:00+00:00,31927567.060419676080489781000000000000000000,33280148.759250664075273315000000000000000000,0.48962866831149626,0.5103713316885038,0.5
2022-06-01T00:00:00+00:00,31610233.131804963884489781000000000000000000,33590919.893128068282273315000000000000000000,0.48481095295534354,0.5151890470446564,0.5
2022-05-31T00:00:00+00:00,31461453.967694794002489781000000000000000000,33736641.521227509888273315000000000000000000,0.4825517330186486,0.5174482669813514,0.5
2022-05-30T00:00:00+00:00,31344023.449341478375489781000000000000000000,33851666.270125138753273315000000000000000000,0.4807683388919275,0.5192316611080725,0.5
2022-05-29T00:00:00+00:00,30980340.360877963489916881000000000000000000,34207947.508772302687073515000000000000000000,0.4752439644192817,0.5247560355807183,0.5
2022-05-28T00:00:00+00:00,31080648.560837139528916881000000000000000000,34207947.508772302687073515000000000000000000,0.4760501899550658,0.5239498100449341,0.5
2022-05-27T00:00:00+00:00,30863815.410137269228916881000000000000000000,33930632.436372632629313715000000000000000000,0.47633426066458445,0.5236657393354156,0.5
2022-05-26T00:00:00+00:00,31438848.709697025345320781000000000000000000,32387418.673833658861198115000000000000000000,0.49256912551037413,0.5074308744896259,0.5
2022-05-25T00:00:00+00:00,31933381.288709206304426581000000000000000000,32392984.884548597244253515000000000000000000,0.4964275644406721,0.503572435559328,0.5
2022-05-24T00:00:00+00:00,32471225.649299561956426581000000000000000000,31869491.288140048235250515000000000000000000,0.5046761552388715,0.4953238447611285,0.5
2022-05-23T00:00:00+00:00,21489774.988659422904426581000000000000000000,23366453.874213400219250515000000000000000000,0.47908117854388677,0.5209188214561132,0.5
2022-05-22T00:00:00+00:00,21364309.196655896255401881000000000000000000,24070461.536233321222038315000000000000000000,0.47021936838322703,0.529780631616773,0.5
2022-05-21T00:00:00+00:00,21317009.196655896255401881000000000000000000,23479089.293355604028670315000000000000000000,0.47586754014770055,0.5241324598522994,0.5
2022-05-20T00:00:00+00:00,20767450.882574678192092581000000000000000000,22333735.881084376211310115000000000000000000,0.4818301406977694,0.5181698593022306,0.5
2022-05-19T00:00:00+00:00,21257838.899083849711378181000000000000000000,22440919.912062856516195415000000000000000000,0.48646321949220644,0.5135367805077936,0.5
2022-05-18T00:00:00+00:00,20734740.106593731243093581000000000000000000,22391146.787494545574896215000000000000000000,0.4807956798086409,0.5192043201913591,0.5
2022-05-17T00:00:00+00:00,20714201.303228085104093581000000000000000000,22428538.593752341106455615000000000000000000,0.4801317985990472,0.5198682014009528,0.5
2022-05-16T00:00:00+00:00,20718651.850336979617403581000000000000000000,21926409.372065841805080815000000000000000000,0.48583942094220295,0.5141605790577971,0.5
2022-05-15T00:00:00+00:00,20605989.810012380375627781000000000000000000,22036747.574749048647621815000000000000000000,0.48322389869314586,0.5167761013068541,0.5
2022-05-14T00:00:00+00:00,20352990.253838390001054181000000000000000000,22284563.431148804468557215000000000000000000,0.4773489211930265,0.5226510788069735,0.5
2022-05-13T00:00:00+00:00,23573759.529654058649653481000000000000000000,25580668.698899161548193515000000000000000000,0.4795856727300989,0.5204143272699011,0.5
2022-05-12T00:00:00+00:00,20015693.154151890749819081000000000000000000,24177037.588390117067512538000000000000000000,0.452918224736084,0.547081775263916,0.5
2022-05-11T00:00:00+00:00,25428294.867584860471461081000000000000000000,22066824.951245827576651338000000000000000000,0.535387529594212,0.464612470405788,0.5
2022-05-10T00:00:00+00:00,31701711.444665591524215781000000000000000000,18422602.120505495310104354000000000000000000,0.6324617573754376,0.3675382426245624,0.5
2022-05-09T00:00:00+00:00,31827787.283296005166780692000000000000000000,18295527.184016558991395266000000000000000000,0.6349896773895946,0.3650103226104054,0.5
2022-05-08T00:00:00+00:00,37631555.011733278307381300000000000000000000,23885379.929016425403306128000000000000000000,0.6117267553719682,0.38827324462803176,0.5
2022-05-07T00:00:00+00:00,37322822.377306754298512400000000000000000000,24159754.718165247999079128000000000000000000,0.6070471366115762,0.3929528633884239,0.5
2022-05-06T00:00:00+00:00,38704849.715822906528305200000000000000000000,22897494.467194940471351114000000000000000000,0.6283015724342,0.3716984275658,0.5
2022-05-05T00:00:00+00:00,39028425.361477586717500200000000000000000000,22580204.103371559869380514000000000000000000,0.633489589047672,0.36651041095232795,0.5
2022-05-04T00:00:00+00:00,37480847.746412719443063200000000000000000000,24623436.290168357273328414000000000000000000,0.6035146902963329,0.39648530970366713,0.5
2022-05-03T00:00:00+00:00,41044093.709315097814347600000000000000000000,26360792.309556979030749814000000000000000000,0.6089186724212179,0.39108132757878206,0.5
2022-05-02T00:00:00+00:00,25267554.572244630734347600000000000000000000,16571935.800113214205689514000000000000000000,0.6039164040329272,0.3960835959670727,0.5
2022-05-01T00:00:00+00:00,23553242.503961164228347600000000000000000000,14865674.508857914701689514000000000000000000,0.6130636763160776,0.38693632368392233,0.5
2022-04-30T00:00:00+00:00,34033586.570215481144905800000000000000000000,18348281.206998995327408020000000000000000000,0.6497207528941858,0.3502792471058142,0.5
2022-04-29T00:00:00+00:00,79981032.35213267588660140000,71551528.387555508790040820000000000000000000,0.5278141672107617,0.47218583278923837,0.5
2022-04-28T00:00:00+00:00,79570445.78046535637560140000,72723951.582090599652040820000000000000000000,0.5224778268831382,0.4775221731168619,0.5
2022-04-27T00:00:00+00:00,80992521.57217987650760140000,70762335.017938263032356320000000000000000000,0.5337062904743564,0.4662937095256437,0.5
2022-04-26T00:00:00+00:00,81039349.02401722296060140000,70717829.220099920632748720000000000000000000,0.5340066938623295,0.4659933061376706,0.5
2022-04-25T00:00:00+00:00,82013460.60914316132960140000,69764345.905834814171748720000000000000000000,0.5403521271803976,0.4596478728196024,0.5
2022-04-24T00:00:00+00:00,82607075.91956974199201000000,69281552.509099797939979685000000000000000000,0.5438660996162985,0.45613390038370144,0.5
2022-04-23T00:00:00+00:00,83225441.29252125794301000000,68676490.868237489350765585000000000000000000,0.547889286914687,0.4521107130853131,0.5
2022-04-22T00:00:00+00:00,81910929.03738250215057650000,70002584.647805129246264885000000000000000000,0.5391944867204349,0.46080551327956515,0.5
2022-04-21T00:00:00+00:00,83322682.34351961912496360000,68523026.810373849253364985000000000000000000,0.5487325444216093,0.45126745557839065,0.5
2022-04-20T00:00:00+00:00,83388457.20322906252896360000,69421785.179947322894364985000000000000000000,0.5456993975189827,0.45430060248101733,0.5
2022-04-19T00:00:00+00:00,83367781.60490778777596360000,69983602.296316810995218385000000000000000000,0.5436389257406763,0.45636107425932365,0.5
2022-04-18T00:00:00+00:00,82293187.10245178953696360000,71277585.478075089422218385000000000000000000,0.5358649026741091,0.4641350973258908,0.5
2022-04-17T00:00:00+00:00,81895808.27397123248096360000,72156414.844759128637218385000000000000000000,0.5316106877007085,0.4683893122992915,0.5
2022-04-16T00:00:00+00:00,81747664.24335953908510470000,72301309.525060457044683685000000000000000000,0.5306602325455919,0.46933976745440814,0.5
2022-04-15T00:00:00+00:00,82065037.52687145470910470000,71999934.549354222088235485000000000000000000,0.5326651244662459,0.4673348755337541,0.5
2022-04-14T00:00:00+00:00,81960037.52687145470910470000,72105504.626186512956615885000000000000000000,0.5319816253620646,0.4680183746379354,0.5
2022-04-13T00:00:00+00:00,82717454.83595776991640580000,69797769.909169253910537985000000000000000000,0.5423553941856591,0.4576446058143408,0.5
2022-04-12T00:00:00+00:00,82801169.27205122982040580000,69721183.423066157248148785000000000000000000,0.5428789145258307,0.45712108547416935,0.5
2022-04-11T00:00:00+00:00,82326601.92328556441040580000,71310813.800711370979802185000000000000000000,0.5358499525348812,0.46415004746511884,0.5
2022-04-10T00:00:00+00:00,80801771.82070538941240580000,72899577.070040913607802185000000000000000000,0.5257063285641087,0.47429367143589124,0.5
2022-04-09T00:00:00+00:00,80743705.88146995542340580000,72733354.114371533775258885000000000000000000,0.5260962510205612,0.4739037489794388,0.5
2022-04-08T00:00:00+00:00,80997080.85332417435939330000,72497159.957094865752344985000000000000000000,0.5276880775830788,0.47231192241692127,0.5
2022-04-07T00:00:00+00:00,82337650.33177088760039330000,70244383.809029522257344985000000000000000000,0.5396287367344371,0.4603712632655628,0.5
2022-04-06T00:00:00+00:00,88828194.04061228468739330000,75840948.638765399450344985000000000000000000,0.5394343627182597,0.46056563728174027,0.5
2022-04-05T00:00:00+00:00,88054007.47147199053439330000,75197735.490605904589804385000000000000000000,0.5393756040444007,0.4606243959555994,0.5
2022-04-04T00:00:00+00:00,88909050.94368176892439330000,75069875.200207066343804385000000000000000000,0.5421980313840178,0.4578019686159822,0.5
2022-04-03T00:00:00+00:00,88687985.67374240323139330000,75286071.409178067487804385000000000000000000,0.5408659592345973,0.45913404076540265,0.5
2022-04-02T00:00:00+00:00,89394469.80619682784539330000,79001717.026993514560804385000000000000000000,0.5308580407153107,0.46914195928468927,0.5
2022-04-01T00:00:00+00:00,88484389.04502872098780720000,78975003.726999520487984185000000000000000000,0.5283931082055662,0.4716068917944338,0.5
2022-03-31T00:00:00+00:00,88708785.19835853421231820000,78755246.263962390543074685000000000000000000,0.5297184381848459,0.4702815618151541,0.5
2022-03-30T00:00:00+00:00,89959293.88302634692131820000,78284525.561546652153074685000000000000000000,0.5346959797989069,0.46530402020109307,0.5
2022-03-29T00:00:00+00:00,86658477.60433024826731820000,73882496.876658337314888085000000000000000000,0.5397904048140211,0.460209595185979,0.5
2022-03-28T00:00:00+00:00,86718817.62303437967531820000,75831684.618804320812905890000000000000000000,0.5334884631363133,0.4665115368636867,0.5
2022-03-27T00:00:00+00:00,85502403.58272969800731820000,75023314.088090025749905890000000000000000000,0.5326399085663286,0.4673600914336714,0.5
2022-03-26T00:00:00+00:00,87106568.13571555282870280000,78517625.663800056197593590000000000000000000,0.5259290091467923,0.47407099085320764,0.5
2022-03-25T00:00:00+00:00,86662084.26109428816370670000,79174171.724275023089273490000000000000000000,0.5225762228299458,0.4774237771700542,0.5
2022-03-24T00:00:00+00:00,91524428.55970057217570670000,75635922.847643401846273490000000000000000000,0.5475247436915807,0.4524752563084193,0.5
2022-03-23T00:00:00+00:00,93922516.46196914993870670000,77439713.832172180416273490000000000000000000,0.5480934526864655,0.4519065473135345,0.5
2022-03-22T00:00:00+00:00,94849811.43887804632770670000,83195716.825695643558562990000000000000000000,0.5327278497999246,0.4672721502000754,0.5
2022-03-21T00:00:00+00:00,94711408.15706021739270670000,86033667.608667487772562990000000000000000000,0.5240054687842239,0.47599453121577606,0.5
2022-03-20T00:00:00+00:00,98470993.25249987750302820000,87826785.446584873026399890000000000000000000,0.5285677260358213,0.4714322739641788,0.5
2022-03-19T00:00:00+00:00,98506222.98153499374902820000,87971172.410846145289399890000000000000000000,0.5282475271292836,0.4717524728707164,0.5
2022-03-18T00:00:00+00:00,106071151.28743678267575650000,105064299.165044478629964190000000000000000000,0.502384374865127,0.49761562513487306,0.5
2022-03-17T00:00:00+00:00,105255877.28470820368176310000,103766511.701675229059896190000000000000000000,0.5035626939062734,0.49643730609372666,0.5
2022-03-16T00:00:00+00:00,104212615.64782912321210430000,101456923.447348368721371490000000000000000000,0.5066993202119384,0.4933006797880616,0.5
2022-03-15T00:00:00+00:00,103945748.64412926245010430000,101809422.792820035497371490000000000000000000,0.5051914268700748,0.49480857312992527,0.5
2022-03-14T00:00:00+00:00,103897393.08124764409288290000,101432489.260889412637756590000000000000000000,0.5060023017405986,0.4939976982594014,0.5
2022-03-13T00:00:00+00:00,103897393.08124764409288290000,101637712.890287160443756590000000000000000000,0.5054970662561009,0.49450293374389914,0.5
2022-03-12T00:00:00+00:00,103787177.20558921522192870000,102972823.198471383703803480000000000000000000,0.5019693219324975,0.49803067806750245,0.5
2022-03-11T00:00:00+00:00,99822019.65408369358892870000,97662239.259142679943803480000000000000000000,0.5054682342958028,0.4945317657041972,0.5
2022-03-10T00:00:00+00:00,100619915.49861115799055510000,97328575.193464511243348380000000000000000000,0.5083136281909484,0.4916863718090516,0.5
2022-03-09T00:00:00+00:00,100619915.49861115799055510000,97326056.754064770857153780000000000000000000,0.5083200953953784,0.4916799046046216,0.5
2022-03-08T00:00:00+00:00,100129199.03843644619099450000,97545765.297768042655190480000000000000000000,0.5065345496566639,0.49346545034333605,0.5
2022-03-07T00:00:00+00:00,99841437.40145959635373010000,97827636.055559053840456780000000000000000000,0.5050938705551691,0.49490612944483087,0.5
2022-03-06T00:00:00+00:00,100486467.85073692299273010000,97066779.897919557985456780000000000000000000,0.5086551043624657,0.4913448956375342,0.5
2022-03-05T00:00:00+00:00,101465854.85560032835418160000,95752201.362076898824578580000000000000000000,0.5144856247016679,0.4855143752983321,0.5
2022-03-04T00:00:00+00:00,101295854.85560032835418160000,95918670.786517123473578580000000000000000000,0.5136328296599235,0.4863671703400765,0.5
2022-03-03T00:00:00+00:00,99524508.26494500784352860000,98205457.581255374560239880000000000000000000,0.503335485033957,0.4966645149660431,0.5
2022-03-02T00:00:00+00:00,98993813.81653424560916380000,96198533.869631255206027080000000000000000000,0.5071603215495858,0.4928396784504142,0.5
2022-03-01T00:00:00+00:00,99078348.93634954791216380000,95415243.199131908512175280000000000000000000,0.5094170345074042,0.49058296549259583,0.5
2022-02-28T00:00:00+00:00,101064227.44846330486516380000,95432560.454711659174175280000000000000000000,0.5143301757088433,0.4856698242911566,0.5
2022-02-27T00:00:00+00:00,103362184.71733932934416380000,89655640.560160214601892180000000000000000000,0.5355059024664519,0.4644940975335481,0.5
2022-02-26T00:00:00+00:00,103362281.77591789526816380000,89464037.852533704182892180000000000000000000,0.5360382440274857,0.46396175597251427,0.5
2022-02-25T00:00:00+00:00,104292488.26542705875616380000,87411820.810215602724892180000000000000000000,0.5440278769335088,0.4559721230664912,0.5
2022-02-24T00:00:00+00:00,108925135.78081662181945210000,102514557.273503219374536880000000000000000000,0.5151593544587356,0.4848406455412643,0.5
2022-02-23T00:00:00+00:00,109806459.67483629586945210000,108341326.33244493021704518000,0.5033581210453872,0.49664187895461276,0.5
2022-02-22T00:00:00+00:00,113641609.18908431420045210000,111298816.30436988402978678000,0.5052075852519062,0.4947924147480938,0.5
2022-02-21T00:00:00+00:00,116149744.11841107199574200000,114608099.44150663669611238000,0.5033403949636583,0.4966596050363416,0.5
2022-02-20T00:00:00+00:00,116575946.72507594897774200000,115174824.09967380409311238000,0.5030229082311481,0.4969770917688518,0.5
2022-02-19T00:00:00+00:00,121107810.06677920060774200000,120314752.00818561727511238000,0.5016424688143839,0.4983575311856161,0.5
2022-02-18T00:00:00+00:00,118855157.93279290614959090000,122532097.62037957662189338000,0.4923837327717231,0.5076162672282769,0.5
2022-02-17T00:00:00+00:00,118734526.67011383539059090000,119795492.27510136603589338000,0.49777603336955417,0.5022239666304458,0.5
2022-02-16T00:00:00+00:00,119352020.70934346539069530000,121803110.47713094285527148000,0.4949180227770228,0.5050819772229772,0.5
2022-02-15T00:00:00+00:00,120522727.87518534111004290000,117157572.26483081297477238000,0.5070791639197109,0.4929208360802891,0.5
2022-02-14T00:00:00+00:00,122157620.78420839581404290000,124428928.80044436107677238000,0.4953945014031347,0.5046054985968653,0.5
2022-02-13T00:00:00+00:00,122122978.26105939890314450000,125675607.12085991299095128000,0.492831619974091,0.507168380025909,0.5
2022-02-12T00:00:00+00:00,122325291.57748049199214450000,122116989.65080026394149783700,0.5004260758933224,0.49957392410667756,0.5
2022-02-11T00:00:00+00:00,121450435.79585791524161140000,125092759.24206488900334563700,0.4926132143991102,0.5073867856008898,0.5
2022-02-10T00:00:00+00:00,119736704.61900129274461140000,119786856.63271348057834563700,0.4998953088091833,0.5001046911908167,0.5
2022-02-09T00:00:00+00:00,102122273.47289138807161140000,103938441.50938797102011933700,0.49559312400558064,0.5044068759944194,0.5
2022-02-08T00:00:00+00:00,104027624.12641010171067130000,104541078.32825561755889513700,0.4987691005510352,0.5012308994489648,0.5
2022-02-07T00:00:00+00:00,104012028.92611421847292780000,105283767.69495466154474323700,0.4969618626141285,0.5030381373858714,0.5
2022-02-06T00:00:00+00:00,109634993.95611421847292780000,111274950.49966367147161243700,0.49628817854354734,0.5037118214564527,0.5
2022-02-05T00:00:00+00:00,109634993.95611421847292780000,111373792.42119928879961243700,0.49606622321766763,0.5039337767823324,0.5
2022-02-04T00:00:00+00:00,108834984.02611421847292780000,105483337.05890754431067533700,0.5078193197628612,0.49218068023713885,0.5
2022-02-03T00:00:00+00:00,110054564.29972835371492780000,112747835.04896946722767533700,0.49395592067878497,0.506044079321215,0.5
2022-02-02T00:00:00+00:00,109935063.12191198510092780000,109164075.82924035111367533700,0.5017594484769826,0.4982405515230173,0.5
2022-02-01T00:00:00+00:00,110361702.83925377161992780000,109894276.21019839181417893700,0.5010610986159664,0.49893890138403363,0.5
2022-01-31T00:00:00+00:00,110171637.39019937426792780000,109970713.78877304984117893700,0.5004563492675314,0.4995436507324686,0.5
2022-01-30T00:00:00+00:00,109735157.42260144712292780000,108787082.85174812982120023700,0.5021692862238256,0.4978307137761744,0.5
2022-01-29T00:00:00+00:00,110223666.28446920908392780000,109066982.99764868994520023700,0.5026373292491201,0.4973626707508799,0.5
2022-01-28T00:00:00+00:00,110026224.77129019334592780000,109235256.02115517154020023700,0.5018037111381268,0.49819628886187317,0.5
2022-01-27T00:00:00+00:00,109207653.42929286809192780000,107186667.73751382178320023700,0.5046696828292023,0.49533031717079773,0.5
2022-01-26T00:00:00+00:00,106474470.78200715848392780000,105276483.32193215579320023700,0.502828765200007,0.49717123479999303,0.5
2022-01-25T00:00:00+00:00,106463655.56560732284409110000,105437784.42685354320807913700,0.5024206327686831,0.4975793672313169,0.5
2022-01-24T00:00:00+00:00,104624021.18208198581709110000,103066509.80022754567007913700,0.5037495965138322,0.49625040348616783,0.5
2022-01-23T00:00:00+00:00,104284877.62022430520909110000,101763314.92790078182378893700,0.50611886632234,0.49388113367765996,0.5
2022-01-22T00:00:00+00:00,109798828.84456188164709110000,103825325.24779692568038103700,0.5139813393811786,0.4860186606188213,0.5
2022-01-21T00:00:00+00:00,119119852.82779791385023460000,110444899.24916245126859173700,0.5188943500693156,0.4811056499306844,0.5
2022-01-20T00:00:00+00:00,128949775.66181380461334490000,122558570.46778905093469603700,0.5127057517024333,0.48729424829756673,0.5
2022-01-19T00:00:00+00:00,132248236.32499638019434490000,125569291.94017939096756943700,0.5129528516345627,0.48704714836543733,0.5
2022-01-18T00:00:00+00:00,134810674.81974486511134490000,128159374.91950196219105253700,0.5126464970190296,0.4873535029809704,0.5
2022-01-17T00:00:00+00:00,134010015.60012432334686670000,129394132.06973149418393603700,0.508761979587691,0.491238020412309,0.5
2022-01-16T00:00:00+00:00,129071116.90049077927786670000,124183973.59900390701663843700,0.5096486575883785,0.4903513424116215,0.5
2022-01-15T00:00:00+00:00,129548506.87088282717576770000,124998980.96064601650557513700,0.5089364973683179,0.491063502631682,0.5
2022-01-14T00:00:00+00:00,129271922.62244088035425880000,124018986.89404254057499673700,0.5103693727864649,0.48963062721353506,0.5
2022-01-13T00:00:00+00:00,126538335.35590502354325880000,124462159.06472149236601953700,0.5041358011982723,0.4958641988017277,0.5
2022-01-12T00:00:00+00:00,123830434.92207350703225880000,122379153.94876368361501953700,0.5029472470588283,0.4970527529411716,0.5
2022-01-11T00:00:00+00:00,114996315.61182118302225880000,113611165.64167323363601953700,0.5030295377092493,0.49697046229075065,0.5
2022-01-10T00:00:00+00:00,122589355.80549997981025880000,119423716.72958972732302603700,0.5065402233084977,0.49345977669150237,0.5
2022-01-09T00:00:00+00:00,118121689.45993097662925880000,115324849.76076926619302603700,0.5059903216138869,0.4940096783861131,0.5
2022-01-08T00:00:00+00:00,114477202.98431604392225880000,109680467.79937208880183473700,0.5106994669604075,0.4893005330395925,0.5
2022-01-07T00:00:00+00:00,113335180.45973910108925880000,110015088.27232557812783473700,0.5074324786047076,0.4925675213952924,0.5
2022-01-06T00:00:00+00:00,124465413.24847340097525880000,118109202.37983428460409763700,0.5131015581580445,0.4868984418419555,0.5
2022-01-05T00:00:00+00:00,125723029.97632614955798180000,119853458.3544681272807209,0.5119505976768257,0.4880494023231743,0.5
2022-01-04T00:00:00+00:00,123171810.54735669893598180000,118766522.8860797428568732,0.5091041539361701,0.4908958460638298,0.5
2022-01-03T00:00:00+00:00,126488044.37125281684398180000,120651897.6770418394954839,0.5118073724664678,0.48819262753353215,0.5
2022-01-01T00:00:00+00:00,129839254.93001913742298180000,125554467.5118162503015917,0.5083885918910531,0.49161140810894693,0.5
2021-12-31T00:00:00+00:00,130309499.93973141749798180000,125652554.9120035824983159,0.5090969441357731,0.49090305586422694,0.5
2021-12-30T00:00:00+00:00,131390556.23328252763198180000,126988783.2570773984473159,0.5085180436347724,0.49148195636522757,0.5
2021-12-29T00:00:00+00:00,134128694.13111815486398180000,125047499.0467795585140344,0.517519346536017,0.4824806534639829,0.5
2021-12-28T00:00:00+00:00,132163337.43219906122698180000,126995667.6138211041483026,0.5099700757406834,0.4900299242593166,0.5
2021-12-27T00:00:00+00:00,130567675.50160475597298180000,121988543.3362133115999023,0.5169845989238947,0.4830154010761053,0.5
2021-12-26T00:00:00+00:00,127582751.78006203144498180000,119339496.8204747048349023,0.516692005289736,0.48330799471026403,0.5
2021-12-25T00:00:00+00:00,125859528.18300183226398180000,117985151.5125241480849023,0.5161462958312437,0.4838537041687562,0.5
2021-12-24T00:00:00+00:00,135275896.22011266299098180000,128205201.3228027072359023,0.5134178409063259,0.4865821590936741,0.5
2021-12-23T00:00:00+00:00,132933828.45027185298376510000,128385827.2414826370791828,0.5087019883689,0.4912980116311,0.5
2021-12-22T00:00:00+00:00,133153600.75807833209076510000,128709567.3299093223661828,0.5084854114089764,0.49151458859102365,0.5
2021-12-21T00:00:00+00:00,134010977.80331905677876510000,130723926.9260139725805292,0.5062081932125002,0.4937918067874998,0.5
2021-12-20T00:00:00+00:00,135189312.38906158870730340000,133435808.6091062115367225,0.5032638492138033,0.4967361507861967,0.5
2021-12-19T00:00:00+00:00,137317813.86270100056630340000,132849009.5284854155537225,0.5082704535629547,0.4917295464370453,0.5
2021-12-18T00:00:00+00:00,135586892.37898501007130340000,132072641.1352741257488442,0.5065647787649672,0.49343522123503275,0.5
2021-12-17T00:00:00+00:00,139520134.31931660066030340000,133856625.5913474785298442,0.5103584312174522,0.4896415687825478,0.5
2021-12-16T00:00:00+00:00,138830182.95404214276660660000,134625358.4011228902788141,0.5076883147660519,0.49231168523394814,0.5
2021-12-15T00:00:00+00:00,139766915.87187422671360660000,133859969.7762207722098141,0.510793796964912,0.489206203035088,0.5
2021-12-14T00:00:00+00:00,121028207.85433600791560660000,117510854.4439221967576411,0.507372698996393,0.49262730100360697,0.5
2021-12-13T00:00:00+00:00,120896338.15092119081160660000,116566292.8950508550920309,0.5091173192952454,0.49088268070475466,0.5
2021-12-11T00:00:00+00:00,119990772.74138861107460660000,116890288.7001858610969650,0.5065443898772116,0.49345561012278844,0.5
2021-12-10T00:00:00+00:00,122092218.35570877310460660000,115293109.9350189159289650,0.5143208269644258,0.4856791730355742,0.5
2021-12-09T00:00:00+00:00,120436728.85567178555777160000,116989338.1286045270643872,0.5072599246806703,0.4927400753193297,0.5
2021-12-08T00:00:00+00:00,121318675.09005500625577160000,119089646.4045695968033872,0.504635922483106,0.495364077516894,0.5
2021-12-07T00:00:00+00:00,118421138.49842238707377160000,115745063.8102669205760066,0.5057140498111417,0.4942859501888583,0.5
2021-12-06T00:00:00+00:00,118021138.49842238707377160000,116137171.0556319354260066,0.5040228498539693,0.4959771501460307,0.5
2021-12-05T00:00:00+00:00,115137673.71633093500277160000,111596350.0874789693240066,0.5078094226209213,0.4921905773790787,0.5
2021-12-04T00:00:00+00:00,114115295.75438394219877160000,111620465.6368450839334279,0.5055259966390859,0.49447400336091407,0.5
2021-12-03T00:00:00+00:00,115662275.96389987141577160000,111261776.9130831086454279,0.5096959731571564,0.4903040268428435,0.5
2021-12-02T00:00:00+00:00,115145874.47101130641777160000,111105182.2984654666754279,0.5089296647499482,0.49107033525005184,0.5
2021-12-01T00:00:00+00:00,113728646.50848997195477160000,112570173.6934069575594279,0.5025596086052271,0.4974403913947729,0.5
2021-11-30T00:00:00+00:00,120089557.50801953040429390000,116914254.8615750456898276,0.5066988429736581,0.4933011570263419,0.5
2021-11-29T00:00:00+00:00,118634713.15588549838929390000,118533589.7414854356065416,0.5002131891428253,0.49978681085717463,0.5
2021-11-28T00:00:00+00:00,118435578.68187603826955590000,116851544.5385653137695416,0.5033661726184365,0.4966338273815634,0.5
2021-11-27T00:00:00+00:00,124251446.18653936526755590000,119500039.8438926474635416,0.5097464151296569,0.4902535848703431,0.5
2021-11-26T00:00:00+00:00,121129196.83767593751155590000,118228903.8653194512695416,0.5060584809200906,0.4939415190799093,0.5
2021-11-25T00:00:00+00:00,120438907.07977288451355590000,117319131.0817095355535416,0.5065608212916537,0.49343917870834625,0.5
2021-11-24T00:00:00+00:00,123206014.19453583265499440000,120160834.4350193980995979,0.5062563569702785,0.49374364302972157,0.5
2021-11-23T00:00:00+00:00,119939804.53944503546999440000,117742891.0008912577564628,0.5046215260508541,0.4953784739491459,0.5
2021-11-22T00:00:00+00:00,121027815.31879339943599440000,117567090.9889844097824628,0.5072523013658657,0.4927476986341343,0.5
2021-11-21T00:00:00+00:00,115274859.61032976021599440000,112755662.9780718644004628,0.5055238145395234,0.4944761854604765,0.5
2021-11-20T00:00:00+00:00,116302334.59055222944099440000,112243165.8778025371314628,0.508880438915733,0.491119561084267,0.5
2021-11-19T00:00:00+00:00,117297623.15954472431237390000,114223560.7026541772652825,0.5066388362516326,0.49336116374836736,0.5
2021-11-18T00:00:00+00:00,120720782.72126468173337390000,116944280.3822509934362825,0.50794500943828,0.49205499056172,0.5
2021-11-17T00:00:00+00:00,125136887.27525126581737390000,122257955.2987642381522825,0.5058184963488592,0.4941815036511408,0.5
2021-11-16T00:00:00+00:00,122403443.86982435806237390000,117150078.8503941962632996,0.5109649087180523,0.4890350912819476,0.5
2021-11-15T00:00:00+00:00,120005121.61110208965137390000,116405244.0626790462732996,0.5076136203633949,0.49238637963660514,0.5
2021-11-14T00:00:00+00:00,119116676.57923592167537390000,117110581.9488987531682996,0.5042461116528986,0.4957538883471015,0.5
2021-11-13T00:00:00+00:00,116013278.35307232174237390000,113668991.1839194413045608,0.5051033263775185,0.4948966736224815,0.5
2021-11-12T00:00:00+00:00,114996135.63307232174237390000,112664136.3602396060065535,0.5051216649536929,0.494878335046307,0.5
2021-11-11T00:00:00+00:00,112209793.05829846602437390000,110854916.1521781136345535,0.5030369593444787,0.4969630406555213,0.5
2021-11-10T00:00:00+00:00,110546824.44225672733437390000,108383004.7576101231485535,0.50494181101898,0.49505818898102005,0.5
2021-11-09T00:00:00+00:00,108777887.17749333763637390000,108898910.2922941684347150,0.49972201190892285,0.5002779880910772,0.5
2021-11-08T00:00:00+00:00,106119851.51702701951937390000,106923451.4159512027652930,0.4981139986851007,0.5018860013148994,0.5
2021-11-07T00:00:00+00:00,105469844.13233096747637390000,102923473.3355382885342930,0.5061095308326892,0.4938904691673108,0.5
2021-11-06T00:00:00+00:00,92234386.74273754973037390000,90179829.9619653971862930,0.5056315697808196,0.4943684302191804,0.5
2021-11-05T00:00:00+00:00,89735410.72534460593037390000,89488424.4635310903742930,0.5006890441261711,0.49931095587382884,0.5
2021-11-04T00:00:00+00:00,89858231.08942310785331300000,88169068.5900047738718744,0.5047441108820389,0.49525588911796115,0.5
2021-11-03T00:00:00+00:00,92248095.28539483258331300000,89298902.1233058785970629,0.5081223958649388,0.49187760413506126,0.5
2021-11-02T00:00:00+00:00,92794925.86387261664370960000,90515568.4276424110160040,0.5062172038896077,0.4937827961103924,0.5
2021-11-01T00:00:00+00:00,96579068.92743238029470960000,92738840.5728007675883747,0.5101422743489223,0.4898577256510777,0.5
2021-10-31T00:00:00+00:00,95738196.35446233873270960000,92589774.7140553699833747,0.5083588795189152,0.4916411204810848,0.5
2021-10-30T00:00:00+00:00,96684540.32526419544823310000,93596689.6014344082236539,0.5081139130880626,0.49188608691193736,0.5
2021-10-29T00:00:00+00:00,94636865.74936344651056950000,92590474.8810293214163770,0.5054649894119202,0.49453501058807986,0.5
2021-10-28T00:00:00+00:00,91358688.83290126366156950000,86593695.1224937398843770,0.5133883952675843,0.48661160473241566,0.5
2021-10-27T00:00:00+00:00,99158574.68388171894756950000,96517444.2097504307073770,0.5067487331586784,0.49325126684132153,0.5
2021-10-26T00:00:00+00:00,96502100.14404060728656950000,92319219.2145844774384452,0.5110762940955614,0.4889237059044385,0.5
2021-10-25T00:00:00+00:00,96795120.50742375631656950000,93835881.0540122583734452,0.5077616951838178,0.49223830481618225,0.5
2021-10-24T00:00:00+00:00,93723028.90248972602856950000,89827731.0678404337046518,0.5106109553435761,0.4893890446564238,0.5
2021-10-23T00:00:00+00:00,91078875.72337986229856950000,90405118.6418346680266518,0.5018562438078956,0.4981437561921044,0.5
2021-10-22T00:00:00+00:00,89287471.47401675129756950000,87436006.6437647445960365,0.5052383102968867,0.4947616897031133,0.5
2021-10-21T00:00:00+00:00,88979948.09986758765645120000,85192973.0331930820561762,0.5108713083584946,0.48912869164150546,0.5
2021-10-20T00:00:00+00:00,89402116.38056009449345120000,87738476.5465759262779049,0.5046958176172203,0.49530418238277973,0.5
2021-10-19T00:00:00+00:00,90950063.02767897163445120000,88488135.0797968578262143,0.5068600999504228,0.4931399000495772,0.5
2021-10-18T00:00:00+00:00,91641931.87378223547945120000,88702124.8904023184250813,0.5081505513298505,0.4918494486701495,0.5
2021-10-17T00:00:00+00:00,91826968.73253199261045120000,87748997.2634048140793238,0.5113544467003437,0.48864555329965637,0.5
2021-10-16T00:00:00+00:00,91540111.46387113273345120000,89585934.0765668762663238,0.5053945234145466,0.4946054765854534,0.5
2021-10-15T00:00:00+00:00,92224382.30513620559561600000,91365937.5199333172861317,0.5023379358618167,0.4976620641381832,0.5
2021-10-14T00:00:00+00:00,90425219.14974244551147940000,88356747.5103842821749833,0.5057849001160459,0.4942150998839541,0.5
2021-10-13T00:00:00+00:00,89968607.93258627072147940000,88183788.3270561550946974,0.5050092495049263,0.49499075049507363,0.5
2021-10-12T00:00:00+00:00,87138797.73804419461007500000,85671743.9371168742364154,0.5042446883931566,0.4957553116068434,0.5
2021-10-11T00:00:00+00:00,86143489.47503584759307500000,84782700.0484767917334154,0.5039806346539184,0.49601936534608154,0.5
2021-10-10T00:00:00+00:00,88016554.42358790083907500000,85002482.2643854252089117,0.5087102327492382,0.49128976725076173,0.5
2021-10-09T00:00:00+00:00,90115539.62520985199507500000,87067485.7757060886449117,0.5086014273732116,0.49139857262678843,0.5
2021-10-08T00:00:00+00:00,89827248.17367525545607500000,89036795.3608411804886827,0.5022096470515091,0.4977903529484909,0.5
2021-10-07T00:00:00+00:00,84141086.96333698799907500000,81578510.1861687382756427,0.5077316648762319,0.49226833512376816,0.5
2021-10-06T00:00:00+00:00,83569285.74102581414407500000,80390133.7486643432506427,0.5096949354976259,0.4903050645023741,0.5
2021-10-05T00:00:00+00:00,86883997.36056878256507500000,85942644.7935662263757631,0.5027234011934427,0.4972765988065572,0.5
2021-10-04T00:00:00+00:00,86333665.92056878256507500000,84273620.2873181596047631,0.506037390544799,0.493962609455201,0.5
2021-10-03T00:00:00+00:00,84712758.82295209932712350000,84113949.6488511215153172,0.501773443252911,0.49822655674708904,0.5
2021-10-02T00:00:00+00:00,86496301.59915489337012350000,85336910.4353302441403172,0.503373594516734,0.49662640548326603,0.5
2021-10-01T00:00:00+00:00,84882501.60915489337012350000,85895561.2500520219280661,0.49703398778526864,0.5029660122147314,0.5
2021-09-30T00:00:00+00:00,84264566.56332747851212350000,81434147.0676031478429130,0.508540861403513,0.49145913859648704,0.5
2021-09-29T00:00:00+00:00,82442074.61950715905490870000,80466164.8938143079489130,0.5060644867675071,0.49393551323249285,0.5
2021-09-28T00:00:00+00:00,78876284.13829687575190870000,78065878.9711942601594445,0.502581859301051,0.49741814069894896,0.5
2021-09-27T00:00:00+00:00,75292370.00629464336490870000,73579671.6938194031244445,0.5057522496934826,0.49424775030651735,0.5
2021-09-26T00:00:00+00:00,74450642.11437430801190870000,73390263.7249540218188079,0.5035862144627709,0.49641378553722915,0.5
2021-09-25T00:00:00+00:00,73363285.15505959391990870000,70563297.3463560473199045,0.5097271392123689,0.49027286078763105,0.5
2021-09-24T00:00:00+00:00,76625222.34406581684189250000,74651897.9543092243880704,0.5065222169283249,0.49347778307167517,0.5
2021-09-23T00:00:00+00:00,73622911.36406581684189250000,74047328.6251976993690704,0.49856295601211614,0.5014370439878839,0.5
2021-09-22T00:00:00+00:00,73648955.64261593302689250000,74458582.2786132134656475,0.49726676087064564,0.5027332391293544,0.5
2021-09-21T00:00:00+00:00,73072792.51228358041089250000,71049130.0376334544884111,0.5070206615303415,0.49297933846965847,0.5
2021-09-20T00:00:00+00:00,71354462.26963437852089250000,71870812.3414374806594111,0.49819741985761506,0.501802580142385,0.5
2021-09-19T00:00:00+00:00,67461071.57681138664046280000,69179407.0946290642119832,0.4937122017775219,0.506287798222478,0.5
2021-09-18T00:00:00+00:00,67172129.17015088416946280000,69668917.9397776588849832,0.4908770474124587,0.5091229525875414,0.5
2021-09-17T00:00:00+00:00,66948166.77436121369446280000,69118778.7032174124016604,0.49202373537071176,0.5079762646292882,0.5
2021-09-16T00:00:00+00:00,65983429.48482847292696790000,68181143.6712657812407456,0.49180963299499203,0.508190367005008,0.5
2021-09-15T00:00:00+00:00,64271709.57902794343111080000,65909451.9185347800797104,0.4937097567702317,0.5062902432297683,0.5
2021-09-14T00:00:00+00:00,61995202.88285100023611080000,62326447.5149726363674825,0.4986677918485571,0.501332208151443,0.5
2021-09-13T00:00:00+00:00,61743827.16237298738511080000,60350493.0037765907216640,0.505705974515032,0.4942940254849681,0.5
2021-09-12T00:00:00+00:00,58652134.20484960603400000000,58801568.7282372853670547,0.49936385775988346,0.5006361422401165,0.5
2021-09-11T00:00:00+00:00,56721067.20063475140800000000,55977410.3532954172513122,0.5032993207338736,0.49670067926612643,0.5
2021-09-10T00:00:00+00:00,56848981.49878123622500000000,55342782.0102160186323122,0.5067126116991842,0.49328738830081575,0.5
2021-09-09T00:00:00+00:00,53548705.12568504915500000000,53399434.3118315638223122,0.5006978654076573,0.4993021345923428,0.5
2021-09-08T00:00:00+00:00,48252609.12807808342300000000,47528012.4096424910092636,0.5037825851764296,0.4962174148235704,0.5
2021-09-07T00:00:00+00:00,43223034.0708630854540000,41291457.1945534645722127,0.5114274892233779,0.4885725107766221,0.5
2021-09-06T00:00:00+00:00,26321457.4435745644070000,27961412.0318727971013197,0.4848943635059676,0.5151056364940324,0.5
2021-09-05T00:00:00+00:00,12218210.3642799512160000,14313770.4672631157739071,0.4605087890668944,0.5394912109331056,0.5
2021-08-25T00:00:00+00:00,515000.000000000000,495639.324486348458,0.5095784297348075,0.4904215702651925,0.5
2021-08-17T00:00:00+00:00,500000.000000000000,510371.993042680286,0.4948672404252588,0.5051327595747411,0.5
