date,price,market_cap,total_volume
2019-04-27 00:00:00 UTC,0.005470458,11597995.6,43158348.37
2019-04-28 00:00:00 UTC,0.005207031,11038517.25,9750768.054
2019-04-29 00:00:00 UTC,0.004380997,9288212.331,8388214.177
2019-04-30 00:00:00 UTC,0.003527687,7477597.705,8206899.938
2019-05-01 00:00:00 UTC,0.004395773,9332879.031,23996173.17
2019-05-02 00:00:00 UTC,0.004329785,9280224.873,9648802.46
2019-05-03 00:00:00 UTC,0.004193112,8891333.309,5967466.561
2019-05-04 00:00:00 UTC,0.004224852,8955629.304,4828733.418
2019-05-05 00:00:00 UTC,0.003938938,8350998.167,2373076.009
2019-05-06 00:00:00 UTC,0.00373068,7910188.375,2646003.171
2019-05-07 00:00:00 UTC,0.003770357,8147697.347,4031985.293
2019-05-08 00:00:00 UTC,0.003477788,7512418.501,2950832.609
2019-05-09 00:00:00 UTC,0.00329431,7116084.669,2146002.828
2019-05-10 00:00:00 UTC,0.003143763,6796234.573,3816858.127
2019-05-11 00:00:00 UTC,0.003763312,8118766.839,7771947.106
2019-05-12 00:00:00 UTC,0.004670115,10168666.01,12644633.5
2019-05-13 00:00:00 UTC,0.005218062,11260147.52,17282003
2019-05-14 00:00:00 UTC,0.00877144,18947310.46,72534590.54
2019-05-15 00:00:00 UTC,0.007717692,16665799.2,98251438.75
2019-05-16 00:00:00 UTC,0.009576281,20738305.3,48234032.9
2019-05-17 00:00:00 UTC,0.010889455,23552487.14,58419125.85
2019-05-18 00:00:00 UTC,0.01452119,31299208.08,168823052.6
2019-05-19 00:00:00 UTC,0.012344621,26678408.35,56237389.24
2019-05-20 00:00:00 UTC,0.020172913,41681357.74,139262475.8
2019-05-21 00:00:00 UTC,0.030190717,66604903.12,392858767.2
2019-05-22 00:00:00 UTC,0.028913648,62459642.04,696647294.9
2019-05-23 00:00:00 UTC,0.021690489,46878984.71,288364882.8
2019-05-24 00:00:00 UTC,0.026635006,57629891.4,416431723.6
2019-05-25 00:00:00 UTC,0.02559596,54996274.33,151057259.4
2019-05-26 00:00:00 UTC,0.025027977,54013343.75,147967215.6
2019-05-27 00:00:00 UTC,0.02439748,52600982.41,95178261.24
2019-05-28 00:00:00 UTC,0.022289453,48249663.52,77853505.58
2019-05-29 00:00:00 UTC,0.023761636,50823040.71,92800163.64
2019-05-30 00:00:00 UTC,0.022118548,47821537.81,3988206.429
2019-05-31 00:00:00 UTC,0.019714497,42600957.27,49505071.82
2019-06-01 00:00:00 UTC,0.023004624,49723944.58,57155721.04
2019-06-02 00:00:00 UTC,0.021409017,46228763.97,55810055.03
2019-06-03 00:00:00 UTC,0.020158085,43550002.73,30773342.05
2019-06-04 00:00:00 UTC,0.019799639,42881156.97,30733193.14
2019-06-05 00:00:00 UTC,0.021017812,45295451.67,81555692.63
2019-06-06 00:00:00 UTC,0.022966123,49638985.78,91943585.66
2019-06-07 00:00:00 UTC,0.023380651,50499381.99,92096248.46
2019-06-08 00:00:00 UTC,0.024390356,52893272.32,38703199.07
2019-06-09 00:00:00 UTC,0.026258676,56724814.6,63273397.98
2019-06-10 00:00:00 UTC,0.025759264,55710274.59,71404139.27
2019-06-11 00:00:00 UTC,0.027377001,59107812.9,53479139.98
2019-06-12 00:00:00 UTC,0.023804336,51420080.14,44491000.9
2019-06-13 00:00:00 UTC,0.023710133,51535963.69,45489808.03
2019-06-14 00:00:00 UTC,0.023221228,49975244.83,57059260.54
2019-06-15 00:00:00 UTC,0.021151823,45637339.24,45609709.03
2019-06-16 00:00:00 UTC,0.022564049,48117850.64,41376359.45
2019-06-17 00:00:00 UTC,0.023146705,50240871.93,39432554.46
2019-06-18 00:00:00 UTC,0.021710356,46777411.15,33740043.1
2019-06-19 00:00:00 UTC,0.022392227,48709215.92,31736411.33
2019-06-20 00:00:00 UTC,0.023090698,49859833.7,54183244.38
2019-06-21 00:00:00 UTC,0.022599683,48851915.17,35401143.91
2019-06-22 00:00:00 UTC,0.021190607,45743869.91,42987217.52
2019-06-23 00:00:00 UTC,0.021885628,47416092.08,62292809.76
2019-06-24 00:00:00 UTC,0.021117576,45620125.31,38492722.83
2019-06-25 00:00:00 UTC,0.020723673,44753023.92,19311226.21
2019-06-26 00:00:00 UTC,0.01915814,41373470.27,27817296.09
2019-06-27 00:00:00 UTC,0.017886641,38734904.12,64540534.12
2019-06-28 00:00:00 UTC,0.019414255,42164738.77,71947730.26
2019-06-29 00:00:00 UTC,0.019288016,41898477.23,50630118.87
2019-06-30 00:00:00 UTC,0.023876567,51922816.68,98174967.2
2019-07-01 00:00:00 UTC,0.021956801,48567202.96,66977116.34
2019-07-02 00:00:00 UTC,0.022335406,48492349.38,34688711.07
2019-07-03 00:00:00 UTC,0.02160758,46885776.09,54515200.95
2019-07-04 00:00:00 UTC,0.019345338,41923684.09,46923166.18
2019-07-05 00:00:00 UTC,0.018106594,39593808.55,35399057.68
2019-07-06 00:00:00 UTC,0.018395749,39966864.42,29338015.91
2019-07-07 00:00:00 UTC,0.017712132,38514627.58,12546472.91
2019-07-08 00:00:00 UTC,0.017703512,38417837.93,14691072.9
2019-07-09 00:00:00 UTC,0.016688509,36185159.21,20897547.41
2019-07-10 00:00:00 UTC,0.016187364,34907619.82,27542262.31
2019-07-11 00:00:00 UTC,0.016231798,35261877.2,43493929.47
2019-07-12 00:00:00 UTC,0.014466715,31441314.49,27648674.35
2019-07-13 00:00:00 UTC,0.015780378,34237784.6,24209839.45
2019-07-14 00:00:00 UTC,0.01664466,36146828.88,36346886.02
2019-07-15 00:00:00 UTC,0.014369555,31117634.21,23341262.55
2019-07-16 00:00:00 UTC,0.013875669,30148521.1,18281687.85
2019-07-17 00:00:00 UTC,0.012095697,26238465.21,17457787.12
2019-07-18 00:00:00 UTC,0.013190028,28639861.3,19960944.15
2019-07-19 00:00:00 UTC,0.01365393,29745100.85,17592496.86
2019-07-20 00:00:00 UTC,0.01343166,29152034.39,7977281.577
2019-07-21 00:00:00 UTC,0.014018082,30493646.76,10031424.46
2019-07-22 00:00:00 UTC,0.013426783,29191825.68,6141617.929
2019-07-23 00:00:00 UTC,0.012756641,27766875.39,8132839.84
2019-07-24 00:00:00 UTC,0.011570307,25046830.79,7783672.729
2019-07-25 00:00:00 UTC,0.011973424,26256529.64,11058273.88
2019-07-26 00:00:00 UTC,0.01219211,26551219.21,7970652.14
2019-07-27 00:00:00 UTC,0.012745861,27660069.96,7878830.443
2019-07-28 00:00:00 UTC,0.011938401,25924344.86,7216487.351
2019-07-29 00:00:00 UTC,0.011758072,25550071.09,5276318.936
2019-07-30 00:00:00 UTC,0.011436873,24812612.49,4293960.765
2019-07-31 00:00:00 UTC,0.01149077,25015174.16,4385153.227
2019-08-01 00:00:00 UTC,0.011357792,24649793.52,6685808.752
2019-08-02 00:00:00 UTC,0.010627978,23077095.52,8023071.013
2019-08-03 00:00:00 UTC,0.011089688,24092974.52,8551526.67
2019-08-04 00:00:00 UTC,0.010635447,23115758.48,6016679.863
2019-08-05 00:00:00 UTC,0.01022661,22212546.04,6237145.083
2019-08-06 00:00:00 UTC,0.011703941,25449415.37,31353815.81
2019-08-07 00:00:00 UTC,0.015314423,33082693.42,92919397.15
2019-08-08 00:00:00 UTC,0.01687905,36553330.07,125670298.3
2019-08-09 00:00:00 UTC,0.014277317,31019101.42,52943836.56
2019-08-10 00:00:00 UTC,0.012264417,26641234.71,31448914.15
2019-08-11 00:00:00 UTC,0.014927054,32812953.39,42290099.11
2019-08-12 00:00:00 UTC,0.016469528,35762186.39,77616926.05
2019-08-13 00:00:00 UTC,0.017097439,37135487.99,64533899.5
2019-08-14 00:00:00 UTC,0.016506564,35917458.8,46095578.09
2019-08-15 00:00:00 UTC,0.014760442,32101938.2,48449435.81
2019-08-16 00:00:00 UTC,0.01461015,31730119.04,25803411.53
2019-08-17 00:00:00 UTC,0.013327167,28958170.22,23685917.33
2019-08-18 00:00:00 UTC,0.014098842,30667664.07,19901169.18
2019-08-19 00:00:00 UTC,0.01387851,30313833.71,16468807.13
2019-08-20 00:00:00 UTC,0.015466532,33642650.01,31626618.91
2019-08-21 00:00:00 UTC,0.015730451,34246470.69,21782359.9
2019-08-22 00:00:00 UTC,0.015437552,33538253.15,27841103.49
2019-08-23 00:00:00 UTC,0.016875036,36706414.06,37734209.92
2019-08-24 00:00:00 UTC,0.015464257,33651223.32,33563242.92
2019-08-25 00:00:00 UTC,0.014822282,32344410.07,23163269.14
2019-08-26 00:00:00 UTC,0.013629163,29632317.84,11800360.05
2019-08-27 00:00:00 UTC,0.013883854,30283095,12309280.9
2019-08-28 00:00:00 UTC,0.01420122,30890295.54,15133909.2
2019-08-29 00:00:00 UTC,0.012893062,28044862.53,11416698.78
2019-08-30 00:00:00 UTC,0.011679409,25424797.92,10100495.04
2019-08-31 00:00:00 UTC,0.012369777,26906600.67,6981423.164
2019-09-01 00:00:00 UTC,0.011795746,25657991.28,4839536.024
2019-09-02 00:00:00 UTC,0.012193503,26523188.3,5161220.407
2019-09-03 00:00:00 UTC,0.013596088,29561673.31,18837441.49
2019-09-04 00:00:00 UTC,0.014310595,31153185.22,22618245.14
2019-09-05 00:00:00 UTC,0.014111626,30936056.82,13412976.95
2019-09-06 00:00:00 UTC,0.014825445,32604127.37,19457186.3
2019-09-07 00:00:00 UTC,0.013617083,29853630.1,18938376.15
2019-09-08 00:00:00 UTC,0.013731836,30049379.89,7799496.119
2019-09-09 00:00:00 UTC,0.013837876,30293091.01,5143184.857
2019-09-10 00:00:00 UTC,0.014121609,30968735.17,17225173.52
2019-09-11 00:00:00 UTC,0.013516666,29631104.19,7692132.211
2019-09-12 00:00:00 UTC,0.013135361,28773150.36,6644987.096
2019-09-13 00:00:00 UTC,0.012900909,28281247.36,5709174.054
2019-09-14 00:00:00 UTC,0.012930044,28393615.6,3946907.83
2019-09-15 00:00:00 UTC,0.013103345,28725026.2,4701783.022
2019-09-16 00:00:00 UTC,0.012821936,28108124.86,4012935.545
2019-09-17 00:00:00 UTC,0.012886487,28214274.19,5361735.715
2019-09-18 00:00:00 UTC,0.013451483,29489405.01,7755252.081
2019-09-19 00:00:00 UTC,0.014282464,31328841.67,22722323.43
2019-09-20 00:00:00 UTC,0.01372384,30052893.15,14707793.42
2019-09-21 00:00:00 UTC,0.013622185,29744382.26,5725783.774
2019-09-22 00:00:00 UTC,0.013357191,29411612.65,4210087.23
2019-09-23 00:00:00 UTC,0.012331308,27052540.35,6093875.1
2019-09-24 00:00:00 UTC,0.012298118,26967501.14,5101774.333
2019-09-25 00:00:00 UTC,0.011181701,24911381.76,19169612.2
2019-09-26 00:00:00 UTC,0.011014347,24145546.09,11326502.7
2019-09-27 00:00:00 UTC,0.010630802,23307889.22,8219967.881
2019-09-28 00:00:00 UTC,0.010836468,23755601.73,6058236.73
2019-09-29 00:00:00 UTC,0.011144887,24431713.78,7856282.062
2019-09-30 00:00:00 UTC,0.010891269,23897300.76,5287887.648
2019-10-01 00:00:00 UTC,0.010820644,23703593.31,10700082.54
2019-10-02 00:00:00 UTC,0.010832865,23741134.93,4240288.96
2019-10-03 00:00:00 UTC,0.010832865,23741134.93,4240288.96
2019-10-04 00:00:00 UTC,0.010666304,23382568.62,4061665.646
2019-10-05 00:00:00 UTC,0.010649643,23347983.93,4020653.305
2019-10-06 00:00:00 UTC,0.010640581,23366450.36,3116316.039
2019-10-07 00:00:00 UTC,0.010307901,22596881.87,4158746.862
2019-10-08 00:00:00 UTC,0.01090034,23934200.52,11141299.15
2019-10-09 00:00:00 UTC,0.012354414,27082557.66,22159359
2019-10-10 00:00:00 UTC,0.014343556,31445833.53,36181752.19
2019-10-11 00:00:00 UTC,0.016159425,35424535.97,42231935.23
2019-10-12 00:00:00 UTC,0.016065105,35217767.43,62056731.97
2019-10-13 00:00:00 UTC,0.015589608,34301394.75,38709011.77
2019-10-14 00:00:00 UTC,0.014976476,32835902.63,18484124.88
2019-10-15 00:00:00 UTC,0.015251836,33432953.56,42230307.71
2019-10-16 00:00:00 UTC,0.014360098,31483215.8,18358048.65
2019-10-17 00:00:00 UTC,0.013919962,30555707.73,16615953.2
2019-10-18 00:00:00 UTC,0.014281002,31324266.81,13827015.53
2019-10-19 00:00:00 UTC,0.013354713,29276470.57,12557091.92
2019-10-20 00:00:00 UTC,0.013841962,30337521.83,8495868.7
2019-10-21 00:00:00 UTC,0.013839092,30337924.71,8464263.659
2019-10-22 00:00:00 UTC,0.014900681,33037554.73,22256103.89
2019-10-23 00:00:00 UTC,0.014503059,32156352.16,17566004.73
2019-10-24 00:00:00 UTC,0.013262388,29725524.29,20640370.09
2019-10-25 00:00:00 UTC,0.013513154,30780732.15,17645374.64
2019-10-26 00:00:00 UTC,0.01434345,32650750.17,29824927.27
2019-10-27 00:00:00 UTC,0.013531609,31756643.74,38501508.45
2019-10-28 00:00:00 UTC,0.01402828,32922438.05,27688981.24
2019-10-29 00:00:00 UTC,0.014085967,33194870.29,25437898.66
2019-10-30 00:00:00 UTC,0.01405776,33513836.4,20093785.01
2019-10-31 00:00:00 UTC,0.013414437,31980389.64,13468610.88
2019-11-01 00:00:00 UTC,0.013570122,32342119.84,13286325.09
2019-11-02 00:00:00 UTC,0.013759857,32796812.31,10100248.73
2019-11-03 00:00:00 UTC,0.013555917,32319801.18,8515527.373
2019-11-04 00:00:00 UTC,0.013511341,32214064.32,7725588.816
2019-11-05 00:00:00 UTC,0.014297083,34109087.54,20231829.99
2019-11-06 00:00:00 UTC,0.014703311,35055986.47,23372839.24
2019-11-07 00:00:00 UTC,0.014434424,34397567.58,15749685.06
2019-11-08 00:00:00 UTC,0.01509234,36016058.01,21715109.99
2019-11-09 00:00:00 UTC,0.014381484,34357442.13,19754273.48
2019-11-10 00:00:00 UTC,0.014915998,35639283.18,14312171.96
2019-11-11 00:00:00 UTC,0.015701183,37228214.59,15092830.25
2019-11-12 00:00:00 UTC,0.015376695,36684607.45,16793648.71
2019-11-13 00:00:00 UTC,0.014886649,35471956.85,16119126.13
2019-11-14 00:00:00 UTC,0.014931759,35669173.56,7870861.766
2019-11-15 00:00:00 UTC,0.014425888,34268420.62,8003971.6
2019-11-16 00:00:00 UTC,0.013826212,33091821.17,10889775.85
2019-11-17 00:00:00 UTC,0.014382474,34294229.69,7456727.277
2019-11-18 00:00:00 UTC,0.014305688,34240022.96,8294474.537
2019-11-19 00:00:00 UTC,0.014014715,33515939.22,9108734.486
2019-11-20 00:00:00 UTC,0.014843406,35443692.8,18839562.53
2019-11-21 00:00:00 UTC,0.014316625,35056581.82,15397509.2
2019-11-22 00:00:00 UTC,0.014251584,34895747.76,15841934.24
2019-11-23 00:00:00 UTC,0.014030852,34553191.98,23860484.26
2019-11-24 00:00:00 UTC,0.016697179,40973474.65,38781693.95
2019-11-25 00:00:00 UTC,0.015114422,37455654.61,37317089.05
2019-11-26 00:00:00 UTC,0.020193939,50078163.85,81341113.57
2019-11-27 00:00:00 UTC,0.020771791,51137413.2,80784639.39
2019-11-28 00:00:00 UTC,0.024420015,61182721.02,72106889.67
2019-11-29 00:00:00 UTC,0.022733853,56894664.45,52993867.11
2019-11-30 00:00:00 UTC,0.024494978,61131706.27,29612776.59
2019-12-01 00:00:00 UTC,0.028654025,72079180.03,57019054.29
2019-12-02 00:00:00 UTC,0.026435719,66516868.68,52023277.13
2019-12-03 00:00:00 UTC,0.026354957,66225094.05,41429589.01
2019-12-04 00:00:00 UTC,0.029283164,74270825.55,71498559.02
2019-12-05 00:00:00 UTC,0.031907089,80319450.69,63647576.71
2019-12-06 00:00:00 UTC,0.033049898,83922382.39,72960453.81
2019-12-07 00:00:00 UTC,0.041186666,104424336.9,101476387.7
2019-12-08 00:00:00 UTC,0.038881389,99179314.96,85001401.37
2019-12-09 00:00:00 UTC,0.041366729,105544694.1,65826510.51
2019-12-10 00:00:00 UTC,0.034016902,86853639.6,61537905.23
2019-12-11 00:00:00 UTC,0.017319874,44168673.26,341938325.1
2019-12-12 00:00:00 UTC,0.017842995,45494543.94,61131328.49
2019-12-13 00:00:00 UTC,0.015741367,40195059.41,49514440.36
2019-12-14 00:00:00 UTC,0.015985786,40814029.47,26021106.85
2019-12-15 00:00:00 UTC,0.013641242,34781665,32805496.01
2019-12-16 00:00:00 UTC,0.014216811,36302072.48,27858440.93
2019-12-17 00:00:00 UTC,0.013224982,33711693,28118149.15
2019-12-18 00:00:00 UTC,0.012078099,30848555.88,24919072.26
2019-12-19 00:00:00 UTC,0.012671161,32299983.21,24195164.02
2019-12-20 00:00:00 UTC,0.013102509,33215326.28,12718418.36
2019-12-21 00:00:00 UTC,0.015438639,39354544.63,56906599.48
2019-12-22 00:00:00 UTC,0.018010533,45910697.59,61977865.22
2019-12-23 00:00:00 UTC,0.016180904,41307692.07,103552746.9
2019-12-24 00:00:00 UTC,0.01502794,38335051.01,40653771.38
2019-12-25 00:00:00 UTC,0.016163309,40913550.03,23676243.8
2019-12-26 00:00:00 UTC,0.015629333,39839724.45,29024410.33
2019-12-27 00:00:00 UTC,0.015582602,39711945.15,17670970.28
2019-12-28 00:00:00 UTC,0.015248359,38788633.3,15118793.97
2019-12-29 00:00:00 UTC,0.014961911,38115925.34,8366277.171
2019-12-30 00:00:00 UTC,0.014739535,37537238.79,12844992.13
2019-12-31 00:00:00 UTC,0.014274146,36441205.69,6316192.587
2020-01-01 00:00:00 UTC,0.013764534,35068663.17,10713807.14
2020-01-02 00:00:00 UTC,0.014922305,38011240.15,20504313.05
2020-01-03 00:00:00 UTC,0.014646567,37320199.77,26165156.12
2020-01-04 00:00:00 UTC,0.01511297,38504502.6,14853329.3
2020-01-05 00:00:00 UTC,0.01484969,37828678.67,10536227.14
2020-01-06 00:00:00 UTC,0.014803127,37675740.26,8289301.049
2020-01-07 00:00:00 UTC,0.01553109,39538911.01,16572957.2
2020-01-08 00:00:00 UTC,0.015060283,38397277.41,17634284.5
2020-01-09 00:00:00 UTC,0.014943918,38115516.09,16445247.72
2020-01-10 00:00:00 UTC,0.014572354,37035918.67,9688270.594
2020-01-11 00:00:00 UTC,0.014893048,37892097.78,10134730.18
2020-01-12 00:00:00 UTC,0.01476439,37682542.76,8336806.477
2020-01-13 00:00:00 UTC,0.014973703,38163919.76,6905039.184
2020-01-14 00:00:00 UTC,0.015471162,39440577.58,9769124.139
2020-01-15 00:00:00 UTC,0.015684996,39982532.44,31941284.9
2020-01-16 00:00:00 UTC,0.016294599,41523507.35,29508080.86
2020-01-17 00:00:00 UTC,0.016043159,40941909.41,22914523.24
2020-01-18 00:00:00 UTC,0.018730348,47628917.29,72347444.69
2020-01-19 00:00:00 UTC,0.017440992,44610905.41,31204686.31
2020-01-20 00:00:00 UTC,0.016371695,41810647.12,26379044.76
2020-01-21 00:00:00 UTC,0.016847746,42870541.87,18230903.32
2020-01-22 00:00:00 UTC,0.017137532,43743073.29,22560137.9
2020-01-23 00:00:00 UTC,0.017074929,43316561.9,13414486.95
2020-01-24 00:00:00 UTC,0.015919288,40575187.77,15855779.76
2020-01-25 00:00:00 UTC,0.016198327,41302367.6,14165636.61
2020-01-26 00:00:00 UTC,0.01607741,40978710.87,11685341.26
2020-01-27 00:00:00 UTC,0.016445686,42113887.11,10747137.86
2020-01-28 00:00:00 UTC,0.016847448,43018843.83,19625864.46
2020-01-29 00:00:00 UTC,0.017109528,43794885.87,20663598.4
2020-01-30 00:00:00 UTC,0.017001856,43730726.78,16150754.73
2020-01-31 00:00:00 UTC,0.018604505,47421676.73,34259011.89
2020-02-01 00:00:00 UTC,0.017890069,45898827.54,24776333.99
2020-02-02 00:00:00 UTC,0.018289737,46751819.93,12485400.05
2020-02-03 00:00:00 UTC,0.019172043,49048838.81,26944235.6
2020-02-04 00:00:00 UTC,0.022308518,56910919.14,66031072.35
2020-02-05 00:00:00 UTC,0.021096881,53942875.69,65757814.69
2020-02-06 00:00:00 UTC,0.021362362,54839605.09,50896522.28
2020-02-07 00:00:00 UTC,0.024450487,62787785.46,77950757.2
2020-02-08 00:00:00 UTC,0.023114529,59085384.33,61445580.95
2020-02-09 00:00:00 UTC,0.021162634,54239566.43,73993083.62
2020-02-10 00:00:00 UTC,0.022002438,56282734.14,44086470.89
2020-02-11 00:00:00 UTC,0.021608992,55268479.15,43117250.87
2020-02-12 00:00:00 UTC,0.022788113,57929277.51,36066786.51
2020-02-13 00:00:00 UTC,0.022920157,58378156.57,62228500.92
2020-02-14 00:00:00 UTC,0.022232914,56860013.77,45078083.01
2020-02-15 00:00:00 UTC,0.023219302,59345265.83,42749886.04
2020-02-16 00:00:00 UTC,0.020798407,53140657.2,47859748.9
2020-02-17 00:00:00 UTC,0.020216117,51726161.53,47665585.21
2020-02-18 00:00:00 UTC,0.020028648,51029418.3,37131921.54
2020-02-19 00:00:00 UTC,0.021509148,55262008.8,40142369.53
2020-02-20 00:00:00 UTC,0.019951858,51167414.53,16174453.58
2020-02-21 00:00:00 UTC,0.020649317,52471156.35,24033899.12
2020-02-22 00:00:00 UTC,0.02070011,53361966.76,33670186.68
2020-02-23 00:00:00 UTC,0.020738147,53019036.52,14530943.25
2020-02-24 00:00:00 UTC,0.022313844,57077588.52,33653093.51
2020-02-25 00:00:00 UTC,0.020723549,52956396.24,29642235.19
2020-02-26 00:00:00 UTC,0.019170631,49191557.92,32359171.63
2020-02-27 00:00:00 UTC,0.018476806,47274423.63,36069605.72
2020-02-28 00:00:00 UTC,0.019599899,49669131.42,33735101.83
2020-02-29 00:00:00 UTC,0.020219528,51876436.25,35504463.3
2020-03-01 00:00:00 UTC,0.020186744,52016007.38,33641423.6
2020-03-02 00:00:00 UTC,0.019450364,49616734.54,30863594.51
2020-03-03 00:00:00 UTC,0.021320824,54429579.12,31247796.87
2020-03-04 00:00:00 UTC,0.02359708,60698451.94,51054811.58
2020-03-05 00:00:00 UTC,0.024736986,68198391.23,99369846
2020-03-06 00:00:00 UTC,0.026267288,72433912.22,80146249.31
2020-03-07 00:00:00 UTC,0.024876777,68581138.31,56319292.96
2020-03-08 00:00:00 UTC,0.02687888,73495744.43,89597330.79
2020-03-09 00:00:00 UTC,0.021510451,60128637.82,73503295.59
2020-03-10 00:00:00 UTC,0.020428527,56373069.24,81828096.35
2020-03-11 00:00:00 UTC,0.020592592,57288338.37,65191499.53
2020-03-12 00:00:00 UTC,0.019013713,52267284.04,70274599.56
2020-03-13 00:00:00 UTC,0.009433734,25251993.31,61249765.88
2020-03-14 00:00:00 UTC,0.010752262,29277816.05,51804649.69
2020-03-15 00:00:00 UTC,0.009872529,27127408.55,21397097.24
2020-03-16 00:00:00 UTC,0.009879285,27511144.72,21270124.2
2020-03-17 00:00:00 UTC,0.008165693,22418089.73,25809858.38
2020-03-18 00:00:00 UTC,0.009262444,25620237.75,23873265.51
2020-03-19 00:00:00 UTC,0.009123672,24954508.39,21163580.87
2020-03-20 00:00:00 UTC,0.011184507,30985064.67,35358713.94
2020-03-21 00:00:00 UTC,0.010818519,29799618.05,34080699.94
2020-03-22 00:00:00 UTC,0.011102872,30686838.35,22169117.1
2020-03-23 00:00:00 UTC,0.010058751,27780340.72,15233623.81
2020-03-24 00:00:00 UTC,0.011173782,30611788.82,17123548.46
2020-03-25 00:00:00 UTC,0.011275894,31151261.92,17313286.34
2020-03-26 00:00:00 UTC,0.011477451,31615677.69,13732008.26
2020-03-27 00:00:00 UTC,0.011919467,32855635.35,16360973.92
2020-03-28 00:00:00 UTC,0.010799451,29585099.26,9423028.528
2020-03-29 00:00:00 UTC,0.010667359,29431994.45,13793676.26
2020-03-30 00:00:00 UTC,0.010069547,27813793.24,9957347.117
2020-03-31 00:00:00 UTC,0.010780924,29760805.77,13909225.4
2020-04-01 00:00:00 UTC,0.011011991,30394556.64,12392526.32
2020-04-02 00:00:00 UTC,0.011270735,30861721.58,18642241.88
2020-04-03 00:00:00 UTC,0.011537449,31740389.14,21342034.95
2020-04-04 00:00:00 UTC,0.011536187,31816155.49,15226623.5
2020-04-05 00:00:00 UTC,0.011738521,32354471.23,12395096.69
2020-04-06 00:00:00 UTC,0.011447088,31566133.44,11350742.66
2020-04-07 00:00:00 UTC,0.013404483,36925036.44,38890338.67
2020-04-08 00:00:00 UTC,0.012899687,35516331.35,39050181.07
2020-04-09 00:00:00 UTC,0.013728737,38193848.66,28331467.55
2020-04-10 00:00:00 UTC,0.013511019,37216451.99,21649893.92
2020-04-11 00:00:00 UTC,0.012015276,33080445.12,23295806.33
2020-04-12 00:00:00 UTC,0.01222263,33703665.54,16716585.32
2020-04-13 00:00:00 UTC,0.012226803,34166170.53,14541371.45
2020-04-14 00:00:00 UTC,0.012029997,33178189.3,11129979.29
2020-04-15 00:00:00 UTC,0.012190536,33588867.71,17356709.22
2020-04-16 00:00:00 UTC,0.011646805,32094129.26,9331259.727
2020-04-17 00:00:00 UTC,0.012579577,34751289.17,13997754.14
2020-04-18 00:00:00 UTC,0.012768181,35265172.92,12465755.24
2020-04-19 00:00:00 UTC,0.013412645,36955344.63,12194723.07
2020-04-20 00:00:00 UTC,0.012957783,35737327.95,14643558.86
2020-04-21 00:00:00 UTC,0.012077169,33327758.33,14670525.72
2020-04-22 00:00:00 UTC,0.012009737,33128904.54,12296674.81
2020-04-23 00:00:00 UTC,0.012783154,35210714.43,10377552.1
2020-04-24 00:00:00 UTC,0.014130003,39048221.66,29767404.55
2020-04-25 00:00:00 UTC,0.014672321,40519864.88,34698353.33
2020-04-26 00:00:00 UTC,0.015071234,41516729.27,22422727.28
2020-04-27 00:00:00 UTC,0.01563048,43119973.34,24489995.22
2020-04-28 00:00:00 UTC,0.015424724,42436511.43,21920142.19
2020-04-29 00:00:00 UTC,0.015656324,43129079.52,14330601.23
2020-04-30 00:00:00 UTC,0.016434789,45201081.13,36019670.48
2020-05-01 00:00:00 UTC,0.0154352,42771682.54,33517357.11
2020-05-02 00:00:00 UTC,0.015880362,43858164.27,18653132.47
2020-05-03 00:00:00 UTC,0.016907776,46728678.66,20412471.42
2020-05-04 00:00:00 UTC,0.017112071,47310156.81,33791176.58
2020-05-05 00:00:00 UTC,0.016952152,46367549.22,29694952.47
2020-05-06 00:00:00 UTC,0.016966759,46668679.09,17543028.86
2020-05-07 00:00:00 UTC,0.017047361,48176499.63,27652319.72
2020-05-08 00:00:00 UTC,0.017426514,48147056.03,30659849.1
2020-05-09 00:00:00 UTC,0.017880743,49324094.96,26097397.11
2020-05-10 00:00:00 UTC,0.017262676,47519404.24,21407525.67
2020-05-11 00:00:00 UTC,0.015371296,42581693.14,39906909.58
2020-05-12 00:00:00 UTC,0.015036472,41609735.86,30580545.08
2020-05-13 00:00:00 UTC,0.016908282,46666057.81,42499623.02
2020-05-14 00:00:00 UTC,0.019222961,52924824.08,58637596.19
2020-05-15 00:00:00 UTC,0.019043268,53000225.73,68611576.84
2020-05-16 00:00:00 UTC,0.018084279,49885550.95,39782503.25
2020-05-17 00:00:00 UTC,0.020030759,55098810.74,42893039.44
2020-05-18 00:00:00 UTC,0.020261019,55811572.16,27418119.44
2020-05-19 00:00:00 UTC,0.020588681,70799168.6,28398879.61
2020-05-20 00:00:00 UTC,0.022177608,76146913.3,56333738.27
2020-05-21 00:00:00 UTC,0.020834403,71732437.53,43371532.96
2020-05-22 00:00:00 UTC,0.019211381,65962361.38,42411059.04
2020-05-23 00:00:00 UTC,0.019934234,68458992.57,27202628.04
2020-05-24 00:00:00 UTC,0.020065129,68893707.57,23929080.48
2020-05-25 00:00:00 UTC,0.019427389,67412523.6,42056076.86
2020-05-26 00:00:00 UTC,0.021183088,73018187.13,40954089.46
2020-05-27 00:00:00 UTC,0.025857383,87434500.2,108953532.9
2020-05-28 00:00:00 UTC,0.024356657,83697220.39,109364893.9
2020-05-29 00:00:00 UTC,0.025112077,86222427.96,70544208.7
2020-05-30 00:00:00 UTC,0.025885522,88903816.78,61686033.61
2020-05-31 00:00:00 UTC,0.023961386,82521775.96,64304969.48
2020-06-01 00:00:00 UTC,0.020384645,68868109.92,88350182.24
2020-06-02 00:00:00 UTC,0.021787892,74808948.32,64245651.01
2020-06-03 00:00:00 UTC,0.020962392,71875865.4,51453760.01
2020-06-04 00:00:00 UTC,0.021708783,74274130.69,29545401.45
2020-06-05 00:00:00 UTC,0.021457193,73657362.13,34163772.44
2020-06-06 00:00:00 UTC,0.020522695,72206586.09,28837522.88
2020-06-07 00:00:00 UTC,0.02064085,72034389.57,18448017.99
2020-06-08 00:00:00 UTC,0.020295905,70720484.68,21685499.5
2020-06-09 00:00:00 UTC,0.020275279,70958990.24,14203268.55
2020-06-10 00:00:00 UTC,0.020169433,70221933.23,13032339.85
2020-06-11 00:00:00 UTC,0.021315483,73961875.65,40968426.22
2020-06-12 00:00:00 UTC,0.019842102,68291280.43,33045214.53
2020-06-13 00:00:00 UTC,0.020407285,71218986.66,17600418.1
2020-06-14 00:00:00 UTC,0.020637138,71998648.93,13988798.22
2020-06-15 00:00:00 UTC,0.020543278,71470136.34,24981443.27
2020-06-16 00:00:00 UTC,0.020482751,71283280.8,25137143.06
2020-06-17 00:00:00 UTC,0.020597689,71869475.9,17390124.88
2020-06-18 00:00:00 UTC,0.020749442,72276111.08,21647473.89
2020-06-19 00:00:00 UTC,0.020422845,71204877.69,15722976.86
2020-06-20 00:00:00 UTC,0.020207272,70341252.11,15600231.8
2020-06-21 00:00:00 UTC,0.022569769,78026276.74,38316068.35
2020-06-22 00:00:00 UTC,0.021372175,74451504.27,36890834.52
2020-06-23 00:00:00 UTC,0.022051791,76780595,27632827.29
2020-06-24 00:00:00 UTC,0.022632899,78942503.88,20933372.17
2020-06-25 00:00:00 UTC,0.022261146,77593389.06,24204954.58
2020-06-26 00:00:00 UTC,0.021643868,75613667.49,17203243.59
2020-06-27 00:00:00 UTC,0.020868411,72835714.88,20176252.48
2020-06-28 00:00:00 UTC,0.019431194,68113391.63,20454448
2020-06-29 00:00:00 UTC,0.020000762,69795114.99,21700409.16
2020-06-30 00:00:00 UTC,0.019653594,68641746.06,22245016.21
2020-07-01 00:00:00 UTC,0.018981179,66354841.17,11981680.08
2020-07-02 00:00:00 UTC,0.018701821,65279606.07,23037794.56
2020-07-03 00:00:00 UTC,0.018875742,65953507.57,16765308.35
2020-07-04 00:00:00 UTC,0.019255359,67394225.91,16892652.01
2020-07-05 00:00:00 UTC,0.019552535,68439387.47,10798703.12
2020-07-06 00:00:00 UTC,0.019088849,66700687.91,13360864.21
2020-07-07 00:00:00 UTC,0.019958365,70019028.4,15841089.3
2020-07-08 00:00:00 UTC,0.020118773,70177171.58,20957945.03
2020-07-09 00:00:00 UTC,0.021589391,75308457.89,33561711.24
2020-07-10 00:00:00 UTC,0.020593584,76722490.04,27862827.98
2020-07-11 00:00:00 UTC,0.021140857,78530241.56,21973094.15
2020-07-12 00:00:00 UTC,0.021420927,79839170.16,12761465.98
2020-07-13 00:00:00 UTC,0.021204146,78863141.69,11461288.77
2020-07-14 00:00:00 UTC,0.022353981,83512257.96,36280162.5
2020-07-15 00:00:00 UTC,0.02235925,83502693.38,19836564.43
2020-07-16 00:00:00 UTC,0.022359983,83572669.5,24658283.2
2020-07-17 00:00:00 UTC,0.020918889,78191657.53,23410612.28
2020-07-18 00:00:00 UTC,0.021201703,79198940.38,11560933.68
2020-07-19 00:00:00 UTC,0.021528206,80265392.33,9014516.612
2020-07-20 00:00:00 UTC,0.021255353,79430031.55,10604757.01
2020-07-21 00:00:00 UTC,0.021601118,81904623.98,25180271.8
2020-07-22 00:00:00 UTC,0.021303427,79505613.81,17694528.52
2020-07-23 00:00:00 UTC,0.021204576,79551222.56,11791999.48
2020-07-24 00:00:00 UTC,0.021167276,79073246.91,9486898.133
2020-07-25 00:00:00 UTC,0.020626441,77293389.3,11432022.11
2020-07-26 00:00:00 UTC,0.020887667,77973731.67,9822414.153
2020-07-27 00:00:00 UTC,0.020754339,77572999.05,13005944.14
2020-07-28 00:00:00 UTC,0.019861179,74255355.29,30514081.59
2020-07-29 00:00:00 UTC,0.020488205,76815547.85,24573097.39
2020-07-30 00:00:00 UTC,0.020281697,75981580.74,15459977.99
2020-07-31 00:00:00 UTC,0.02043436,76564889.11,13961239.58
2020-08-01 00:00:00 UTC,0.020332994,76294710.37,11445887.55
2020-08-02 00:00:00 UTC,0.02100225,78568099.1,15697021.5
2020-08-03 00:00:00 UTC,0.020038238,75058359.31,13954050.53
2020-08-04 00:00:00 UTC,0.020442025,76731329.13,11405905.76
2020-08-05 00:00:00 UTC,0.020649407,77436284.48,9368871.599
2020-08-06 00:00:00 UTC,0.021510351,80720622.76,18302333.26
2020-08-07 00:00:00 UTC,0.021704276,81651632.19,16917053.27
2020-08-08 00:00:00 UTC,0.021334621,80133715.89,12961754.76
2020-08-09 00:00:00 UTC,0.022844582,85627199.79,18450536.36
2020-08-10 00:00:00 UTC,0.022713706,85197027.28,22316147.03
2020-08-11 00:00:00 UTC,0.024279212,90901130.17,29025315.69
2020-08-12 00:00:00 UTC,0.023067816,87106390.98,43124348.11
2020-08-13 00:00:00 UTC,0.025607213,96398036.83,28057198.08
2020-08-14 00:00:00 UTC,0.027162978,102213441.8,59211362.7
2020-08-15 00:00:00 UTC,0.028215238,106103448.5,32878217.43
2020-08-16 00:00:00 UTC,0.029976478,112770493.8,62309839.45
2020-08-17 00:00:00 UTC,0.030138516,112863352.1,32303413.67
2020-08-18 00:00:00 UTC,0.028897817,108880664.2,52929056.16
2020-08-19 00:00:00 UTC,0.026817134,101109111.9,33305891.58
2020-08-20 00:00:00 UTC,0.024875282,93387821.04,32365643.62
2020-08-21 00:00:00 UTC,0.026681084,100555689.9,22158468.47
2020-08-22 00:00:00 UTC,0.024969545,94178529.3,31427836.44
2020-08-23 00:00:00 UTC,0.026076959,98421781.9,19624219.56
2020-08-24 00:00:00 UTC,0.025341772,95409236.9,10661072.21
2020-08-25 00:00:00 UTC,0.027964816,105559169.4,26518018.73
2020-08-26 00:00:00 UTC,0.025874827,97917129.59,21324995.39
2020-08-27 00:00:00 UTC,0.02688295,101354260.4,21554527.75
2020-08-28 00:00:00 UTC,0.025728618,96856471.16,18313345.73
2020-08-29 00:00:00 UTC,0.026822054,101246672.3,11552718.77
2020-08-30 00:00:00 UTC,0.027637832,104805853.9,18503185.49
2020-08-31 00:00:00 UTC,0.02721483,102737882.2,15997642.86
2020-09-01 00:00:00 UTC,0.026616982,100757219.5,14518132.97
2020-09-02 00:00:00 UTC,0.025631796,97730121.74,18268026.05
2020-09-03 00:00:00 UTC,0.02354465,89068305.51,23511217.3
2020-09-04 00:00:00 UTC,0.019255626,72282633.73,19712084.83
2020-09-05 00:00:00 UTC,0.019429453,73039273.53,20356501.59
2020-09-06 00:00:00 UTC,0.018034349,68226544.14,15872237.85
2020-09-07 00:00:00 UTC,0.01882855,71334309.87,10895932.21
2020-09-08 00:00:00 UTC,0.018868366,71393754.35,10491919.8
2020-09-09 00:00:00 UTC,0.01822311,69054173.54,8344260.574
2020-09-10 00:00:00 UTC,0.020130034,75947690.53,16887212.32
2020-09-11 00:00:00 UTC,0.0204515,77815809.66,12567263.69
2020-09-12 00:00:00 UTC,0.021261657,80816181.21,11236729.83
2020-09-13 00:00:00 UTC,0.020937129,79601629.41,9215642.777
2020-09-14 00:00:00 UTC,0.019800777,75278889.95,12776941.72
2020-09-15 00:00:00 UTC,0.020104497,76452153.56,9769581.178
2020-09-16 00:00:00 UTC,0.020410658,77608855.05,16804788.23
2020-09-17 00:00:00 UTC,0.01990456,75665228.17,11826080.93
2020-09-18 00:00:00 UTC,0.020399174,77605972.75,13948706.85
2020-09-19 00:00:00 UTC,0.021064448,80137724.97,18043812.96
2020-09-20 00:00:00 UTC,0.020889325,79389841.16,9509977.456
2020-09-21 00:00:00 UTC,0.021883903,84198926.73,16289429.31
2020-09-22 00:00:00 UTC,0.01893026,72166277.92,30331722.13
2020-09-23 00:00:00 UTC,0.019624764,74228663.07,8462496.378
2020-09-24 00:00:00 UTC,0.017736581,67399219.14,9968564.614
2020-09-25 00:00:00 UTC,0.018974822,72181734.84,10175194.65
2020-09-26 00:00:00 UTC,0.019103588,72618138.94,8582585.622
2020-09-27 00:00:00 UTC,0.018912307,71945074.9,6891469.901
2020-09-28 00:00:00 UTC,0.018761147,71413263.38,8521691.991
2020-09-29 00:00:00 UTC,0.01889391,71656617.26,16963440.18
2020-09-30 00:00:00 UTC,0.019666133,74807821.08,10872262.08
2020-10-01 00:00:00 UTC,0.020118862,76978925.68,9684105.777
2020-10-02 00:00:00 UTC,0.018961739,72254557.33,14736445.46
2020-10-03 00:00:00 UTC,0.018236208,69587909.23,9450359.841
2020-10-04 00:00:00 UTC,0.018498907,70708954.36,5371810.39
2020-10-05 00:00:00 UTC,0.018559642,70823617.11,5536939.733
2020-10-06 00:00:00 UTC,0.018815051,71883397.65,5653050.861
2020-10-07 00:00:00 UTC,0.017167676,65479097.01,8999098.818
2020-10-08 00:00:00 UTC,0.016915359,64626729.43,8588623.318
2020-10-09 00:00:00 UTC,0.016617406,63426985.25,12129400.8
2020-10-10 00:00:00 UTC,0.017077636,65269431.83,9914888.845
2020-10-11 00:00:00 UTC,0.017189071,65705736.71,8508100.198
2020-10-12 00:00:00 UTC,0.017805192,67930272.48,6216598.719
2020-10-13 00:00:00 UTC,0.017865166,68710236.8,9021148.978
2020-10-14 00:00:00 UTC,0.017664233,67718580.53,6440785.521
2020-10-15 00:00:00 UTC,0.017249154,65950052.59,5324181.759
2020-10-16 00:00:00 UTC,0.01720501,65864041.18,6026819.922
2020-10-17 00:00:00 UTC,0.016249998,62336549.73,6622879.184
2020-10-18 00:00:00 UTC,0.016752562,64142007.36,4935940.308
2020-10-19 00:00:00 UTC,0.016860814,64540865.44,4683431.844
2020-10-20 00:00:00 UTC,0.016197515,62063891.15,6330955.823
2020-10-21 00:00:00 UTC,0.015555442,59598806.92,23456470.86
2020-10-22 00:00:00 UTC,0.016341386,62447481.66,14396472.5
2020-10-23 00:00:00 UTC,0.017369767,66551346.3,12871073.28
2020-10-24 00:00:00 UTC,0.017028318,65183189.95,7177012.955
2020-10-25 00:00:00 UTC,0.017640693,67571590.35,6260818.107
2020-10-26 00:00:00 UTC,0.01718692,65905778.93,7179104.086
2020-10-27 00:00:00 UTC,0.016525106,63572991.74,8920967.16
2020-10-28 00:00:00 UTC,0.015816837,60783264.84,11956419.2
2020-10-29 00:00:00 UTC,0.01511338,64593361.28,8876005.159
2020-10-30 00:00:00 UTC,0.013851279,59287777.19,8799049.805
2020-10-31 00:00:00 UTC,0.013935644,59512065.18,10505146.99
2020-11-01 00:00:00 UTC,0.013722507,58765032.26,5718753.053
2020-11-02 00:00:00 UTC,0.014106362,60363334.23,5427039.748
2020-11-03 00:00:00 UTC,0.013689974,58714275.12,5990905.253
2020-11-04 00:00:00 UTC,0.012728946,54179650.57,8357623.351
2020-11-05 00:00:00 UTC,0.012245468,57833068,8133341.555
2020-11-06 00:00:00 UTC,0.013508325,64027926.92,10548826.83
2020-11-07 00:00:00 UTC,0.015449503,73440220.5,18146529.71
2020-11-08 00:00:00 UTC,0.014361254,68618278.3,18155079.05
2020-11-09 00:00:00 UTC,0.01575413,75027572.41,10851267.73
2020-11-10 00:00:00 UTC,0.0156268,74354069.87,11079817.64
2020-11-11 00:00:00 UTC,0.017281964,82260676.55,17856499.26
2020-11-12 00:00:00 UTC,0.016574705,78796851.3,9684852.22
2020-11-13 00:00:00 UTC,0.015845199,75708757.41,10183663.36
2020-11-14 00:00:00 UTC,0.016854076,79885491.97,7801802.354
2020-11-15 00:00:00 UTC,0.016723843,79593768.8,5637551.664
2020-11-16 00:00:00 UTC,0.016419418,78234156.9,7356047.194
2020-11-17 00:00:00 UTC,0.016618834,79003662.39,6622711.2
2020-11-18 00:00:00 UTC,0.017831473,84856888.53,15411574.51
2020-11-19 00:00:00 UTC,0.017093582,81412733.79,15378902.9
2020-11-20 00:00:00 UTC,0.017232796,81871395.72,12203249.41
2020-11-21 00:00:00 UTC,0.017837101,85024276.29,12407964.07
2020-11-22 00:00:00 UTC,0.019743967,93782431.12,19147165.04
2020-11-23 00:00:00 UTC,0.019179548,91831128.48,22305920.31
2020-11-24 00:00:00 UTC,0.021124171,100067376.7,25334654.27
2020-11-25 00:00:00 UTC,0.021564599,102510099.2,28665858.09
2020-11-26 00:00:00 UTC,0.021419418,102214896.5,25576496.47
2020-11-27 00:00:00 UTC,0.017757409,84178920.47,30021816
2020-11-28 00:00:00 UTC,0.017722607,84431878.22,10074938.01
2020-11-29 00:00:00 UTC,0.018722955,89626884.52,9265440.955
2020-11-30 00:00:00 UTC,0.018803167,89617639.75,9252437.321
2020-12-01 00:00:00 UTC,0.019465782,93174280.37,13198889.38
2020-12-02 00:00:00 UTC,0.018737776,89004348.38,15020130.09
2020-12-03 00:00:00 UTC,0.019363961,92281888.16,9100394.762
2020-12-04 00:00:00 UTC,0.020790836,98814153.04,14720639.35
2020-12-05 00:00:00 UTC,0.018927865,90091253.18,15475340.83
2020-12-06 00:00:00 UTC,0.01968486,93822555.66,9264980.79
2020-12-07 00:00:00 UTC,0.019544071,93117126.09,8591213.77
2020-12-08 00:00:00 UTC,0.019264935,92266017.4,6097664.344
2020-12-09 00:00:00 UTC,0.017659071,84983599.72,9249804.915
2020-12-10 00:00:00 UTC,0.018138437,86872755.13,11348486.41
2020-12-11 00:00:00 UTC,0.017801824,85228040.23,10449485.74
2020-12-12 00:00:00 UTC,0.017572598,84154212.62,8008566.757
2020-12-13 00:00:00 UTC,0.017934746,85618201.69,6235214.231
2020-12-14 00:00:00 UTC,0.01815211,86974920.34,5644047.896
2020-12-15 00:00:00 UTC,0.018409603,88299908.95,6599250.319
2020-12-16 00:00:00 UTC,0.01952809,93550251.32,14914642.78
2020-12-17 00:00:00 UTC,0.019445703,93900056.34,13211155.64
2020-12-18 00:00:00 UTC,0.019013353,91235719.2,19553927.73
2020-12-19 00:00:00 UTC,0.020598909,98129645.66,14132734.5
2020-12-20 00:00:00 UTC,0.019993785,95964780.83,18002724.77
2020-12-21 00:00:00 UTC,0.019219121,92226995.23,11285502.62
2020-12-22 00:00:00 UTC,0.018246771,87819189.17,11197079.63
2020-12-23 00:00:00 UTC,0.018706757,89719511.5,8655443.66
2020-12-24 00:00:00 UTC,0.015362831,74645135.18,15216781.8
2020-12-25 00:00:00 UTC,0.016484057,79302306.79,10478920.98
2020-12-26 00:00:00 UTC,0.016613145,79873722.52,9404585.023
2020-12-27 00:00:00 UTC,0.019317508,92700464.84,16961522.7
2020-12-28 00:00:00 UTC,0.018390194,89017443.51,19829861.26
2020-12-29 00:00:00 UTC,0.018949359,91005257.15,13186038.05
2020-12-30 00:00:00 UTC,0.018485279,88892700.45,11772506.54
2020-12-31 00:00:00 UTC,0.018151045,87162609.83,10251337.23
2021-01-01 00:00:00 UTC,0.017591425,84631209.45,11060707.06
2021-01-02 00:00:00 UTC,0.017835341,85497270.88,10860734.82
2021-01-03 00:00:00 UTC,0.019044849,91239574.37,18874516.68
2021-01-04 00:00:00 UTC,0.01995511,97731623.91,19922331.92
2021-01-05 00:00:00 UTC,0.023720123,113967886.4,47150426.37
2021-01-06 00:00:00 UTC,0.024510369,117726586.2,64990809.53
2021-01-07 00:00:00 UTC,0.034893824,169147570.7,165847047.2
2021-01-08 00:00:00 UTC,0.033013959,159204548.9,129307158.3
2021-01-09 00:00:00 UTC,0.031702368,153407762.7,104462245.1
2021-01-10 00:00:00 UTC,0.033586314,164076639.5,96516758.36
2021-01-11 00:00:00 UTC,0.030421687,148192013.7,76396986.71
2021-01-12 00:00:00 UTC,0.026039879,126645984.4,57146035.4
2021-01-13 00:00:00 UTC,0.026246356,127710771.6,47544669.71
2021-01-14 00:00:00 UTC,0.030104753,147113000.1,42907545.84
2021-01-15 00:00:00 UTC,0.032818263,158782678.8,38146195.11
2021-01-16 00:00:00 UTC,0.033925286,164779148.5,88337107.33
2021-01-17 00:00:00 UTC,0.032898095,159713889.5,49378931.68
2021-01-18 00:00:00 UTC,0.033994236,168349484.4,82036632.34
2021-01-19 00:00:00 UTC,0.036040526,173838286.7,89411150.12
2021-01-20 00:00:00 UTC,0.032771021,159317241.1,79577315.27
2021-01-21 00:00:00 UTC,0.034448867,167475939,70986143.98
2021-01-22 00:00:00 UTC,0.028762051,141218347.3,59521841.05
2021-01-23 00:00:00 UTC,0.031354068,152600992.8,37462054.99
2021-01-24 00:00:00 UTC,0.034051997,165710879.6,56977447.72
2021-01-25 00:00:00 UTC,0.033224696,162086565.7,34717166.87
2021-01-26 00:00:00 UTC,0.033149005,162023290.7,38690467.46
2021-01-27 00:00:00 UTC,0.043218733,214097716.7,203004518.1
2021-01-28 00:00:00 UTC,0.042035997,205011207.5,171503639.5
2021-01-29 00:00:00 UTC,0.038761283,190402118.9,89353523.92
2021-01-30 00:00:00 UTC,0.040275243,197087899.5,96196293.53
2021-01-31 00:00:00 UTC,0.039723609,193908758.7,86723297.2
2021-02-01 00:00:00 UTC,0.038192558,184772940.6,43349697.79
2021-02-02 00:00:00 UTC,0.040759376,197091461.7,49235900.51
2021-02-03 00:00:00 UTC,0.041027955,200699305.5,33193757.14
2021-02-04 00:00:00 UTC,0.043991962,215296258,43421250.34
2021-02-05 00:00:00 UTC,0.047234668,232221721.1,84437263.74
2021-02-06 00:00:00 UTC,0.055428821,271855685,120227756.3
2021-02-07 00:00:00 UTC,0.052271517,259896571.5,92422423.97
2021-02-08 00:00:00 UTC,0.067214403,334023536.5,168858414.9
2021-02-09 00:00:00 UTC,0.071779126,353093567.5,265435995.9
2021-02-10 00:00:00 UTC,0.098720135,484477250.8,366127293.9
2021-02-11 00:00:00 UTC,0.116687177,586472300.1,826317781.3
2021-02-12 00:00:00 UTC,0.123728543,611777882,313404032.3
2021-02-13 00:00:00 UTC,0.121294952,602563521.2,209198934.3
2021-02-14 00:00:00 UTC,0.111270928,557081448.8,179413286.3
2021-02-15 00:00:00 UTC,0.100694504,498574317,149612025.5
2021-02-16 00:00:00 UTC,0.106498021,526213140.7,249852146.1
2021-02-17 00:00:00 UTC,0.108820212,538986550,158931927.5
2021-02-18 00:00:00 UTC,0.112217668,560310287.2,187372418.1
2021-02-19 00:00:00 UTC,0.123249806,610942758.8,254597009.4
2021-02-20 00:00:00 UTC,0.15705579,776591525.7,371302824.3
2021-02-21 00:00:00 UTC,0.14594515,720289330.7,871489994.3
2021-02-22 00:00:00 UTC,0.161542652,805170723.6,440694551.4
2021-02-23 00:00:00 UTC,0.151740074,750493582.8,360795726.9
2021-02-24 00:00:00 UTC,0.137540876,676445011.9,475988612.2
2021-02-25 00:00:00 UTC,0.159949514,797591288.3,423349307.3
2021-02-26 00:00:00 UTC,0.174849233,910956096.1,737795076.9
2021-02-27 00:00:00 UTC,0.190447458,941019561.5,669101302.6
2021-02-28 00:00:00 UTC,0.199509059,981241021.6,652603920.9
2021-03-01 00:00:00 UTC,0.224491807,1117749256,686388221.9
2021-03-02 00:00:00 UTC,0.247723632,1235048771,717158857.3
2021-03-03 00:00:00 UTC,0.229321556,1138010871,383727452.9
2021-03-04 00:00:00 UTC,0.22460814,1122561780,260496330.1
2021-03-05 00:00:00 UTC,0.200609999,996304904.9,262168130.6
2021-03-06 00:00:00 UTC,0.215165994,1068599769,260528705.7
2021-03-07 00:00:00 UTC,0.213279638,1059771283,159403340.4
2021-03-08 00:00:00 UTC,0.213180089,1058510883,123992580.8
2021-03-09 00:00:00 UTC,0.217489492,1085563185,135478175.5
2021-03-10 00:00:00 UTC,0.298713278,1496077314,735123671
2021-03-11 00:00:00 UTC,0.288437108,1449376143,804020544.1
2021-03-12 00:00:00 UTC,0.409046083,2084446129,1717845547
2021-03-13 00:00:00 UTC,0.412382063,2052802385,1728595246
2021-03-14 00:00:00 UTC,0.422974448,2110419301,904427909.6
2021-03-15 00:00:00 UTC,0.385497298,1934605562,570706856.3
2021-03-16 00:00:00 UTC,0.393348428,1973170419,656875144.1
2021-03-17 00:00:00 UTC,0.373801533,1861072864,443800441.6
2021-03-18 00:00:00 UTC,0.406663394,2041702242,723671072.1
2021-03-19 00:00:00 UTC,0.393220124,1974528408,420160956.6
2021-03-20 00:00:00 UTC,0.407181829,2032593896,342451704.1
2021-03-21 00:00:00 UTC,0.385010067,1935686656,282094155.5
2021-03-22 00:00:00 UTC,0.38093862,1909055446,282163630.3
2021-03-23 00:00:00 UTC,0.347648214,1757667620,261404314.6
2021-03-24 00:00:00 UTC,0.331502455,1661267286,256733803.4
2021-03-25 00:00:00 UTC,0.325226712,1628595308,383617908.4
2021-03-26 00:00:00 UTC,0.300406214,1501611740,276241603.7
2021-03-27 00:00:00 UTC,0.336646516,1679544725,271250549.4
2021-03-28 00:00:00 UTC,0.332933412,1679729293,232330850
2021-03-29 00:00:00 UTC,0.344243601,1719096199,243437749.2
2021-03-30 00:00:00 UTC,0.382293181,1909032206,655748549.4
2021-03-31 00:00:00 UTC,0.370079635,1856521326,311065437.9
2021-04-01 00:00:00 UTC,0.359425306,1804980923,336976081.8
2021-04-02 00:00:00 UTC,0.36412617,1823902343,246934365
2021-04-03 00:00:00 UTC,0.382510975,1916347718,320405134
2021-04-04 00:00:00 UTC,0.351996796,1776309707,268186087
2021-04-05 00:00:00 UTC,0.361738246,1816787945,194056778.1
2021-04-06 00:00:00 UTC,0.369343055,1858744892,263394859.9
2021-04-07 00:00:00 UTC,0.375818942,1895039220,360274129.7
2021-04-08 00:00:00 UTC,0.339742367,1723635476,315682605.7
2021-04-09 00:00:00 UTC,0.355985527,1796567179,189835410.1
2021-04-10 00:00:00 UTC,0.366282921,1838825193,233117546.4
2021-04-11 00:00:00 UTC,0.359582655,1811670703,199253707.1
2021-04-12 00:00:00 UTC,0.367612204,1851562052,156012159.6
2021-04-13 00:00:00 UTC,0.358528534,1803520036,165191846.8
2021-04-14 00:00:00 UTC,0.422001931,2106874368,763683474.3
2021-04-15 00:00:00 UTC,0.412466788,2144658328,579430867.1
2021-04-16 00:00:00 UTC,0.442261706,2297836037,533662174.4
2021-04-17 00:00:00 UTC,0.429772208,2215044027,468332099
2021-04-18 00:00:00 UTC,0.406218975,2107787279,274435772.9
2021-04-19 00:00:00 UTC,0.364432436,1905032945,463913856
2021-04-20 00:00:00 UTC,0.32667541,1716233239,250862290.8
2021-04-21 00:00:00 UTC,0.340983659,1777708295,290186073
2021-04-22 00:00:00 UTC,0.359913633,1884364053,313038334.2
2021-04-23 00:00:00 UTC,0.354652042,1861498965,790862916.4
2021-04-24 00:00:00 UTC,0.383569394,2004246962,552995934.3
2021-04-25 00:00:00 UTC,0.356395564,1874047875,256957270.8
2021-04-26 00:00:00 UTC,0.383955916,2000807641,411150476.9
2021-04-27 00:00:00 UTC,0.537376455,2816693566,2110047232
2021-04-28 00:00:00 UTC,0.8315061,4732966220,2232499081
2021-04-29 00:00:00 UTC,0.772917798,4715912992,4956516496
2021-04-30 00:00:00 UTC,0.883117573,5278592966,3502606383
2021-05-01 00:00:00 UTC,0.826161535,4991210142,2380225743
2021-05-02 00:00:00 UTC,0.787536253,4754313918,1171555947
2021-05-03 00:00:00 UTC,0.818565115,4926911993,934369931.7
2021-05-04 00:00:00 UTC,0.796693777,4833910307,961051027.9
2021-05-05 00:00:00 UTC,0.70457093,4336155478,930183827.1
2021-05-06 00:00:00 UTC,0.814637772,4928204514,1070712992
2021-05-07 00:00:00 UTC,0.757920575,4564410787,689778615.1
2021-05-08 00:00:00 UTC,0.750982145,4529072281,682630707.2
2021-05-09 00:00:00 UTC,0.849009587,5077166131,887144265.4
2021-05-10 00:00:00 UTC,0.970329631,5846789532,3742361969
2021-05-11 00:00:00 UTC,0.88065703,5386111669,1564514780
2021-05-12 00:00:00 UTC,1.07635541,6510953718,2007918928
2021-05-13 00:00:00 UTC,1.088835507,6923298886,3218679115
2021-05-14 00:00:00 UTC,1.055232064,6358736813,2517230577
2021-05-15 00:00:00 UTC,1.466806067,8948842193,3554597434
2021-05-16 00:00:00 UTC,1.614325346,10057100056,6792729904
2021-05-17 00:00:00 UTC,1.712803028,10330505696,3836987277
2021-05-18 00:00:00 UTC,1.70361186,10523995820,3723573266
2021-05-19 00:00:00 UTC,2.450046073,14970890737,9357699829
2021-05-20 00:00:00 UTC,1.696091461,10775087590,10860942519
2021-05-21 00:00:00 UTC,1.824127372,11274067679,6597673303
2021-05-22 00:00:00 UTC,1.481558126,9299041638,4484214166
2021-05-23 00:00:00 UTC,1.199932782,7396022257,3147802481
2021-05-24 00:00:00 UTC,1.100510213,6761617382,4461492655
2021-05-25 00:00:00 UTC,1.70012558,10557515608,10801640189
2021-05-26 00:00:00 UTC,1.926022202,11916141187,7733616834
2021-05-27 00:00:00 UTC,2.215595236,13850815377,10105637471
2021-05-28 00:00:00 UTC,2.035850782,12735439710,6505011267
2021-05-29 00:00:00 UTC,1.830647982,11314896971,6389448323
2021-05-30 00:00:00 UTC,1.687884164,10463357133,4315270834
2021-05-31 00:00:00 UTC,1.843456656,11435205989,5050604851
2021-06-01 00:00:00 UTC,1.8780555,11863968587,3836091188
2021-06-02 00:00:00 UTC,1.825050442,11453762980,2863996955
2021-06-03 00:00:00 UTC,1.803807578,11287030295,2102683910
2021-06-04 00:00:00 UTC,1.830496428,11516653573,1805657114
2021-06-05 00:00:00 UTC,1.630579172,10251274595,2955479135
2021-06-06 00:00:00 UTC,1.522800182,9533169748,1771200361
2021-06-07 00:00:00 UTC,1.579134992,9918976124,1205866410
2021-06-08 00:00:00 UTC,1.476723893,9341854426,2238372756
2021-06-09 00:00:00 UTC,1.484787266,9339502384,3016747199
2021-06-10 00:00:00 UTC,1.500043348,9449924822,2202132308
2021-06-11 00:00:00 UTC,1.363939998,8645655898,1274996834
2021-06-12 00:00:00 UTC,1.251482969,7848052880,1109446558
2021-06-13 00:00:00 UTC,1.349668535,8558294882,1856898585
2021-06-14 00:00:00 UTC,1.471643792,9166071245,1862759356
2021-06-15 00:00:00 UTC,1.548804735,9724687226,1943301936
2021-06-16 00:00:00 UTC,1.641034272,10364623022,2609137538
2021-06-17 00:00:00 UTC,1.473186225,9226088539,1770554159
2021-06-18 00:00:00 UTC,1.508973002,9414104126,1312080524
2021-06-19 00:00:00 UTC,1.378275296,8704938523,1477772951
2021-06-20 00:00:00 UTC,1.360523334,8570172152,1047024204
2021-06-21 00:00:00 UTC,1.40024665,8813447891,1165109948
2021-06-22 00:00:00 UTC,1.099956154,7108109710,1807612655
2021-06-23 00:00:00 UTC,1.070989019,6683558576,3043192425
2021-06-24 00:00:00 UTC,1.17584636,7404591527,1676649093
2021-06-25 00:00:00 UTC,1.202553773,7572229334,1084435563
2021-06-26 00:00:00 UTC,1.0532137,6682940338,1133931486
2021-06-27 00:00:00 UTC,1.062045058,6690335287,934082280.1
2021-06-28 00:00:00 UTC,1.108135286,6971829044,788601637.2
2021-06-29 00:00:00 UTC,1.126426835,7102463318,836895696.8
2021-06-30 00:00:00 UTC,1.174786421,7415778643,1089210965
2021-07-01 00:00:00 UTC,1.163490189,7337372561,873591818.5
2021-07-02 00:00:00 UTC,1.080720186,6813038355,657715146.4
2021-07-03 00:00:00 UTC,1.107611138,6946254596,524708661.3
2021-07-04 00:00:00 UTC,1.115895066,7034609250,466895418
2021-07-05 00:00:00 UTC,1.148383444,7267704796,554696963.7
2021-07-06 00:00:00 UTC,1.105212817,6976687277,558428295.2
2021-07-07 00:00:00 UTC,1.130021947,7126014766,615326977.7
2021-07-08 00:00:00 UTC,1.129727223,7121802669,631685509.5
2021-07-09 00:00:00 UTC,1.044677679,6612601427,601435632
2021-07-10 00:00:00 UTC,1.05885125,6705615971,498045413.9
2021-07-11 00:00:00 UTC,1.035074908,6556892269,362405143.6
2021-07-12 00:00:00 UTC,1.044586984,6612728321,261946721.8
2021-07-13 00:00:00 UTC,0.999017915,6318169070,452794200
2021-07-14 00:00:00 UTC,0.9438397,5992742570,398497433.1
2021-07-15 00:00:00 UTC,0.929327347,5872169181,567227034.2
2021-07-16 00:00:00 UTC,0.874493873,5536398705,410231684.1
2021-07-17 00:00:00 UTC,0.8120923,5137539233,401531566.8
2021-07-18 00:00:00 UTC,0.802522901,5087930068,378756494.8
2021-07-19 00:00:00 UTC,0.801978043,5073809052,348458406.3
2021-07-20 00:00:00 UTC,0.736631486,4711940257,344240693.8
2021-07-21 00:00:00 UTC,0.698170099,4430235135,904449294
2021-07-22 00:00:00 UTC,0.891662363,5654339692,2068269781
2021-07-23 00:00:00 UTC,0.890156975,5679796019,1343919614
2021-07-24 00:00:00 UTC,0.942841859,6022904907,937587925
2021-07-25 00:00:00 UTC,0.950940996,6080910913,732607141.7
2021-07-26 00:00:00 UTC,0.9410674,6010481312,569673931.2
2021-07-27 00:00:00 UTC,1.015351322,6509460344,1874618893
2021-07-28 00:00:00 UTC,1.036936453,6590638522,1380782351
2021-07-29 00:00:00 UTC,1.017365643,6517715305,1076535716
2021-07-30 00:00:00 UTC,1.030923296,6614278453,447798134.6
2021-07-31 00:00:00 UTC,1.055761225,6786082341,708968914.6
2021-08-01 00:00:00 UTC,1.086479507,6987112716,678673262.9
2021-08-02 00:00:00 UTC,1.04732418,6717125197,782867729.1
2021-08-03 00:00:00 UTC,1.051009638,6776858669,608852029.3
2021-08-04 00:00:00 UTC,1.022892506,6582077923,472152603.6
2021-08-05 00:00:00 UTC,1.053076217,6788082028,478893880.1
2021-08-06 00:00:00 UTC,1.063951194,6864595662,576310795.4
2021-08-07 00:00:00 UTC,1.080035324,6942612377,557347479
2021-08-08 00:00:00 UTC,1.168908015,7522694940,1063531221
2021-08-09 00:00:00 UTC,1.084323557,7004321718,684095725.4
2021-08-10 00:00:00 UTC,1.12615959,7206818150,693797541.3
2021-08-11 00:00:00 UTC,1.156234041,7435491440,810012505.9
2021-08-12 00:00:00 UTC,1.365907637,8798175021,2188993432
2021-08-13 00:00:00 UTC,1.325779365,8495823527,1794496706
2021-08-14 00:00:00 UTC,1.508072806,9660072124,1665858735
2021-08-15 00:00:00 UTC,1.439221137,9330076206,1049184915
2021-08-16 00:00:00 UTC,1.467721611,9474150836,825848470.4
2021-08-17 00:00:00 UTC,1.428021841,9363268664,1212293135
2021-08-18 00:00:00 UTC,1.356503415,8837886392,1201399362
2021-08-19 00:00:00 UTC,1.352113383,8784898439,1054805606
2021-08-20 00:00:00 UTC,1.410457346,9019280257,542087985.7
2021-08-21 00:00:00 UTC,1.541606933,9948484710,1307117644
2021-08-22 00:00:00 UTC,1.589361259,10264761353,1553829965
2021-08-23 00:00:00 UTC,1.628693164,10528073401,1132547142
2021-08-24 00:00:00 UTC,1.624774306,10526865542,976567963.5
2021-08-25 00:00:00 UTC,1.48605251,9661488060,1021859188
2021-08-26 00:00:00 UTC,1.532120005,9928631225,838083882.5
2021-08-27 00:00:00 UTC,1.403876183,9127366552,621537176.7
2021-08-28 00:00:00 UTC,1.510227637,9787433583,1000754759
2021-08-29 00:00:00 UTC,1.459808751,9450717430,685826662
2021-08-30 00:00:00 UTC,1.422766789,9201781883,606000154.6
2021-08-31 00:00:00 UTC,1.322191131,8577150848,819006597.3
2021-09-01 00:00:00 UTC,1.351347532,8773548421,1083615585
2021-09-02 00:00:00 UTC,1.457215862,9477410254,1560696929
2021-09-03 00:00:00 UTC,1.447588251,9549638915,1183968629
2021-09-04 00:00:00 UTC,1.452513037,9591135542,900520202.8
2021-09-05 00:00:00 UTC,1.735511128,11393054302,2179616389
2021-09-06 00:00:00 UTC,1.675276891,11078823164,2161766058
2021-09-07 00:00:00 UTC,1.648881681,10992844661,1530368131
2021-09-08 00:00:00 UTC,1.367559386,9144061519,2839649877
2021-09-09 00:00:00 UTC,1.336542959,8898039832,2076261413
2021-09-10 00:00:00 UTC,1.365430916,9104496096,1635510581
2021-09-11 00:00:00 UTC,1.300462975,8631212237,1394843800
2021-09-12 00:00:00 UTC,1.310787534,8716622882,858142989.5
2021-09-13 00:00:00 UTC,1.335385551,8925706012,749284226.2
2021-09-14 00:00:00 UTC,1.252608791,8326852729,891995496.1
2021-09-15 00:00:00 UTC,1.318598077,8774080307,836035832.6
2021-09-16 00:00:00 UTC,1.410786596,9360593252,791738350.8
2021-09-17 00:00:00 UTC,1.384967123,9210851903,1152716417
2021-09-18 00:00:00 UTC,1.417813917,9471032155,1041687423
2021-09-19 00:00:00 UTC,1.364356789,9045685370,769314524.5
2021-09-20 00:00:00 UTC,1.317229451,8771148922,611904089.7
2021-09-21 00:00:00 UTC,1.134653471,7511596671,1220101137
2021-09-22 00:00:00 UTC,1.041491265,6883456928,1109838531
2021-09-23 00:00:00 UTC,1.220281001,8083153162,1018507061
2021-09-24 00:00:00 UTC,1.225168559,8160967705,703141242.9
2021-09-25 00:00:00 UTC,1.127209793,7537530067,829334430.8
2021-09-26 00:00:00 UTC,1.126503227,7516859210,651642638.7
2021-09-27 00:00:00 UTC,1.126472933,7496762289,741907083.6
2021-09-28 00:00:00 UTC,1.085085827,7241606080,598994471.8
2021-09-29 00:00:00 UTC,1.047522724,7002241310,512427976
2021-09-30 00:00:00 UTC,1.10073465,7335032969,543730210.4
2021-10-01 00:00:00 UTC,1.128421173,7527251753,586344643.8
2021-10-02 00:00:00 UTC,1.267766342,8445601501,897200922.2
2021-10-03 00:00:00 UTC,1.296170074,8636174254,775986368.2
2021-10-04 00:00:00 UTC,1.325596941,8848235821,774261228.8
2021-10-05 00:00:00 UTC,1.279508797,8546057462,758691956.2
2021-10-06 00:00:00 UTC,1.314366336,8833102937,683894392.1
2021-10-07 00:00:00 UTC,1.259083315,8430736364,805652057
2021-10-08 00:00:00 UTC,1.279294788,8560103435,779723651.7
2021-10-09 00:00:00 UTC,1.337207449,8996570423,1168481107
2021-10-10 00:00:00 UTC,1.352020491,9098025913,718479322.9
2021-10-11 00:00:00 UTC,1.24779161,8386331568,628634402
2021-10-12 00:00:00 UTC,1.240431104,8321857045,604162842
2021-10-13 00:00:00 UTC,1.222815751,8227406969,668072616.3
2021-10-14 00:00:00 UTC,1.2408876,8330182175,583694852.5
2021-10-15 00:00:00 UTC,1.265750063,8499233818,581061607.7
2021-10-16 00:00:00 UTC,1.593128633,10538949494,4316164934
2021-10-17 00:00:00 UTC,1.510319544,10158279158,1408874206
2021-10-18 00:00:00 UTC,1.456703593,9743921299,731826163
2021-10-19 00:00:00 UTC,1.478513009,10019791061,1244727386
2021-10-20 00:00:00 UTC,1.478678203,9924918731,723247191.5
2021-10-21 00:00:00 UTC,1.530730023,10286231360,842457013.9
2021-10-22 00:00:00 UTC,1.509344415,10202548160,1031940932
2021-10-23 00:00:00 UTC,1.518333285,10272133002,841549519.2
2021-10-24 00:00:00 UTC,1.64612888,11123621412,1159606743
2021-10-25 00:00:00 UTC,1.57673657,10629578922,843047779.6
2021-10-26 00:00:00 UTC,1.671339354,11275511708,888899066.5
2021-10-27 00:00:00 UTC,1.74338538,11788671555,1642540935
2021-10-28 00:00:00 UTC,1.77356445,12092157067,2721999954
2021-10-29 00:00:00 UTC,2.127896974,14466119689,3189131280
2021-10-30 00:00:00 UTC,2.024912098,13701090209,2219071920
2021-10-31 00:00:00 UTC,1.860793988,12602891461,1135615444
2021-11-01 00:00:00 UTC,1.934257252,13115422888,1260219841
2021-11-02 00:00:00 UTC,1.907424786,12933027227,1033840180
2021-11-03 00:00:00 UTC,1.937176558,13188652867,1061616621
2021-11-04 00:00:00 UTC,2.037005143,13723321299,1749682459
2021-11-05 00:00:00 UTC,1.925375594,13088324627,1071278339
2021-11-06 00:00:00 UTC,1.905563829,12959492552,700011545.5
2021-11-07 00:00:00 UTC,1.888716129,12904882770,651724931.8
2021-11-08 00:00:00 UTC,1.889508658,12873074044,559816536.9
2021-11-09 00:00:00 UTC,1.894066818,13006977876,924768144.4
2021-11-10 00:00:00 UTC,1.76730196,12182370609,1187637282
2021-11-11 00:00:00 UTC,1.702158458,11650100493,1446005825
2021-11-12 00:00:00 UTC,1.76778436,12170519878,851457875.2
2021-11-13 00:00:00 UTC,1.723301843,11837980757,776851177.2
2021-11-14 00:00:00 UTC,1.759173324,12091367021,543392157.6
2021-11-15 00:00:00 UTC,1.736348559,11872506514,519499651.7
2021-11-16 00:00:00 UTC,1.700447289,11711428553,564295637
2021-11-17 00:00:00 UTC,1.572090527,10814157731,1105603670
2021-11-18 00:00:00 UTC,1.641211853,11221942744,908121609.9
2021-11-19 00:00:00 UTC,1.485475365,10182370628,853963403.1
2021-11-20 00:00:00 UTC,1.623727895,11105776808,667015203.5
2021-11-21 00:00:00 UTC,1.674115802,11522234127,630936528.2
2021-11-22 00:00:00 UTC,1.617630885,11161692733,474734003.3
2021-11-23 00:00:00 UTC,1.560913102,10727662384,612650422.3
2021-11-24 00:00:00 UTC,1.756807773,12057215751,945784189.4
2021-11-25 00:00:00 UTC,1.69326044,11654226085,1132149654
2021-11-26 00:00:00 UTC,1.913426276,13134037215,1521105217
2021-11-27 00:00:00 UTC,1.63853989,11242120224,1536856084
2021-11-28 00:00:00 UTC,1.606019169,11008236155,685510512.5
2021-11-29 00:00:00 UTC,1.649535836,11342978090,777867060.3
2021-11-30 00:00:00 UTC,1.816854657,12513292822,914802944
2021-12-01 00:00:00 UTC,1.788589641,12347540712,1237372771
2021-12-02 00:00:00 UTC,2.014598303,13854636685,2158555695
2021-12-03 00:00:00 UTC,2.126812222,14627840223,3167108747
2021-12-04 00:00:00 UTC,2.285127162,15756624950,3890063143
2021-12-05 00:00:00 UTC,1.971899641,13462273253,3853578270
2021-12-06 00:00:00 UTC,2.019062574,13844064279,2804950948
2021-12-07 00:00:00 UTC,2.271002737,15623283141,3813868724
2021-12-08 00:00:00 UTC,2.371110853,16322224893,4138945205
2021-12-09 00:00:00 UTC,2.420973913,16602794674,3797939355
2021-12-10 00:00:00 UTC,2.099510707,14612154448,3018083199
2021-12-11 00:00:00 UTC,2.090222708,14477902161,2755667094
2021-12-12 00:00:00 UTC,2.128040082,14661513499,1667003316
2021-12-13 00:00:00 UTC,2.084869987,14305252376,1086496631
2021-12-14 00:00:00 UTC,1.814001662,12472579416,1782335566
2021-12-15 00:00:00 UTC,1.936036413,13231285685,1691049904
2021-12-16 00:00:00 UTC,2.125052845,14550346856,2703718559
2021-12-17 00:00:00 UTC,2.079372421,14237108767,1810769563
2021-12-18 00:00:00 UTC,2.132009433,14643697869,1722320609
2021-12-19 00:00:00 UTC,2.231705884,15351245541,1609788464
2021-12-20 00:00:00 UTC,2.230046221,15433858854,1288536629
2021-12-21 00:00:00 UTC,2.144879231,14873025102,1453123283
2021-12-22 00:00:00 UTC,2.370653698,16237783575,1814671546
2021-12-23 00:00:00 UTC,2.509826474,17315460532,2724221989
2021-12-24 00:00:00 UTC,2.676916097,18332697692,3050169715
2021-12-25 00:00:00 UTC,2.463422912,16927823312,1648360281
2021-12-26 00:00:00 UTC,2.643760205,18230317297,1303093441
2021-12-27 00:00:00 UTC,2.881711605,19751224363,2504281799
2021-12-28 00:00:00 UTC,2.735292891,18897650075,1657927183
2021-12-29 00:00:00 UTC,2.507835321,17338976291,2282218909
2021-12-30 00:00:00 UTC,2.477473333,16907462211,2002370442
2021-12-31 00:00:00 UTC,2.55284889,17502252399,1598156998
2022-01-01 00:00:00 UTC,2.529464565,17486345321,1473032171
2022-01-02 00:00:00 UTC,2.582126353,17670437194,901565380.2
2022-01-03 00:00:00 UTC,2.54757908,17513860665,845096219.1
2022-01-04 00:00:00 UTC,2.437713493,16781301037,1039708966
2022-01-05 00:00:00 UTC,2.373652899,16643210004,1231006376
2022-01-06 00:00:00 UTC,2.196618056,15200752174,1565734159
2022-01-07 00:00:00 UTC,2.253219259,15527120821,1673500246
2022-01-08 00:00:00 UTC,2.058653014,14207797227,1612782708
2022-01-09 00:00:00 UTC,1.996406628,13787338576,1142035789
2022-01-10 00:00:00 UTC,2.114208281,14473242835,959913993.4
2022-01-11 00:00:00 UTC,2.069808114,14227533630,1313466332
2022-01-12 00:00:00 UTC,2.351619318,16181726374,1836928439
2022-01-13 00:00:00 UTC,2.390803296,16399883175,1585527381
2022-01-14 00:00:00 UTC,2.270561221,15693210069,1292660032
2022-01-15 00:00:00 UTC,2.338915287,16023458732,1124945150
2022-01-16 00:00:00 UTC,2.355569195,16187585366,827109143.5
2022-01-17 00:00:00 UTC,2.328501012,15979288472,729386494.3
2022-01-18 00:00:00 UTC,2.223008537,15269599831,1393207153
2022-01-19 00:00:00 UTC,2.130911137,14682491878,1259020744
2022-01-20 00:00:00 UTC,2.038796081,14053534169,1125646615
2022-01-21 00:00:00 UTC,1.957836737,13539218263,1174166291
2022-01-22 00:00:00 UTC,1.701186037,11716106505,2012752736
2022-01-23 00:00:00 UTC,1.531601078,10517158352,2097932010
2022-01-24 00:00:00 UTC,1.612003981,11018775903,1224532373
2022-01-25 00:00:00 UTC,1.50839028,10392588967,1858804227
2022-01-26 00:00:00 UTC,1.567990135,10763083223,1277296575
2022-01-27 00:00:00 UTC,1.592320278,10919351115,1911424364
2022-01-28 00:00:00 UTC,1.589277429,10904016052,1367357229
2022-01-29 00:00:00 UTC,1.682473606,11553763634,1224155931
2022-01-30 00:00:00 UTC,1.697122032,11613455324,784156766.6
2022-01-31 00:00:00 UTC,1.605898377,11026480578,757782272.5
2022-02-01 00:00:00 UTC,1.64498184,11256659491,826611401.9
2022-02-02 00:00:00 UTC,1.649155341,11338292671,832590046.9
2022-02-03 00:00:00 UTC,1.541273373,10592564836,741520777.4
2022-02-04 00:00:00 UTC,1.545571284,10592889948,718579529.4
2022-02-05 00:00:00 UTC,1.685380628,11558397160,856251257.4
2022-02-06 00:00:00 UTC,1.719699175,11837295033,840234859.4
2022-02-07 00:00:00 UTC,1.738431551,11924578527,653845781.1
2022-02-08 00:00:00 UTC,2.027352413,13909341157,1830370701
2022-02-09 00:00:00 UTC,1.949419326,13407224220,1536446974
2022-02-10 00:00:00 UTC,2.050122545,14122089978,1296136607
2022-02-11 00:00:00 UTC,1.898218734,13047666286,1482202636
2022-02-12 00:00:00 UTC,1.715479469,11778503269,1382271160
2022-02-13 00:00:00 UTC,1.692811255,11625732032,874825121.9
2022-02-14 00:00:00 UTC,1.671858841,11504708863,644227753.4
2022-02-15 00:00:00 UTC,1.659554336,11433641384,905500990.3
2022-02-16 00:00:00 UTC,1.861085606,12849548179,1060112924
2022-02-17 00:00:00 UTC,1.84064298,12717293422,1031104803
2022-02-18 00:00:00 UTC,1.661642711,11423928294,962005468.1
2022-02-19 00:00:00 UTC,1.596546086,11020292950,871159458.5
2022-02-20 00:00:00 UTC,1.631643763,11190615608,625829577.2
2022-02-21 00:00:00 UTC,1.516305131,10522072336,754141140.6
2022-02-22 00:00:00 UTC,1.408624416,9713678647,1238057575
2022-02-23 00:00:00 UTC,1.463944037,10088262986,1069252970
2022-02-24 00:00:00 UTC,1.448195237,9946003417,1157637511
2022-02-25 00:00:00 UTC,1.439329985,9885807671,1990645465
2022-02-26 00:00:00 UTC,1.556227697,10707626663,1238021462
2022-02-27 00:00:00 UTC,1.510890237,10378425851,791804114.7
2022-02-28 00:00:00 UTC,1.453485398,9957328551,856622640.7
2022-03-01 00:00:00 UTC,1.610558483,11035100527,1105856067
2022-03-02 00:00:00 UTC,1.623493747,11149465670,1249640626
2022-03-03 00:00:00 UTC,1.635983272,11239527012,1158326816
2022-03-04 00:00:00 UTC,1.584502338,10904554509,1231738105
2022-03-05 00:00:00 UTC,1.473417809,10163921687,1247749647
2022-03-06 00:00:00 UTC,1.510329756,10356911461,972441883.2
2022-03-07 00:00:00 UTC,1.440136355,9882264012,957904524.1
2022-03-08 00:00:00 UTC,1.417468791,9745499650,1242025025
2022-03-09 00:00:00 UTC,1.444158686,9935355716,1181152035
2022-03-10 00:00:00 UTC,1.506667319,10353681356,1283941022
2022-03-11 00:00:00 UTC,1.440356834,9888458842,1201616435
2022-03-12 00:00:00 UTC,1.407434358,9704909544,757380812.3
2022-03-13 00:00:00 UTC,1.398539512,9632014380,401771318.8
2022-03-14 00:00:00 UTC,1.363811023,9349667862,361668911.2
2022-03-15 00:00:00 UTC,1.37856335,9447541297,615529227.7
2022-03-16 00:00:00 UTC,1.38049291,9508814845,538198754.4
2022-03-17 00:00:00 UTC,1.467682835,9984538248,682429984
2022-03-18 00:00:00 UTC,1.449989585,9967222365,535853724.6
2022-03-19 00:00:00 UTC,1.500686575,10322675308,540856944.4
2022-03-20 00:00:00 UTC,1.526244239,10484554279,526773333.2
2022-03-21 00:00:00 UTC,1.464068224,10075285754,428921894.7
2022-03-22 00:00:00 UTC,1.466245056,10063226770,467915951.8
2022-03-23 00:00:00 UTC,1.505892407,10339425167,584427913.6
2022-03-24 00:00:00 UTC,1.55446508,10680221042,581086517.9
2022-03-25 00:00:00 UTC,1.62899961,11198226602,772819488.6
2022-03-26 00:00:00 UTC,1.578970472,10867692233,699044668.5
2022-03-27 00:00:00 UTC,1.609113605,11083688051,434047210
2022-03-28 00:00:00 UTC,1.691248055,11611983801,575455794.7
2022-03-29 00:00:00 UTC,1.657857093,11490538539,795308146.6
2022-03-30 00:00:00 UTC,1.673703792,11481806388,772381037.1
2022-03-31 00:00:00 UTC,1.683958239,11596193021,769173719.4
2022-04-01 00:00:00 UTC,1.617969724,11093895130,859132931.2
2022-04-02 00:00:00 UTC,1.694071456,11621677576,815818644.7
2022-04-03 00:00:00 UTC,1.652670998,11417684078,675538480
2022-04-04 00:00:00 UTC,1.689050438,11603592975,574375495.1
2022-04-05 00:00:00 UTC,1.649586684,11324415698,600783977.7
2022-04-06 00:00:00 UTC,1.592686228,10967130280,545558224.4
2022-04-07 00:00:00 UTC,1.458249933,10061728981,812952829.2
2022-04-08 00:00:00 UTC,1.513390385,10409621379,619723630.1
2022-04-09 00:00:00 UTC,1.435721652,9813486207,556074078.9
2022-04-10 00:00:00 UTC,1.465100133,10076900013,379334559
2022-04-11 00:00:00 UTC,1.432359147,9898004487,328863937.7
2022-04-12 00:00:00 UTC,1.333445449,9176899513,601166598.5
2022-04-13 00:00:00 UTC,1.394534019,9584479145,773182242.9
2022-04-14 00:00:00 UTC,1.422467534,9782060333,606577963
2022-04-15 00:00:00 UTC,1.374044005,9449433346,583205463.1
2022-04-16 00:00:00 UTC,1.396832052,9596445690,359468034.1
2022-04-17 00:00:00 UTC,1.391736615,9576863010,264674666.3
2022-04-18 00:00:00 UTC,1.338842586,9201028260,282771795.7
2022-04-19 00:00:00 UTC,1.424277006,9771070453,643820561.4
2022-04-20 00:00:00 UTC,1.42759255,9820290386,517228519.8
2022-04-21 00:00:00 UTC,1.418538429,9750765126,546046366.4
2022-04-22 00:00:00 UTC,1.380519232,9477491240,602080218.8
2022-04-23 00:00:00 UTC,1.399413582,9617251028,1135720272
2022-04-24 00:00:00 UTC,1.366199109,9399762370,451299536.2
2022-04-25 00:00:00 UTC,1.343245482,9264903716,379225603.1
2022-04-26 00:00:00 UTC,1.353480145,9300396707,655748353.1
2022-04-27 00:00:00 UTC,1.242774184,8512194353,532313339.5
2022-04-28 00:00:00 UTC,1.257505502,8637659302,478611677.6
2022-04-29 00:00:00 UTC,1.238212552,8490435103,421890229.1
2022-04-30 00:00:00 UTC,1.140586541,7860500996,590817901.4
2022-05-01 00:00:00 UTC,1.040167306,7104638793,527470696.9
2022-05-02 00:00:00 UTC,1.101893814,7579995720,687161357.6
2022-05-03 00:00:00 UTC,1.077159282,7388717183,654214298.7
2022-05-04 00:00:00 UTC,1.075904034,7390559745,490318489.8
2022-05-05 00:00:00 UTC,1.171323816,8030355471,668850015.2
2022-05-06 00:00:00 UTC,1.065847369,7314940090,638399466.3
2022-05-07 00:00:00 UTC,1.044083448,7187279644,649216084.5
2022-05-08 00:00:00 UTC,1.021629041,7041795696,529716455.7
2022-05-09 00:00:00 UTC,0.973523791,6696374329,484340946
2022-05-10 00:00:00 UTC,0.825945409,5684212092,966588420.2
2022-05-11 00:00:00 UTC,0.890781448,6106093771,1523427585
2022-05-12 00:00:00 UTC,0.663946789,4278135544,1869353657
2022-05-13 00:00:00 UTC,0.601768059,4154826689,1123279237
2022-05-14 00:00:00 UTC,0.665376645,4585487677,865464960.4
2022-05-15 00:00:00 UTC,0.687053505,4716401935,568603150.7
2022-05-16 00:00:00 UTC,0.735780124,5036766007,459856541.9
2022-05-17 00:00:00 UTC,0.676023782,4654880112,525639050.7
2022-05-18 00:00:00 UTC,0.729033129,5026948744,571446482.9
2022-05-19 00:00:00 UTC,0.626458602,4323957132,466957355.6
2022-05-20 00:00:00 UTC,0.662317564,4554366761,525568543.9
2022-05-21 00:00:00 UTC,0.636165385,4379667798,379578756.5
2022-05-22 00:00:00 UTC,0.649914168,4475487697,247634845.4
2022-05-23 00:00:00 UTC,0.678902838,4668514225,289040355.8
2022-05-24 00:00:00 UTC,0.641022753,4409807572,437056652.8
2022-05-25 00:00:00 UTC,0.660876516,4536429896,425161291.6
2022-05-26 00:00:00 UTC,0.647959689,4451830830,355951261.6
2022-05-27 00:00:00 UTC,0.601805745,4142648729,559324525.8
2022-05-28 00:00:00 UTC,0.574299618,3940247375,502314601.8
2022-05-29 00:00:00 UTC,0.588398879,4054417495,269130656.4
2022-05-30 00:00:00 UTC,0.598910817,4115308343,244872519
2022-05-31 00:00:00 UTC,0.657809429,4511365813,416050096.5
2022-06-01 00:00:00 UTC,0.662650672,4554325283,475891135.1
2022-06-02 00:00:00 UTC,0.602880561,4144902805,426407484.1
2022-06-03 00:00:00 UTC,0.61936667,4261946678,336802526.7
2022-06-04 00:00:00 UTC,0.589892343,4038312449,259206843.8
2022-06-05 00:00:00 UTC,0.596520248,4085701249,170980602.2
2022-06-06 00:00:00 UTC,0.598049043,4118430532,179276240.6
2022-06-07 00:00:00 UTC,0.632232736,4351837741,356466816.7
2022-06-08 00:00:00 UTC,0.618040257,4263393048,317985345.9
2022-06-09 00:00:00 UTC,0.607002367,4172612954,288846128.1
2022-06-10 00:00:00 UTC,0.632801306,4345939949,265657500.8
2022-06-11 00:00:00 UTC,0.594644384,4087062146,438202138.1
2022-06-12 00:00:00 UTC,0.538399435,3696949485,342612381.1
2022-06-13 00:00:00 UTC,0.505202448,3483870740,366943365.3
2022-06-14 00:00:00 UTC,0.427528781,2901527879,739606134.9
2022-06-15 00:00:00 UTC,0.416130575,2859677621,570463469.4
2022-06-16 00:00:00 UTC,0.43569274,2976144053,640345295.8
2022-06-17 00:00:00 UTC,0.382204355,2619796088,400970429.7
2022-06-18 00:00:00 UTC,0.400808003,2757262368,271202802.5
2022-06-19 00:00:00 UTC,0.346859005,2370001610,463036968.7
2022-06-20 00:00:00 UTC,0.382169138,2622846855,441799886.1
2022-06-21 00:00:00 UTC,0.401021497,2756965134,458928430.3
2022-06-22 00:00:00 UTC,0.418173444,2878825722,539366486.5
2022-06-23 00:00:00 UTC,0.458919223,3666199046,676671915.6
2022-06-24 00:00:00 UTC,0.562314712,4548010279,1281559277
2022-06-25 00:00:00 UTC,0.61626188,4878241552,1049081267
2022-06-26 00:00:00 UTC,0.600745625,4798795887,598471149
2022-06-27 00:00:00 UTC,0.564943335,4519546182,459325778
2022-06-28 00:00:00 UTC,0.532266261,4250615231,605919650.6
2022-06-29 00:00:00 UTC,0.510593845,4072971402,705616050.6
2022-06-30 00:00:00 UTC,0.495511457,3966371080,1005500439
2022-07-01 00:00:00 UTC,0.471321169,3689260350,920430142.1
2022-07-02 00:00:00 UTC,0.463442486,3750457769,714040405.6
2022-07-03 00:00:00 UTC,0.494644111,3923070112,464167992.5
2022-07-04 00:00:00 UTC,0.461293857,3696589405,409951261.9
2022-07-05 00:00:00 UTC,0.492870066,3947266950,443254114.8
2022-07-06 00:00:00 UTC,0.511149074,4092200898,889418997.7
2022-07-07 00:00:00 UTC,0.525646532,4208885629,684258059.3
2022-07-08 00:00:00 UTC,0.562759945,4507799759,575323586.4
2022-07-09 00:00:00 UTC,0.611858059,4907093838,918617349.9
2022-07-10 00:00:00 UTC,0.589290574,4715132637,404843100.5
2022-07-11 00:00:00 UTC,0.57120582,4575205399,344233462.1
2022-07-12 00:00:00 UTC,0.564309894,4523838230,631239942.4
2022-07-13 00:00:00 UTC,0.542326127,4381619560,642183018
2022-07-14 00:00:00 UTC,0.63713542,5109391354,948685911.2
2022-07-15 00:00:00 UTC,0.704997405,5673324162,1696874294
2022-07-16 00:00:00 UTC,0.704776058,5651168516,1133893606
2022-07-17 00:00:00 UTC,0.726797396,5810959090,662491425.4
2022-07-18 00:00:00 UTC,0.75385291,6071112236,864672592.8
2022-07-19 00:00:00 UTC,0.959536189,7652866037,2458672616
2022-07-20 00:00:00 UTC,0.925175067,7391064792,1329365984
2022-07-21 00:00:00 UTC,0.836451931,6736795824,1402500308
2022-07-22 00:00:00 UTC,0.908114691,7292411413,1538484392
2022-07-23 00:00:00 UTC,0.85371633,6824184490,999669023.2
2022-07-24 00:00:00 UTC,0.878546027,7039160045,658554964.2
2022-07-25 00:00:00 UTC,0.886166587,7115760937,682972237.8
2022-07-26 00:00:00 UTC,0.778916572,6320441009,846735708
2022-07-27 00:00:00 UTC,0.778634963,6198187942,747019777.6
2022-07-28 00:00:00 UTC,0.892751693,7116221722,1202517515
2022-07-29 00:00:00 UTC,0.937040402,7491088980,1740818378
2022-07-30 00:00:00 UTC,0.943484725,7633318477,1310322488
2022-07-31 00:00:00 UTC,0.92989091,7433846135,753963332.6
2022-08-01 00:00:00 UTC,0.930151943,7457474067,919699920.5
2022-08-02 00:00:00 UTC,0.896491815,6668485780,685563111.7
2022-08-03 00:00:00 UTC,0.883504539,6620524507,686570660.1
2022-08-04 00:00:00 UTC,0.889551291,6588769612,505223917.8
2022-08-05 00:00:00 UTC,0.894417285,6640591265,422079968.9
2022-08-06 00:00:00 UTC,0.927408054,6890164348,524599028.2
2022-08-07 00:00:00 UTC,0.908714272,6768766411,324828392.3
2022-08-08 00:00:00 UTC,0.908351149,6755218292,250570359
2022-08-09 00:00:00 UTC,0.923447474,6871763920,443970926.1
2022-08-10 00:00:00 UTC,0.886911923,6600739899,3368897070
2022-08-11 00:00:00 UTC,0.938742002,6983805578,456059499.7
2022-08-12 00:00:00 UTC,0.92212874,6853167615,421476950.6
2022-08-13 00:00:00 UTC,0.935150309,6953125558,292383974
2022-08-14 00:00:00 UTC,1.026575131,7632432132,919659138.8
2022-08-15 00:00:00 UTC,1.001808763,7455491486,567962035.1
2022-08-16 00:00:00 UTC,0.954827517,7095440285,526625660.3
2022-08-17 00:00:00 UTC,0.937897042,6969140498,400687789.9
2022-08-18 00:00:00 UTC,0.885642491,6581323410,464627017.2
2022-08-19 00:00:00 UTC,0.861605248,6430890360,373205324.3
2022-08-20 00:00:00 UTC,0.774687891,5751799999,685105426.2
2022-08-21 00:00:00 UTC,0.788178007,5859970335,490927194.4
2022-08-22 00:00:00 UTC,0.823597486,6134612490,389520150.6
2022-08-23 00:00:00 UTC,0.81012276,6018906496,361304920.4